{
  "analysisCompleteness": "partial",
  "applicationObservationVersion": 4,
  "applicationTerm": "BinderFixture.use x y ?h ?k",
  "artifacts": [
    {
      "artifactId": "sha256:589e4fc30b58f5d88939835457a927f3395158b5cb5749396b9089037379ebec",
      "artifactKind": "proofir.environment",
      "coverage": {
        "bounds": {
          "maxCandidates": 1
        },
        "decoded": 0,
        "discovered": 0,
        "expected": 0,
        "omitted": [],
        "population": {
          "kind": "worker-result-subjects",
          "selector": {}
        },
        "projected": 0,
        "queryMatched": 0,
        "status": "complete",
        "universeKnown": true,
        "valid": 0
      },
      "environmentRef": "sha256:7490532aa497994bab6996967a8de81bad3bc20317d887784b63bde6f8a37962",
      "extensions": {},
      "limitations": [],
      "payload": {
        "compiledModules": [
          {
            "digest": "sha256:2a0011148c76209af1f2db73564b35f6ce5ca0f194ffa698713ca3ce7a8d7dc1",
            "module": "BinderFixture"
          },
          {
            "digest": "sha256:c4c1e926440671272a11cd69da5420ec4186cd2b5c1f3ddd623ff892f5e95732",
            "module": "Init"
          },
          {
            "digest": "sha256:46c6501b4f6225933ccedc786a798e63fe3452c470f259c33a7ec447c09057a4",
            "module": "Init.BinderNameHint"
          },
          {
            "digest": "sha256:8385799b90f002a01ecd21bbb24e34faf614ead9f0316e6caa5601218d7ed582",
            "module": "Init.BinderPredicates"
          },
          {
            "digest": "sha256:7758743c9611565b6500ce07673c895ab654cc73454e2e8743b4665080596764",
            "module": "Init.ByCases"
          },
          {
            "digest": "sha256:9a482f888d826c1aa3df0df567786772bf9c35f7afc5f3d9ead15cf698fce5e4",
            "module": "Init.CbvSimproc"
          },
          {
            "digest": "sha256:fcd5cbaef370d50ac9e2202662c523168fe3e54a10585df177d5a975844372be",
            "module": "Init.Classical"
          },
          {
            "digest": "sha256:466d72f154cd901390b5ee33f2fcdaccbd485f16f635877bf9e26b032293f823",
            "module": "Init.Coe"
          },
          {
            "digest": "sha256:83022d14627fe293c1348a94b8298f91d2c7207e311ec9914ce46bb8fc5c3cdb",
            "module": "Init.Control"
          },
          {
            "digest": "sha256:85762e07ff41e2084b8a577134acca9c36404152d081fd16a91e3f7bc025dd27",
            "module": "Init.Control.Basic"
          },
          {
            "digest": "sha256:8d9076fe9ce40f2af192167d8b9b603ffee995007f948f3a3265e8cf81779cbf",
            "module": "Init.Control.Do"
          },
          {
            "digest": "sha256:36d4f483a90ccfcc3917bb6a8040d468f6a79900c823ceb92296a608d8094d20",
            "module": "Init.Control.EState"
          },
          {
            "digest": "sha256:47b52e7207eeb7986a63e2b0eed51feb794199ecfb70942e95c9a65fd92a0fdc",
            "module": "Init.Control.Except"
          },
          {
            "digest": "sha256:33d8155d1c8f4bf9df2c1a7023f07b6c448f8b0f2943a3fcd554f6c1fb26e170",
            "module": "Init.Control.ExceptCps"
          },
          {
            "digest": "sha256:3ca5977e9231a1ed1dc3c90e2597492079aecb472ad70d71506b071f187fc258",
            "module": "Init.Control.Id"
          },
          {
            "digest": "sha256:2f30f64047002cff3206c306ecaa722a6f8d7502d433cfd9f5a6e489dda0249d",
            "module": "Init.Control.Lawful"
          },
          {
            "digest": "sha256:3980322576bd2709d7e998bf6fc7399d3d840ffbcd9b005c089ee11e831a0789",
            "module": "Init.Control.Lawful.Basic"
          },
          {
            "digest": "sha256:873ddeefc95593dd3e1b4db88be65cef5b946b7ec486e72c3ff504c9d5567584",
            "module": "Init.Control.Lawful.Instances"
          },
          {
            "digest": "sha256:c95b04c64a09c1123f2e1679044d9474142c6ffa00fda5a96a876b136b352b17",
            "module": "Init.Control.Lawful.Lemmas"
          },
          {
            "digest": "sha256:901bf4de45b52e33d8e15ab5a97ded7486b3756190b243d52445aa636307907a",
            "module": "Init.Control.Lawful.MonadAttach"
          },
          {
            "digest": "sha256:e47cd3cf89abd1f86d3989af1934bdffa347fe5b2a7dcee087ef64ab88f8bc7a",
            "module": "Init.Control.Lawful.MonadAttach.Instances"
          },
          {
            "digest": "sha256:9e153e6f5f0303459f2e343f2a8b8d07462da0b3a8f833129c2effa5a149f80a",
            "module": "Init.Control.Lawful.MonadAttach.Lemmas"
          },
          {
            "digest": "sha256:ad31b28452097551b8eec99dde1206764e4994d6c758ae342078a59e787a5ac4",
            "module": "Init.Control.Lawful.MonadLift"
          },
          {
            "digest": "sha256:c068912c21d9b19ce1289407d10371ac9c4cce7263e6922e6250601805f57546",
            "module": "Init.Control.Lawful.MonadLift.Basic"
          },
          {
            "digest": "sha256:268b47990f174b5693cbfaba45bfc4c493c74e3dde84d65a6d0e24ef6d712969",
            "module": "Init.Control.Lawful.MonadLift.Instances"
          },
          {
            "digest": "sha256:2dd2c0166b8dd63686b71bc169d05818a76806337c3604a99089472f1ffe5a9a",
            "module": "Init.Control.Lawful.MonadLift.Lemmas"
          },
          {
            "digest": "sha256:d8d62859a9f2619b3375f0bc6924d3c5322035a4e3e651526ba9c6ec04fd3007",
            "module": "Init.Control.MonadAttach"
          },
          {
            "digest": "sha256:cbaea87acec931d6cfb19a2a32611b03ccad669abe160bea1470e026fd54bd4a",
            "module": "Init.Control.Option"
          },
          {
            "digest": "sha256:6a343d576957c9584278e12175d15fbac92638093ead1f80d704b27c36d016d4",
            "module": "Init.Control.Reader"
          },
          {
            "digest": "sha256:e057d47cfeca7134987ceaf540600f1dc604bb40a59479b02445e8c7aad170b8",
            "module": "Init.Control.State"
          },
          {
            "digest": "sha256:226f7bb19cc3f19ac0419cec556da973416d58eeffabb3dff5f63ed26ca99c8d",
            "module": "Init.Control.StateCps"
          },
          {
            "digest": "sha256:40adc820f921d58d7467f6833ecb95d96e1d953e42c80554bf360bc577cd1f9a",
            "module": "Init.Control.StateRef"
          },
          {
            "digest": "sha256:b4fd2018a2732bfc7146cfc1a1f88724bcbd5c7a30a75157d270a5646959e41e",
            "module": "Init.Conv"
          },
          {
            "digest": "sha256:ec52c32101aaa86d915f8c48eefe14763292453eb2f6f01a02dae57666e9e739",
            "module": "Init.Core"
          },
          {
            "digest": "sha256:d64953379cc7108e1adb142a5a150e9d8adbca0e43287270db116a0af3f9a9e3",
            "module": "Init.Data"
          },
          {
            "digest": "sha256:e3ef85bb3314d74146617cbc0ddb687c98a4f043d40cfa4388489398c260d778",
            "module": "Init.Data.AC"
          },
          {
            "digest": "sha256:52470f66e140d511c108a58c436907dc5805b8150764c2b75efe0e4d008d4e87",
            "module": "Init.Data.Array"
          },
          {
            "digest": "sha256:b33064d9b673e0bbcb0227e41b9092760fe37e43e798d99e6321d6a03d1ae906",
            "module": "Init.Data.Array.Attach"
          },
          {
            "digest": "sha256:4563652831363ec99c8ebed4edb1e7f6d0dbd41dcd01ae2dc636fedfd5e52267",
            "module": "Init.Data.Array.Basic"
          },
          {
            "digest": "sha256:959b65aac45c2f7a5405c4ddcc7fe47e2c976dc8ae6e82848f6c186e8fa4e08c",
            "module": "Init.Data.Array.BasicAux"
          },
          {
            "digest": "sha256:29edfa617374e04a56f8042bc58012826dfcd92f764c35f8810d63daf047a756",
            "module": "Init.Data.Array.BinSearch"
          },
          {
            "digest": "sha256:b84331da194d8e9e76e3b4d835ee471e01e0777899200561d3fe78cfd4659420",
            "module": "Init.Data.Array.Bootstrap"
          },
          {
            "digest": "sha256:478fbed7703f872b8d8cad76683f103e1e02b484f65bdbb60cf2f7cbc2eab4c4",
            "module": "Init.Data.Array.Count"
          },
          {
            "digest": "sha256:38acdd593efb06e22beaeeae9f1d1c352b8ec391ec91d69b1b4c9b5285a542db",
            "module": "Init.Data.Array.DecidableEq"
          },
          {
            "digest": "sha256:b2a85017a4c1b4de00ef591d76f4b86b0b4845848b4e7a13955d60496428b75f",
            "module": "Init.Data.Array.Erase"
          },
          {
            "digest": "sha256:49ddae2d6b3b8d5fc138360a7027e3ddd6c4ef0fbf26035582139d4101ea8697",
            "module": "Init.Data.Array.Extract"
          },
          {
            "digest": "sha256:1d03e1ecacf4365d25b4f97c8a072f1c4eaef2c3d2100b7f7618002f3aa4fe1f",
            "module": "Init.Data.Array.FinRange"
          },
          {
            "digest": "sha256:d280eb66373988e2b47a3555da17603096951a059cee47ccdaf3c3f3617271ca",
            "module": "Init.Data.Array.Find"
          },
          {
            "digest": "sha256:483d11f159fa8d39f75660bf84c9401748de8f661f63bd78574a01b93a999f5e",
            "module": "Init.Data.Array.GetLit"
          },
          {
            "digest": "sha256:dc13a127ba71a9d089ffbff479f7d1f6e4ce533c28b7d938bbcc24b863072fbd",
            "module": "Init.Data.Array.InsertIdx"
          },
          {
            "digest": "sha256:72a736fdc0f65be9a9810a041ba276621087b58451c3d0a9f7f4da5477891be3",
            "module": "Init.Data.Array.InsertionSort"
          },
          {
            "digest": "sha256:d8a862e887e2280e9fa9c7317c9ae0c5bf55aa8b40c6ab01da2e5b482ce9061b",
            "module": "Init.Data.Array.Int"
          },
          {
            "digest": "sha256:b457f8ba46d313a1461e7aaa6f46b0979d30acf6bc0ae010f886cc9f073138fc",
            "module": "Init.Data.Array.Lemmas"
          },
          {
            "digest": "sha256:8e8adab3733bb1594c765c6428ac1dbdedba4a7ea629b641cbb754d0ba3aa61e",
            "module": "Init.Data.Array.Lex"
          },
          {
            "digest": "sha256:e100919121a3bb62e6fb5084bd4fa296d850f58ee83c1cced98236d28f22c9cd",
            "module": "Init.Data.Array.Lex.Basic"
          },
          {
            "digest": "sha256:5ced738507bc1c01bf8e9039b8d6a2d2adb4d4c61d1dbd2cb7e27771fda76079",
            "module": "Init.Data.Array.Lex.Lemmas"
          },
          {
            "digest": "sha256:e7b8c505b00eb15e2a0465f0af575ca32fd05b670c33d75e751de80f9cffc22d",
            "module": "Init.Data.Array.MapIdx"
          },
          {
            "digest": "sha256:705afaf42ecf8d14872bf485721e8fb0d85c2090c2d0d2a6b834587890468da6",
            "module": "Init.Data.Array.Mem"
          },
          {
            "digest": "sha256:5400410acaadaf58233937c022e264b0c82e5dce7cbe7e503d30f7f8885579c4",
            "module": "Init.Data.Array.MinMax"
          },
          {
            "digest": "sha256:ee86aee6899de574c4317004d9e17110f196e4bd7d25a09ce44defb05e8e217b",
            "module": "Init.Data.Array.Monadic"
          },
          {
            "digest": "sha256:399f9e03cfaa15295a06417fe82b4b0a7c96c5c501f6b72bafef25c88173d797",
            "module": "Init.Data.Array.Nat"
          },
          {
            "digest": "sha256:28c6551d8895629e4db198ab7e092898e1a33eef329032666ea9436b6f32116f",
            "module": "Init.Data.Array.OfFn"
          },
          {
            "digest": "sha256:a4a1b89c64cb7df93b1a77b91e1fb0e071600914bbd0620801944ed1bcf1f071",
            "module": "Init.Data.Array.Perm"
          },
          {
            "digest": "sha256:fd659b6cbffc66cef584d0b7776e6571968eb0e02a5c0d5b08cceabd3c0a9048",
            "module": "Init.Data.Array.QSort"
          },
          {
            "digest": "sha256:79c0f25e62bb7da118ad0cfcdee507e1cdcd272525445192be5647202b6b443b",
            "module": "Init.Data.Array.QSort.Basic"
          },
          {
            "digest": "sha256:ceebdb0739b50fc02beaa423a96c6b71592ae362c4f31de2b9a25c2fed3757eb",
            "module": "Init.Data.Array.Range"
          },
          {
            "digest": "sha256:60d65ec4f07e00c3b7b575093190e41958996561ff0ed5b53d38921700fd2dc5",
            "module": "Init.Data.Array.Set"
          },
          {
            "digest": "sha256:e23084104c1f8b581acdc0d77d3f7b4d9c60514b6a4e1556e621ec9fa3007b52",
            "module": "Init.Data.Array.Sort"
          },
          {
            "digest": "sha256:182b54cd03624d5d2365675fef31c3624391c1851085876a9d34f6677b5a5352",
            "module": "Init.Data.Array.Sort.Basic"
          },
          {
            "digest": "sha256:eee9a3e13914f34574c3960775f0d435e299be23eefa5eb712f0e710f34ccef1",
            "module": "Init.Data.Array.Sort.Lemmas"
          },
          {
            "digest": "sha256:bbe53b117bdd7aed7fda9bff5dc277a8c961960a2067fdd89b3ea9f758fa389b",
            "module": "Init.Data.Array.Subarray"
          },
          {
            "digest": "sha256:8e6486afd3422b4c093337f22ff5a7cd4d1f7877d38ffe7950421f2f8140fc6f",
            "module": "Init.Data.Array.Subarray.Split"
          },
          {
            "digest": "sha256:8c803396a0ceb9cae2765f90a6fd6bbe8139ddb87c931cfa3b1585dcc694c51a",
            "module": "Init.Data.Array.TakeDrop"
          },
          {
            "digest": "sha256:51ea05119247dce8b0a2c55e2d954d9239b265a38ebfef562aa38bcd892f4b32",
            "module": "Init.Data.Array.Zip"
          },
          {
            "digest": "sha256:451ee8aefef11e57307df05e81e80b9b6a69c334e2dea8432ea1b9df1f34f8fd",
            "module": "Init.Data.BEq"
          },
          {
            "digest": "sha256:20ef1c1e0bb73ba5b3e161b73d0ddb0f9b0d11fbe4557704f74d4befbe01db07",
            "module": "Init.Data.BitVec"
          },
          {
            "digest": "sha256:ff2f649c771b379af3b2724b30aee3327086d82bcb76ae8f2a9915378eaa4d9d",
            "module": "Init.Data.BitVec.Basic"
          },
          {
            "digest": "sha256:9f41a2f2ad82ded680fb36843d4878c462b4711c618184cc58fa1b842583e165",
            "module": "Init.Data.BitVec.BasicAux"
          },
          {
            "digest": "sha256:7b8cdb5917997187fc2dfecca028e39c8f09bf0f83af2adec46b421669edf847",
            "module": "Init.Data.BitVec.Bitblast"
          },
          {
            "digest": "sha256:f87232e700285b60d95a103e7b20c747811f5219826a6877889e198bbd9fb249",
            "module": "Init.Data.BitVec.Bootstrap"
          },
          {
            "digest": "sha256:6c1c6e60ce7209b28fc1ea64a7ed329ee7bd398d9601effb691ae715e7fa95cf",
            "module": "Init.Data.BitVec.Decidable"
          },
          {
            "digest": "sha256:32277059d52db2b2f5368fdcca99a2e740797941b5b30872d6d3543bc8d783d2",
            "module": "Init.Data.BitVec.Folds"
          },
          {
            "digest": "sha256:85b06f4b6a8fc55d74d126ff0985f6d8cf5220073fc6a1ff6c61caf7ebdbebd6",
            "module": "Init.Data.BitVec.Lemmas"
          },
          {
            "digest": "sha256:f6276c6e61211dc5af566ba0a10e2a53875223bcd08b52e979c2723ae8059753",
            "module": "Init.Data.Bool"
          },
          {
            "digest": "sha256:71817cfc864160046bb689a7b4980bf8a45e22ddafb4ba64ef63fa15850ef039",
            "module": "Init.Data.ByteArray"
          },
          {
            "digest": "sha256:1df8321757925f8806936194a7279419ff3054b773a9af175211bab2601ccf4b",
            "module": "Init.Data.ByteArray.Basic"
          },
          {
            "digest": "sha256:e3d45963b74afe6e5a333fe86a215ebabf57e8ea059bfc5cded1378f1a202331",
            "module": "Init.Data.ByteArray.Bootstrap"
          },
          {
            "digest": "sha256:6843f1fe69dc951d76f07b36cac5d7e51bfc139a7510f952014900bf185e0f1a",
            "module": "Init.Data.ByteArray.Extra"
          },
          {
            "digest": "sha256:d126decb99ae1fa9abf39344f74212b05c0c13dcaa27a0fcf8372e19e5c939c0",
            "module": "Init.Data.ByteArray.Lemmas"
          },
          {
            "digest": "sha256:9f201b4cf38ed9c80cf7736b5f927e51f269703739e140cad27ddfaa73806e32",
            "module": "Init.Data.Cast"
          },
          {
            "digest": "sha256:ed5a0444d5379b0c47368c4412ff2ef272290f18be95c3dc95ef4f45e2549481",
            "module": "Init.Data.Char"
          },
          {
            "digest": "sha256:f456d2683b3943ff08e125ae005bb0d62c400f2b2d28dc52011534f8702e9c6c",
            "module": "Init.Data.Char.Basic"
          },
          {
            "digest": "sha256:ba48ff379d302830ccf0785c33ed7ebe2f1ad235a48f430a2ba4b0cb92b9bad3",
            "module": "Init.Data.Char.Lemmas"
          },
          {
            "digest": "sha256:4762c91718b6fe0d7a0f83c93860d5ea5dfc0441f8f7a21c0699eb22941c2d3f",
            "module": "Init.Data.Char.Order"
          },
          {
            "digest": "sha256:a1a27259aba181bae7deddc004ba92969540645df17f98ad8cbda39708a5d9a6",
            "module": "Init.Data.Char.Ordinal"
          },
          {
            "digest": "sha256:cd0faa9480a047730d18c5210161e542fda27b2bd264d8ef6f7d4cdd4b013b71",
            "module": "Init.Data.Dyadic"
          },
          {
            "digest": "sha256:ae16a9c7adc92a7378b71aec0471f608e151a02d149e0397b284be2b006f9a4c",
            "module": "Init.Data.Dyadic.Basic"
          },
          {
            "digest": "sha256:f131e4951e22540699f15c6eb29d6c7296ba178963d678369648af6e391d120e",
            "module": "Init.Data.Dyadic.Instances"
          },
          {
            "digest": "sha256:d3588382798a07da2d7ee171ad7ce45ff7b1b23d30f6ff335e242666c4048b40",
            "module": "Init.Data.Dyadic.Inv"
          },
          {
            "digest": "sha256:6bd704ac4259d5b91b285bb7ba1b1d6af6a3a17f387ff248fb5e99cbca5e11ad",
            "module": "Init.Data.Dyadic.Round"
          },
          {
            "digest": "sha256:677e9358363934328a012edd5b1a5ff1ad4978c0d2a6f4ac60a16bc3c5176e6b",
            "module": "Init.Data.Fin"
          },
          {
            "digest": "sha256:4227512462515c0e050211ef8d1002e136cef3cfb917166f973d3f9c6ed96614",
            "module": "Init.Data.Fin.Basic"
          },
          {
            "digest": "sha256:040a8e4045668df05f982148e57a492554b4ac20b9c92efc5c3c576e1246e08c",
            "module": "Init.Data.Fin.Bitwise"
          },
          {
            "digest": "sha256:7a1e2b1a63a9f459e8ed54e2c5db9c00e033544a7c7ae4e209ec00bd4be0a231",
            "module": "Init.Data.Fin.Fold"
          },
          {
            "digest": "sha256:88eb2e60aeac905da0b8a171a9bb7642c3fcf8d60a12dac44cced593ff64703f",
            "module": "Init.Data.Fin.Iterate"
          },
          {
            "digest": "sha256:9e8ac0e3e85a36757a0233fb093bdcf5bda14c5e418e2bafa8fe90e06a4ed1f0",
            "module": "Init.Data.Fin.Lemmas"
          },
          {
            "digest": "sha256:62eca207df6a70578e6fba036909aa95fdd588872ff966a6174d90590b1aae91",
            "module": "Init.Data.Fin.Log2"
          },
          {
            "digest": "sha256:e2a99f58f5c074cfa966ad3bfc96fc5f1f93f0bf3f208904a26f214c5b0e35ef",
            "module": "Init.Data.Fin.OverflowAware"
          },
          {
            "digest": "sha256:f83ad993939957b94962ff3e30f2f798f83650a2d7a66061a2e89bb2e13179c0",
            "module": "Init.Data.Float"
          },
          {
            "digest": "sha256:11c0f9464abd95c88e49ba6ce63f94359d445f2add560ae1d552bff84a313552",
            "module": "Init.Data.Float32"
          },
          {
            "digest": "sha256:1b974d176562f31d73501654bc9311d768460a1188334869b3a694a82b05231d",
            "module": "Init.Data.FloatArray"
          },
          {
            "digest": "sha256:839842c48e28364ff264ecefeb3a5136a01345e2439db6134f7e299bd68ff2fc",
            "module": "Init.Data.FloatArray.Basic"
          },
          {
            "digest": "sha256:e3748f7600d61d99705c8ccea97ea0979ee34f6656ea3cf3cca1dd41ce1e606a",
            "module": "Init.Data.Format"
          },
          {
            "digest": "sha256:41843b89f2e7079855ec5ab1544412587719116e1ba9511eb3e92bc47e320c95",
            "module": "Init.Data.Format.Basic"
          },
          {
            "digest": "sha256:8de6fb2db9a71dddf146ea144c9264734e52e33c664bb0edc9cd5336d65af1e6",
            "module": "Init.Data.Format.Instances"
          },
          {
            "digest": "sha256:3a8ab8d293b9ef30aa10e27f8ce3e867b9132db186045185411367894d1a843d",
            "module": "Init.Data.Format.Macro"
          },
          {
            "digest": "sha256:28edefebbc50c4003501459ad48bbd018a9c78e75d202258cab4807b89d4877b",
            "module": "Init.Data.Format.Syntax"
          },
          {
            "digest": "sha256:6e3d63e08785ddccd8d729335c5d972c32a0e9277ebc86e771ce0c78a0b2a8d3",
            "module": "Init.Data.Function"
          },
          {
            "digest": "sha256:31ba04c2099f3e7d20d7e5ee84b8fd181666facb03a86ab54ef42dec78488b9f",
            "module": "Init.Data.Hashable"
          },
          {
            "digest": "sha256:0f89b948a14f61c73de9c2b938112ff08f962dd95a11901bdaf6dcfe693c6806",
            "module": "Init.Data.Int"
          },
          {
            "digest": "sha256:9a838697694182aede0f04c28a56e44aa220521677ccfb81ac42fcac51af60be",
            "module": "Init.Data.Int.Basic"
          },
          {
            "digest": "sha256:4fb10e6ee345e33339ee517f4ba87ba972a4302a15e4f29b92fcabf2fdf375ba",
            "module": "Init.Data.Int.Bitwise"
          },
          {
            "digest": "sha256:927c6ad62dee52792c934691e8a8dde850eb696fe3bd66f658127201c2e987ae",
            "module": "Init.Data.Int.Bitwise.Basic"
          },
          {
            "digest": "sha256:2b33829d527255ad5ef461212c879091f7cbe5673bf0f54b9c48b9b3f77a2d60",
            "module": "Init.Data.Int.Bitwise.Lemmas"
          },
          {
            "digest": "sha256:e2dc5ba3c647fd737eba517fe299c06efa4b8b8648222ceb028d9d8c93192f54",
            "module": "Init.Data.Int.Compare"
          },
          {
            "digest": "sha256:569bc826318bc7aed4e4262176b61b05dff7ac0d3c8f1da583aef256a7913e36",
            "module": "Init.Data.Int.Cooper"
          },
          {
            "digest": "sha256:2793669b26037d8c023c6822613223c4c38a2dd552209288aa5c250a8e1d06fd",
            "module": "Init.Data.Int.DivMod"
          },
          {
            "digest": "sha256:f8fca2256ede26aec3875a6da971553bde2acb0c82de06f47934e31530fea41d",
            "module": "Init.Data.Int.DivMod.Basic"
          },
          {
            "digest": "sha256:59ae5dc3dda299c08339694d2fea31d88118aad988c2a593e33c0a37d7c21a83",
            "module": "Init.Data.Int.DivMod.Bootstrap"
          },
          {
            "digest": "sha256:c3aa5ea64b85a84ba9ea7e5128f19c5d9dd3ec33365b2ef197b5ac1b2f8c23e1",
            "module": "Init.Data.Int.DivMod.Lemmas"
          },
          {
            "digest": "sha256:a3ca9f0dcfcaa5a5d84bb6dfd19a5eae00612d1e175555a4d3ba25b1093be5cd",
            "module": "Init.Data.Int.DivMod.Pow"
          },
          {
            "digest": "sha256:ad1d7e961d3539062a086bd7cc78ec9fe08b9bbe0c2e6188bc28b3c70a29f192",
            "module": "Init.Data.Int.Gcd"
          },
          {
            "digest": "sha256:5297524023fe53a2d036613e22558b1451a34a295ac5962bd1e10a9c9781e521",
            "module": "Init.Data.Int.Lemmas"
          },
          {
            "digest": "sha256:7836ec8ebfd4c4a0675ce28bf2328c7d3539d346d639e33893353a623ed85c4a",
            "module": "Init.Data.Int.LemmasAux"
          },
          {
            "digest": "sha256:6d5429371a1b33999d44b770e39450e84b4d82661e8cef82c6234ae4fc2cc5af",
            "module": "Init.Data.Int.Linear"
          },
          {
            "digest": "sha256:81bbdeba6d0b039f788baa66f76ec1b2454513bb1f32f5023484547b9a4a40cd",
            "module": "Init.Data.Int.OfNat"
          },
          {
            "digest": "sha256:7c187e535a02f78f07ebefb1a3f13c15bd6e04832d111ba45cbf5a19bacb2151",
            "module": "Init.Data.Int.Order"
          },
          {
            "digest": "sha256:e3ffaf167b2b676cf4c36f6ab23ac09ea66063f6825c51806d7fb2a90b5c10d9",
            "module": "Init.Data.Int.Pow"
          },
          {
            "digest": "sha256:512a4e3a7fbdfe05195708067e0f025cede0ed905863cfb63fe02eb300f9b6f5",
            "module": "Init.Data.Int.Repr"
          },
          {
            "digest": "sha256:cda5da32bc379fb9d006cbbe8c3eb66fd420e8dc9905b50d81a697ff064968de",
            "module": "Init.Data.Int.ToString"
          },
          {
            "digest": "sha256:a7bacc76e758e577959df51be254c8c22b92551600ca5610231c88489275522d",
            "module": "Init.Data.Iterators"
          },
          {
            "digest": "sha256:07a1319aff3e0d2591f7326a5c36d4a175c637e664d49533eb5b1f844c6e9e17",
            "module": "Init.Data.Iterators.Basic"
          },
          {
            "digest": "sha256:fba4e46f1ce1264670dcb9d4c3265f3bd46e2bf68dc9efc7230607a3b3044412",
            "module": "Init.Data.Iterators.Combinators"
          },
          {
            "digest": "sha256:3e2b3f5c59355aa6c851d3b51be2af56c07640def2f9c6f27a69c22e7124026d",
            "module": "Init.Data.Iterators.Combinators.Append"
          },
          {
            "digest": "sha256:20ac1c1537543642aa7c79c4e1f89b1c43bdb1e5997b582a66705806c1d00e27",
            "module": "Init.Data.Iterators.Combinators.Attach"
          },
          {
            "digest": "sha256:0e5e7224a56225387d22d795222df857a13ea9153eb48de8fa98848950a8347b",
            "module": "Init.Data.Iterators.Combinators.FilterMap"
          },
          {
            "digest": "sha256:01f393f7a2495b53a2464cb874212726d88d4c5626ba8d6985445a6a895c6d0d",
            "module": "Init.Data.Iterators.Combinators.FlatMap"
          },
          {
            "digest": "sha256:09bd81234684be65be540b265c90aa5a6425192794e2345c0660617e635b53a9",
            "module": "Init.Data.Iterators.Combinators.Monadic"
          },
          {
            "digest": "sha256:220de76a8e86b66385764a3ad23886b3dfb055d58f535e73f2da7269391fe0c0",
            "module": "Init.Data.Iterators.Combinators.Monadic.Append"
          },
          {
            "digest": "sha256:452ed8e26d856307077cad89e83f7e6ff02fcb05e4250834d420d7525ee58e8c",
            "module": "Init.Data.Iterators.Combinators.Monadic.Attach"
          },
          {
            "digest": "sha256:7b2c6dc191531a6aca79e137ef392595723d000640dfbd7d353ef98fb04b0015",
            "module": "Init.Data.Iterators.Combinators.Monadic.FilterMap"
          },
          {
            "digest": "sha256:c94d961250063c532e334beb21c56e4085d3bafd1823b9b167c694132837c0e9",
            "module": "Init.Data.Iterators.Combinators.Monadic.FlatMap"
          },
          {
            "digest": "sha256:a7d166e58593d9fd82999f40d1e0aa855efdebe092cb744ec1311ef8362feeab",
            "module": "Init.Data.Iterators.Combinators.Monadic.Take"
          },
          {
            "digest": "sha256:2fc59a134a3466fa1a6ca41fb993068eb02803e51cbceab0a35e00ad5c900707",
            "module": "Init.Data.Iterators.Combinators.Monadic.ULift"
          },
          {
            "digest": "sha256:5a5ee6b647067fc0c3413dfa1433429d1cc57076320f0100cdeacd8feb910d8c",
            "module": "Init.Data.Iterators.Combinators.Take"
          },
          {
            "digest": "sha256:2dace029eed4b562055ac801ca0d3face32fa6dd4e89aa9c75449756a4aefb7f",
            "module": "Init.Data.Iterators.Combinators.ULift"
          },
          {
            "digest": "sha256:7d228a517c5f0ee0b7a76077950ccd1f69f1aab4cfbcbbf93b69ad148caa7c93",
            "module": "Init.Data.Iterators.Consumers"
          },
          {
            "digest": "sha256:3885d052d7d53eda2183bae17879fadfa400b1b83a7bbbda8b9c07eb34525afe",
            "module": "Init.Data.Iterators.Consumers.Access"
          },
          {
            "digest": "sha256:e74ab16538d6ce4c9c0a9147b7781ae126185cb08b9985a09b4aa769635211f6",
            "module": "Init.Data.Iterators.Consumers.Collect"
          },
          {
            "digest": "sha256:71c6279c0ade6dd02f3877e3df352c85d58dd0fd1144c1decc20927a04f91c51",
            "module": "Init.Data.Iterators.Consumers.Loop"
          },
          {
            "digest": "sha256:339f7072457d82fa086dd2666b16fd4fdae68a060951cd19520b93add2c3b48e",
            "module": "Init.Data.Iterators.Consumers.Monadic"
          },
          {
            "digest": "sha256:82e76c3b803937845fcc8ed110572bb8ac3ca9033a1d605688da5f5eccacdf69",
            "module": "Init.Data.Iterators.Consumers.Monadic.Access"
          },
          {
            "digest": "sha256:72328326e08ba452d54f18b2de4ad8b7a827550e19c0ec5d948b9cb7a33e5c3d",
            "module": "Init.Data.Iterators.Consumers.Monadic.Collect"
          },
          {
            "digest": "sha256:d6fbf91549be23ad594173c513dfbf287105683c70c2a0cf3aeb46b51a86542b",
            "module": "Init.Data.Iterators.Consumers.Monadic.Loop"
          },
          {
            "digest": "sha256:587064a08e83f2770d0bea29593b693e902aaa03f8f0c8fff0dc10160bacb9c6",
            "module": "Init.Data.Iterators.Consumers.Monadic.Partial"
          },
          {
            "digest": "sha256:42f421933ccf760fc704ce8ca4db80dc77c8e29e2e746103bfb90790bef326e0",
            "module": "Init.Data.Iterators.Consumers.Monadic.Total"
          },
          {
            "digest": "sha256:966e94199a4f77ccf48c39ee271fd71d882515eeec1201143290804e0d2bebe0",
            "module": "Init.Data.Iterators.Consumers.Partial"
          },
          {
            "digest": "sha256:fdac7e70ea55536e6789678d65c0e55ca023ddef58de6fc7b8d9bef97aec0e03",
            "module": "Init.Data.Iterators.Consumers.Stream"
          },
          {
            "digest": "sha256:347205d816b6c8793771329273441b9376cd73ced95fc798202e2d7963e2835e",
            "module": "Init.Data.Iterators.Consumers.Total"
          },
          {
            "digest": "sha256:bf8f1f5b400f3cd540814ae549f25d22fdde755a8ca21a5a1253ffb36416e4a1",
            "module": "Init.Data.Iterators.Internal"
          },
          {
            "digest": "sha256:fff2352d03a42308340674e9e8fc4c8a00789d9a2ff711e82fac091b168139b4",
            "module": "Init.Data.Iterators.Internal.LawfulMonadLiftFunction"
          },
          {
            "digest": "sha256:f167da6001cfd8ba670533861c4a0949870dd665e2d14177d09fcb628f5e113c",
            "module": "Init.Data.Iterators.Lemmas"
          },
          {
            "digest": "sha256:e0ce38cd7343b3421704cf8d17db95f1c35b738b2159ef83d3f8dcfe02eb533a",
            "module": "Init.Data.Iterators.Lemmas.Basic"
          },
          {
            "digest": "sha256:ee6990e1d0ad874297143d3cec573ad3cdcd4449d75330258f82bb1c95c6e1e7",
            "module": "Init.Data.Iterators.Lemmas.Combinators"
          },
          {
            "digest": "sha256:80049b881a5c42e80ed994f77a8ea4741363b4ec1fcf09ef09d223420f6d1da2",
            "module": "Init.Data.Iterators.Lemmas.Combinators.Append"
          },
          {
            "digest": "sha256:f5c81ad2232c8516ecdadfaba470e669d47f85f920702a4dd10ea4ad2d6cb412",
            "module": "Init.Data.Iterators.Lemmas.Combinators.Attach"
          },
          {
            "digest": "sha256:725b7a0e2e9735563f2d5576753e8938c2febebc531cd13951aefc04047b1042",
            "module": "Init.Data.Iterators.Lemmas.Combinators.FilterMap"
          },
          {
            "digest": "sha256:c0e5235144aabff40156699b99aa84b903eda173009c34d9eccef54fe02ac131",
            "module": "Init.Data.Iterators.Lemmas.Combinators.FlatMap"
          },
          {
            "digest": "sha256:f6bed4787cc504cb97a2727ee5b2d8d260e870e9675261fdbb395e21be1f9169",
            "module": "Init.Data.Iterators.Lemmas.Combinators.Monadic"
          },
          {
            "digest": "sha256:81658d8864cbbae45f994cdf16b56ffcead436115e04685510a8d2b4c0110289",
            "module": "Init.Data.Iterators.Lemmas.Combinators.Monadic.Append"
          },
          {
            "digest": "sha256:95b90bfcf97a8c1f02e5bd7fa0c46b011a312a99f1d0ae8fc7bbf33a817964ac",
            "module": "Init.Data.Iterators.Lemmas.Combinators.Monadic.Attach"
          },
          {
            "digest": "sha256:8517b4089c4943a8cc831047eec19c908d70e69398a18b202a70fdf8f181101d",
            "module": "Init.Data.Iterators.Lemmas.Combinators.Monadic.FilterMap"
          },
          {
            "digest": "sha256:151782af4e5ea7d9165782d5382610ac3490b8ce094a4a5d3a7ca9b9ce2527a5",
            "module": "Init.Data.Iterators.Lemmas.Combinators.Monadic.FlatMap"
          },
          {
            "digest": "sha256:d0aa75f21b79de98ebd87c221da8da1decc765bcb4817025ac6cca2229944923",
            "module": "Init.Data.Iterators.Lemmas.Combinators.Monadic.Take"
          },
          {
            "digest": "sha256:04372a8df661194c85339e80ba964aa0cec458fb746cda65049fb702f33d222c",
            "module": "Init.Data.Iterators.Lemmas.Combinators.Monadic.ULift"
          },
          {
            "digest": "sha256:d6a12c13f731b9948039f4fcb80e0d7b202c4caa65e99e739b7fc55d7e298e28",
            "module": "Init.Data.Iterators.Lemmas.Combinators.Take"
          },
          {
            "digest": "sha256:a228144a4e23c8b5d29edb6bc64eff0cb048b430a7df3c0cc8437fa608f6f3fb",
            "module": "Init.Data.Iterators.Lemmas.Combinators.ULift"
          },
          {
            "digest": "sha256:c0ea3a40ff7e1b08d50c144fd4d55b1b20b021718c0349b8e04e5ccbf334fa59",
            "module": "Init.Data.Iterators.Lemmas.Consumers"
          },
          {
            "digest": "sha256:74364afa027479cc6c7a0efe9704622a998cac716f35324d80897ce5509bad34",
            "module": "Init.Data.Iterators.Lemmas.Consumers.Access"
          },
          {
            "digest": "sha256:f3867c57733d819a9261452b976fd95ccae5d300e50d5e3b8979093a0d07da0d",
            "module": "Init.Data.Iterators.Lemmas.Consumers.Collect"
          },
          {
            "digest": "sha256:cb304b50b0c84c8bd63e355b5f9bbd337d41c153bfdd840462a28c6840f37f45",
            "module": "Init.Data.Iterators.Lemmas.Consumers.Loop"
          },
          {
            "digest": "sha256:6b2eca520d3e8c486daf623c06ba49902fc158075e4dfa7babc4d05b00634481",
            "module": "Init.Data.Iterators.Lemmas.Consumers.Monadic"
          },
          {
            "digest": "sha256:f8baac9b125e3b313d5bdbeb4df1245df965e3450e2d307432a57d6721c73f4a",
            "module": "Init.Data.Iterators.Lemmas.Consumers.Monadic.Collect"
          },
          {
            "digest": "sha256:8f60c0076ff9b571b30b6dfe8b884a6d8fbeafdf73d54bc9c9cd2f3aa5af6e1f",
            "module": "Init.Data.Iterators.Lemmas.Consumers.Monadic.Loop"
          },
          {
            "digest": "sha256:08893619bac80410e053f3f2a6da710f716134a301bac459596b901cbfb1ad55",
            "module": "Init.Data.Iterators.Lemmas.Monadic.Basic"
          },
          {
            "digest": "sha256:e31595f7f01d45107a726b542e66c037996aaafdda44b0039889653ddacecda4",
            "module": "Init.Data.Iterators.Lemmas.Producers"
          },
          {
            "digest": "sha256:29f0e8b5d4e682d747e83e79ad65eba967f4635ef9a1a6d0d88a791fd88b9551",
            "module": "Init.Data.Iterators.Lemmas.Producers.List"
          },
          {
            "digest": "sha256:519d84396118662451aa293e30c2c73154cba9adc7c072329326efa2a8ec02e7",
            "module": "Init.Data.Iterators.Lemmas.Producers.Monadic"
          },
          {
            "digest": "sha256:127752815001b08bdedd1783481e8db770aee5c6f6653ae6200beb7a06636eb1",
            "module": "Init.Data.Iterators.Lemmas.Producers.Monadic.List"
          },
          {
            "digest": "sha256:ac8aff1242c4277c08a4ca40d8b4dbb2df2deebe50fbc38b5de03a68d7f38369",
            "module": "Init.Data.Iterators.PostconditionMonad"
          },
          {
            "digest": "sha256:f3b66195a440e88e248b7388efff20d94586efbe006dacedd334bbd24bb7632a",
            "module": "Init.Data.Iterators.Producers"
          },
          {
            "digest": "sha256:b97266a5d3d50e3bc43feb05b71ebc7a4508170458b894229782f8bbf50a3e81",
            "module": "Init.Data.Iterators.Producers.List"
          },
          {
            "digest": "sha256:6ccc6f4ae6cc98cb6d8ad27c48245eb162c7d23a9fe281cea89461e0019901f2",
            "module": "Init.Data.Iterators.Producers.Monadic"
          },
          {
            "digest": "sha256:6b8d97294d4d4de1f45e9d5f12f86f344d15535e8ae5f6c5c6c0e7fdcc4efa16",
            "module": "Init.Data.Iterators.Producers.Monadic.List"
          },
          {
            "digest": "sha256:ffad6eb4744a3203ead0d217210d1c7d5b275d49ae9ba976e325f62388539404",
            "module": "Init.Data.Iterators.ToIterator"
          },
          {
            "digest": "sha256:4dbf0b960b534eb31c872e9e9c389d45317117ff2a210818a2631e011287bf7d",
            "module": "Init.Data.LawfulHashable"
          },
          {
            "digest": "sha256:c19e40c1a6b951dfa819b6ac4eb2163eeb8ff16c23261d4e01b3c74e566f5c66",
            "module": "Init.Data.List"
          },
          {
            "digest": "sha256:02814609696dbc4a48607d590d72328f8e67f84ffedcc0878576c054dba26731",
            "module": "Init.Data.List.Attach"
          },
          {
            "digest": "sha256:a7a78215981ac28d3dced7e060824040f0ce16dae1c37970b6f7e961e4d4d97f",
            "module": "Init.Data.List.Basic"
          },
          {
            "digest": "sha256:2299079c1b3f36ea2c0b85616e9b9a70a30885d8c47c8b0c0fc16a9803cf1bc0",
            "module": "Init.Data.List.BasicAux"
          },
          {
            "digest": "sha256:760600458ff97db47602bf5b8cb9b1fa2b06a0623c72565f528b411d6dee6ad9",
            "module": "Init.Data.List.Control"
          },
          {
            "digest": "sha256:50c59a4913106eebb9fbbe9a16e554f0afe6d536b46a1a6bd4890ce9f94b95e8",
            "module": "Init.Data.List.ControlImpl"
          },
          {
            "digest": "sha256:34d8fcdbc56fd4a0570238ae2ea0f1908800005f31448e6d799dc4c917063d40",
            "module": "Init.Data.List.Count"
          },
          {
            "digest": "sha256:df7a0a0a523cc4754b9d3435b25d4ddbc4d6f6077615011086e7585ec3a3c808",
            "module": "Init.Data.List.Erase"
          },
          {
            "digest": "sha256:7aaf4f01bad42a2018386282a09480d46414245e345775338e142b0698b4126b",
            "module": "Init.Data.List.FinRange"
          },
          {
            "digest": "sha256:5bc1aaeec9cda08465a96e9eb53b993cfea342d3d8eccd08b6b8fb2457d01be8",
            "module": "Init.Data.List.Find"
          },
          {
            "digest": "sha256:8bb3d6cc98701e161c9ef3148290e1e518820f43004d4d4ba1a2940c62bd2cb4",
            "module": "Init.Data.List.Impl"
          },
          {
            "digest": "sha256:cf9c54004200c2fddac4ca6193c35ca8fb9034e38059ab3e2d109413f0930365",
            "module": "Init.Data.List.Int"
          },
          {
            "digest": "sha256:8a800fb0244926f2a3f8ec46a547583a8bd6635dce892d8e889639f1ae250f58",
            "module": "Init.Data.List.Int.Prod"
          },
          {
            "digest": "sha256:5ddf65f552cac71182aca86057c632dec62b6ba292137efe07fc39e72bbc4014",
            "module": "Init.Data.List.Int.Sum"
          },
          {
            "digest": "sha256:e657d7e5467a2a93df463e8ea7bf729583dd8d8242d2a7f45594a824835e96e8",
            "module": "Init.Data.List.Lemmas"
          },
          {
            "digest": "sha256:4fca290da173f172567f2cad75620f150307b82a981852c6dec0dfdfcab4fea9",
            "module": "Init.Data.List.Lex"
          },
          {
            "digest": "sha256:624d191586d7c6bfaa57576db9f01cd3a7005341b0f1ba9e6f231bb865dfaab2",
            "module": "Init.Data.List.MapIdx"
          },
          {
            "digest": "sha256:5a50a9bac4f9f07d45737e2cbc2848cfa97c9076f1eb493893ba6e5480dfb991",
            "module": "Init.Data.List.MinMax"
          },
          {
            "digest": "sha256:050b75cdf263e5a25796330d2e1ef9cbc2cf2d4da4469e61c80297a7d1244a09",
            "module": "Init.Data.List.MinMaxIdx"
          },
          {
            "digest": "sha256:d0ba8fac1136ef30f9adee9bfb1d3c2c044c51f9f939daf79c6f6e68afd4f77e",
            "module": "Init.Data.List.MinMaxOn"
          },
          {
            "digest": "sha256:dc1758f5cd3f7b1d2aac8baa2e2af62af82cc35e000433c8c287604d70a96d0c",
            "module": "Init.Data.List.Monadic"
          },
          {
            "digest": "sha256:752fc24c3d6b53d79553f0f8446030a209207139695f2e8731d14fd5c4fb3280",
            "module": "Init.Data.List.Nat"
          },
          {
            "digest": "sha256:576bfb4b7709d86d636be918364eb3cb7708fcdc1a0ae478966a43c3670ca1f6",
            "module": "Init.Data.List.Nat.BEq"
          },
          {
            "digest": "sha256:e2836a7abdc0050eb2b50fbd84848f7365d3a3606a526fbb3b15dfb59d319714",
            "module": "Init.Data.List.Nat.Basic"
          },
          {
            "digest": "sha256:cf42e3673cdfbe60b2d4761d95d5057d37afce8816d0eb4849928778eb655920",
            "module": "Init.Data.List.Nat.Count"
          },
          {
            "digest": "sha256:68f8b460dc0cbce95f259400445dd3548105b1c566e318361974c656dadc8bd8",
            "module": "Init.Data.List.Nat.Erase"
          },
          {
            "digest": "sha256:018b87bd770f39eab68fb347cbc6712db6d942343244c6ae09d5e02d8ca5eb59",
            "module": "Init.Data.List.Nat.Find"
          },
          {
            "digest": "sha256:f1dcbe8d55ad19e1f744f32bef07c908b80763066adc3a7e015c79d99715d8f3",
            "module": "Init.Data.List.Nat.InsertIdx"
          },
          {
            "digest": "sha256:4c39dba0a05c1725490b50ef8a9779b670882c30708a6e2e9efa964080d3135f",
            "module": "Init.Data.List.Nat.Modify"
          },
          {
            "digest": "sha256:efd436d115fc8994433a6cdb5cbb0697a755c21e13896702ddf7028a3353a4aa",
            "module": "Init.Data.List.Nat.Pairwise"
          },
          {
            "digest": "sha256:847268eee781d1718f04153b63844bb5486931710669e0aa7401505a60f2bffb",
            "module": "Init.Data.List.Nat.Perm"
          },
          {
            "digest": "sha256:c41a480ecdbfc4b3e6b7050a5945c471b9cd60e6f6b76c3b0ce6176badec92e4",
            "module": "Init.Data.List.Nat.Prod"
          },
          {
            "digest": "sha256:7fa6bc5936a39feda37a24ae2ded063c90cda7a1d07fed629de2c441960d5079",
            "module": "Init.Data.List.Nat.Range"
          },
          {
            "digest": "sha256:69ef76cb974ecb16e93f5360152fc7268156f420110342d69865dc5856403277",
            "module": "Init.Data.List.Nat.Sublist"
          },
          {
            "digest": "sha256:3529214de541eb0ca86648009c13dfc73efc890e510b3260f4016860ff96da64",
            "module": "Init.Data.List.Nat.Sum"
          },
          {
            "digest": "sha256:1273d56e914490af270bc10f84fc0cbcd6650d472aa119458ca716dbeb2df6cb",
            "module": "Init.Data.List.Nat.TakeDrop"
          },
          {
            "digest": "sha256:a3908295c7b896c2f113b8516b01c0d569333f31fabd953b19dea2c7a0d2e504",
            "module": "Init.Data.List.Notation"
          },
          {
            "digest": "sha256:e1d75a5d3749e2a4bad7ea204718fc75d647db1af45c1bbe16745ae9d0466b9f",
            "module": "Init.Data.List.OfFn"
          },
          {
            "digest": "sha256:3cc27e8e18e3d5fa7b3461a9317af69a58241aed322ef4b28c5fbe9b1a855171",
            "module": "Init.Data.List.Pairwise"
          },
          {
            "digest": "sha256:2054e45421107cc1e6408ee69da78f49e0827522898e77a66f42da7d9a00a8e4",
            "module": "Init.Data.List.Perm"
          },
          {
            "digest": "sha256:2fdf504e9b70d0ebc5f73406abbb13bf6f5898ca7b41f2f7f423472369b83758",
            "module": "Init.Data.List.Range"
          },
          {
            "digest": "sha256:c12dc6db3c963a707a09b5ba95b845fa1ed5e2a149f97be06a99a2d0996323ab",
            "module": "Init.Data.List.Scan"
          },
          {
            "digest": "sha256:e1d7b5ea00b7048bb998041509af20b19c198f1409e74cf80a9b3e629ca6749c",
            "module": "Init.Data.List.Scan.Basic"
          },
          {
            "digest": "sha256:6b8f7b55861905f6e94f38610752c9b8f470700be9083f5e0e98bdbf420a67ad",
            "module": "Init.Data.List.Scan.Lemmas"
          },
          {
            "digest": "sha256:0798ce413452722f56dffad1b13aaa5546362642c2de4db48e240702a0c2bbe3",
            "module": "Init.Data.List.Sort"
          },
          {
            "digest": "sha256:40d11b0b077fdae9760dfef8de2f5fd0a04093f45f8f565b643b2201c57a03ae",
            "module": "Init.Data.List.Sort.Basic"
          },
          {
            "digest": "sha256:ca3f8d911d74bfa9684cd92d4377b8e13a68aa703a134b4ac9cec2b4e547d5c5",
            "module": "Init.Data.List.Sort.Impl"
          },
          {
            "digest": "sha256:390de8be94bb84cad5bb625a55fa2e0316d24333735bb8cba99d4b54211612f0",
            "module": "Init.Data.List.Sort.Lemmas"
          },
          {
            "digest": "sha256:ce7832a7ae6670c364ff7b97ecd65e5679560e23bfced43adfc72251a814dca2",
            "module": "Init.Data.List.SplitOn"
          },
          {
            "digest": "sha256:2894ac16c4bf2ef0bd91f2acf23b583f2b8f60bf5b1e5bbf4ed3397451d7e318",
            "module": "Init.Data.List.SplitOn.Basic"
          },
          {
            "digest": "sha256:e2869c9ae3d790f21abe97548884897aad4277c8c5cd1557f3fb90516fffcbca",
            "module": "Init.Data.List.SplitOn.Lemmas"
          },
          {
            "digest": "sha256:e497779d6c11a3a57817d3520c9ab77f8215e680df7d72b5bd18033442d5dcbe",
            "module": "Init.Data.List.Sublist"
          },
          {
            "digest": "sha256:f77e2fbc16939cc0679b1363a1666a8892d475fb9c8461ecb12eb58832187de9",
            "module": "Init.Data.List.TakeDrop"
          },
          {
            "digest": "sha256:f446837dd14b7d47d6dae6cf862155d99a3494b69d7910c31fd09756879766b2",
            "module": "Init.Data.List.ToArray"
          },
          {
            "digest": "sha256:a63b173f6f0e456ae695f60c525ad0a3bdd80d734d3f75d2374c630ea9fe7144",
            "module": "Init.Data.List.ToArrayImpl"
          },
          {
            "digest": "sha256:eea9d71c198bac756b97bf6e3d2eff09ee13a4f322b5476e2072c66cb73cc942",
            "module": "Init.Data.List.Zip"
          },
          {
            "digest": "sha256:b9c8da5c668e82dde1c659c0ddcec825cbd4bc6dc7d178ec0f1e879217395055",
            "module": "Init.Data.Nat"
          },
          {
            "digest": "sha256:2d9db0c074b050024b2cc39b79ed03f4b542fda99e79c40eb6a9e3ecfb854ca1",
            "module": "Init.Data.Nat.Basic"
          },
          {
            "digest": "sha256:faae57f97dca31ef1c4e79db2f73716e9f21814978aa20737dc045c7357ba437",
            "module": "Init.Data.Nat.Bitwise"
          },
          {
            "digest": "sha256:230b88131eb0412279862f54fca649ba8f0e2bd21c646debb1fc62b01a1916a6",
            "module": "Init.Data.Nat.Bitwise.Basic"
          },
          {
            "digest": "sha256:b5d932c8860c09379c218694945dae609deb3d6d6584dc19d98deb0050de19b1",
            "module": "Init.Data.Nat.Bitwise.Lemmas"
          },
          {
            "digest": "sha256:6daa67de7246087efa7ceec817b1184b356fa950c70a5cf3404deab286c9feea",
            "module": "Init.Data.Nat.Compare"
          },
          {
            "digest": "sha256:ec6bb1340816d2f22b5c0292f0e028a3842107cd878c6c862810540c91017392",
            "module": "Init.Data.Nat.Control"
          },
          {
            "digest": "sha256:dbbad1362c2b6039332959b61c1a8ad8217aa138ffeb288a8617b486b800117a",
            "module": "Init.Data.Nat.Coprime"
          },
          {
            "digest": "sha256:4bcd58a91b90e139f115444ad58492402b6241063113e7e1fa80a9ee421c12d4",
            "module": "Init.Data.Nat.Div"
          },
          {
            "digest": "sha256:78ff981e1d7dd1802f53532759f516cb3d5ab3fa64cdc6c544201147ce280840",
            "module": "Init.Data.Nat.Div.Basic"
          },
          {
            "digest": "sha256:c3f25c93ce6ca949a8a765621cad7ee0a772d389978e3e1c0e2ba66ed080c77a",
            "module": "Init.Data.Nat.Div.Lemmas"
          },
          {
            "digest": "sha256:5e11ea7a232f44c9e97631b30f88dd22c276a49fe7b67c1690e51176f65ddbb3",
            "module": "Init.Data.Nat.Dvd"
          },
          {
            "digest": "sha256:8cb951df602071cdde0c0be2410bd0721c5c5cac6248e0a993f3fc25eb6cb3d8",
            "module": "Init.Data.Nat.Fold"
          },
          {
            "digest": "sha256:7afe6fe3995f1f6152f9829e5d1d9978235c34e8911f432878186901d12c592f",
            "module": "Init.Data.Nat.Gcd"
          },
          {
            "digest": "sha256:825a74413e2a25cf5b9f858e6bb693f25c1580581240e48ae98a7bf5a3ff32ef",
            "module": "Init.Data.Nat.Lcm"
          },
          {
            "digest": "sha256:b53895bbc3a1d5ee917b5a217f83a7322a9a878442b4f242062c33d47975bdc6",
            "module": "Init.Data.Nat.Lemmas"
          },
          {
            "digest": "sha256:4e5062d1a6340387d1a9b3bcd67c684f0e176fa5558ff68a0e64943b7b2c1f47",
            "module": "Init.Data.Nat.Linear"
          },
          {
            "digest": "sha256:9fb7a0c654a0c36b6a58c8a712175287d76569d226c6987cdfcc6880ea445a93",
            "module": "Init.Data.Nat.Log2"
          },
          {
            "digest": "sha256:277f327a6d0e421d9434864b5b59c324650307a767a1bd583417f14a3630d603",
            "module": "Init.Data.Nat.MinMax"
          },
          {
            "digest": "sha256:64da226f715aa1ba6ab4f70d73c99dabdbd1278f58549ac14b30ddbab7deeed9",
            "module": "Init.Data.Nat.Mod"
          },
          {
            "digest": "sha256:a2ca06980bc2bb834da72e1da088520b38f04f260cf36782f6991bcdb2c8720f",
            "module": "Init.Data.Nat.Order"
          },
          {
            "digest": "sha256:dfbfcc4048d4c10741b816d53f9e771eb9c045a67093110882658052f7f85b1a",
            "module": "Init.Data.Nat.Power2"
          },
          {
            "digest": "sha256:4fef4a575a047d4776d41cf2b41d86b35e7de33c2fb352d8d3d77dc214698fcd",
            "module": "Init.Data.Nat.Power2.Basic"
          },
          {
            "digest": "sha256:e56060a81ddfa10642b98618c41b74a837b675fa3183e42a8f4358980633d3c3",
            "module": "Init.Data.Nat.Power2.Lemmas"
          },
          {
            "digest": "sha256:375ac7ec1cb94fa32be729952ae427015b6568d1a10134ed3f4888cf06ebbc70",
            "module": "Init.Data.Nat.SOM"
          },
          {
            "digest": "sha256:a96fe3ca54847423edf2e19132115cd6833b529a3e5487a9c07a5ef53c2c8c7e",
            "module": "Init.Data.Nat.Simproc"
          },
          {
            "digest": "sha256:7faacfcfc73a7e87c9511af04f72277baa0f4c736525340d6a367b39f258a408",
            "module": "Init.Data.Nat.Sqrt"
          },
          {
            "digest": "sha256:5ad34b281363e4e1f953e650699c652e9d8166c9589dbea18e644617d6059b80",
            "module": "Init.Data.Nat.Sqrt.Basic"
          },
          {
            "digest": "sha256:b7c279fe6baadd0e56dd1429bab90dee05f91ffd83b824264aa022189c267228",
            "module": "Init.Data.Nat.Sqrt.Lemmas"
          },
          {
            "digest": "sha256:39da9dc3a4e5b0b4db2f8b3c6c44f6ea760e0290d3437853fdd3838837e98d80",
            "module": "Init.Data.Nat.ToString"
          },
          {
            "digest": "sha256:43342e12eb7749a07cd45c815687c066dcd5dd2cf76946660f3c5054d27b7473",
            "module": "Init.Data.NeZero"
          },
          {
            "digest": "sha256:2cca8f52b5a4d371ab25e16d796fc1d0d7a2a2485f2dce8c568da8a234f141eb",
            "module": "Init.Data.OfScientific"
          },
          {
            "digest": "sha256:3c26a996bb421c7804dc53368eda02219d996a60e07a42a88885dabd7cc6100d",
            "module": "Init.Data.Option"
          },
          {
            "digest": "sha256:2ffce59d7eb08ed6575deb2dc5f9d5f1bf95fcc66cd788dbd5f1189e3775550d",
            "module": "Init.Data.Option.Array"
          },
          {
            "digest": "sha256:227de619257bbd54c153db60f9c142073c4e0eed8ed83d1696e9ab3311d51477",
            "module": "Init.Data.Option.Attach"
          },
          {
            "digest": "sha256:f210f41005a2e2e6917a308a6f186e2b40577607cdbc37c5bd15fd6b1985c4fe",
            "module": "Init.Data.Option.Basic"
          },
          {
            "digest": "sha256:c7b6b419a1658f09b023616455a76dfd8943814f59ba5912f0adcacf56a7b004",
            "module": "Init.Data.Option.BasicAux"
          },
          {
            "digest": "sha256:8f80803439a96ea37e8bafd843f0339eafc29ca8f65b0a391282fdab551ce05e",
            "module": "Init.Data.Option.Coe"
          },
          {
            "digest": "sha256:010c89c1e80cce9ad262d87b6b29a255fe14b91554ca0398975dc93b28ddd799",
            "module": "Init.Data.Option.Function"
          },
          {
            "digest": "sha256:e823bd11ca62658bdb6b9800db861dd7605676e8196910c4f02e35f9fd6fd85c",
            "module": "Init.Data.Option.Instances"
          },
          {
            "digest": "sha256:1cd9b62867c01646abf4000d5f3158c26b1a45434b22a427cee95cd34cba02b7",
            "module": "Init.Data.Option.Lemmas"
          },
          {
            "digest": "sha256:f70cea1b645d07f6fc06166406ffc0f58be4165a2103f759f8f36e1f12e24abd",
            "module": "Init.Data.Option.List"
          },
          {
            "digest": "sha256:b50fc47da08296f3592f70dfeff8a20b0dcbadef0611fa7ccb6d780bc8ec06fb",
            "module": "Init.Data.Option.Monadic"
          },
          {
            "digest": "sha256:03f5550592893d147e70c9b060d2ae33e1c7d79b999a5ef403d8373326b514da",
            "module": "Init.Data.Ord"
          },
          {
            "digest": "sha256:4fab799605d1b4a17d1798b415d3354998f3fd8f9efd095d080887d4b19800d2",
            "module": "Init.Data.Ord.Array"
          },
          {
            "digest": "sha256:5e260c7875ba9e96c53497db91e8ef8684222fecc663ce4feb980caebf84c846",
            "module": "Init.Data.Ord.Basic"
          },
          {
            "digest": "sha256:0c27f804babe9fb7b5ee5ce525f7934cd788c3d1130d7cdc11ce511e11b86915",
            "module": "Init.Data.Ord.BitVec"
          },
          {
            "digest": "sha256:963c23d87aece699bda074898fc130190159edb5836910e966defc652c71414f",
            "module": "Init.Data.Ord.SInt"
          },
          {
            "digest": "sha256:0560f3c4ac8175c9aa9c7f067b7f517a57392d6ebf5b3ff4f11683bbfee1337f",
            "module": "Init.Data.Ord.String"
          },
          {
            "digest": "sha256:4f36baf51eb6323f564f1c8a7bb3b63d7b8a75ce3c9fca87ed9e27d19ffbc311",
            "module": "Init.Data.Ord.UInt"
          },
          {
            "digest": "sha256:1e8281db8438173e5890fe486d44c5d745d685eb4e48d4172be7eb05088e8eb9",
            "module": "Init.Data.Ord.Vector"
          },
          {
            "digest": "sha256:6edb8865bdadfc50b4fff0b9ef1fcf3bf0cc4b01d8e9c1e96846ce97f1d8f051",
            "module": "Init.Data.Order"
          },
          {
            "digest": "sha256:26fdf0a23dc3c51ae90b2b16f49e9a56caca1e2afbf941f83e861cbca89fd2ae",
            "module": "Init.Data.Order.Classes"
          },
          {
            "digest": "sha256:ff74a57802550430d6382f7b24e5ebe605b0b582da93bdcaa8bcac81e47ea998",
            "module": "Init.Data.Order.ClassesExtra"
          },
          {
            "digest": "sha256:a733d4acf04dbbbfb1f72374d20f7a247540b3826f63baec7f33a15dbb3e8d3d",
            "module": "Init.Data.Order.Factories"
          },
          {
            "digest": "sha256:cfb3d265bd267b27ca0469309e0b6f48e1b1e64ac86e7df4a810f5d2bd21845c",
            "module": "Init.Data.Order.FactoriesExtra"
          },
          {
            "digest": "sha256:acfb2a407673a9ad735a4317bd4d74f12782bc326798cc26ad794976eb8c8e67",
            "module": "Init.Data.Order.Lemmas"
          },
          {
            "digest": "sha256:8f8b31a5fe062987288c7cc7f3b83a7471790c82ae9d7b43164c47019da76088",
            "module": "Init.Data.Order.LemmasExtra"
          },
          {
            "digest": "sha256:fb51bb31ec95bb5a63a65b2c4d7f08c9a395590198d99e5c9dea21a33238fb7b",
            "module": "Init.Data.Order.MinMaxOn"
          },
          {
            "digest": "sha256:2c4bff428ba79b0dc0e973469dc799c019c2370b1323213b9a552562507c587b",
            "module": "Init.Data.Order.Opposite"
          },
          {
            "digest": "sha256:a5631e1e1bdc277ff87b20c550d4da20c32513f5f351bf899aad613631b73292",
            "module": "Init.Data.Order.Ord"
          },
          {
            "digest": "sha256:91927a98d66c353ad05c59d4ea87fddae589623ccf29e99708553cf1d38f5cbb",
            "module": "Init.Data.Order.PackageFactories"
          },
          {
            "digest": "sha256:c1991f733616a6483f686bf2337aafd738c6e542d8f254ef2f644590a795575d",
            "module": "Init.Data.PLift"
          },
          {
            "digest": "sha256:4b0e99df035468d27ce68e66899c3472e82fe2491d3e6021487751ab393c5d21",
            "module": "Init.Data.Prod"
          },
          {
            "digest": "sha256:cc556e3069efd311b1cb56a3ebb5ef7b3cd96385afa6948f88db48b218cfa72e",
            "module": "Init.Data.Queue"
          },
          {
            "digest": "sha256:a840006def88a3a595255177aad44c40a757e4a68109f7ed6d0b686802d1d524",
            "module": "Init.Data.RArray"
          },
          {
            "digest": "sha256:f59c6f497ffd55cf556de371bd7bf279e7fe847da4df552a9ae3ec41c79bbf24",
            "module": "Init.Data.Random"
          },
          {
            "digest": "sha256:0a428780422cb3a7bdd376d0e4734591917421340ee50e16681e43b1b0aca2a4",
            "module": "Init.Data.Range"
          },
          {
            "digest": "sha256:ff7a66ff270d32785d3135c7617f907a62d4fbe777c63b6499bcedf02defe891",
            "module": "Init.Data.Range.Basic"
          },
          {
            "digest": "sha256:0cb6364337f6debd976fe5e81d8befcaa493dd708e03bc36dc7f65a4f6fbe7a1",
            "module": "Init.Data.Range.Lemmas"
          },
          {
            "digest": "sha256:a6ad61d0d4b18e61759f747081b46c65b4e19faeb7084897ffc0e8fc34db9d33",
            "module": "Init.Data.Range.Polymorphic"
          },
          {
            "digest": "sha256:2cfc76d1518df8222f349435935c3ae6fdb55ef9f3597e4894637bb675c156fb",
            "module": "Init.Data.Range.Polymorphic.Basic"
          },
          {
            "digest": "sha256:3671bfd2447bcbdb1d2008b59718017d761c600064e088ae69ebef9dee57c03b",
            "module": "Init.Data.Range.Polymorphic.BitVec"
          },
          {
            "digest": "sha256:c4b0d409313816e6ccb90869cdee99479b8e8c63dc7dcb3f106820c769e72818",
            "module": "Init.Data.Range.Polymorphic.Char"
          },
          {
            "digest": "sha256:cb65a9623bc3925de91f196bbf7848e6c7f5a677ad87b121c32e773fae2989f6",
            "module": "Init.Data.Range.Polymorphic.Fin"
          },
          {
            "digest": "sha256:586b81b4f1e4e4b2b57e3f18357ed973a21bbf1e301871796684681a213709eb",
            "module": "Init.Data.Range.Polymorphic.GetElemTactic"
          },
          {
            "digest": "sha256:75ff6d69b8ce950005a65fd6f892039609470bf201ee756c369c9a5bcb2d321b",
            "module": "Init.Data.Range.Polymorphic.Instances"
          },
          {
            "digest": "sha256:f65df13122735948beadd15d3b21d766824f4e98741b87cc75d66326d947d35c",
            "module": "Init.Data.Range.Polymorphic.Int"
          },
          {
            "digest": "sha256:6b079950433c779db29fe6ad0ad0a8e80426c7eb48807843f909144d1ecb77f1",
            "module": "Init.Data.Range.Polymorphic.IntLemmas"
          },
          {
            "digest": "sha256:408b3a7982cae70bd8bdf4e03cbeeec5a75c8f963eb1c3e6f650444dde9c4bb1",
            "module": "Init.Data.Range.Polymorphic.Internal.SignedBitVec"
          },
          {
            "digest": "sha256:93993113c684bc56f2de012b1325ac31d8e846417ed4879daa2c7be2761e9e2c",
            "module": "Init.Data.Range.Polymorphic.Iterators"
          },
          {
            "digest": "sha256:43bb07e3cedaf583a5f5b870bee224ae6e4941573898b7be5d1b8e06f75d636d",
            "module": "Init.Data.Range.Polymorphic.Lemmas"
          },
          {
            "digest": "sha256:d36f13319f4dc18bcb3944c88bdc1ff5347db61ec9f14c19e789f0effc0015ef",
            "module": "Init.Data.Range.Polymorphic.Map"
          },
          {
            "digest": "sha256:78ed3df623f0db61e5096387bfa16c2bb4a10a9d331d0918c109fc8793d191dd",
            "module": "Init.Data.Range.Polymorphic.Nat"
          },
          {
            "digest": "sha256:72daf77b915e8252ea21872434e6a9334c283e80cd7cfb2c600932217920a202",
            "module": "Init.Data.Range.Polymorphic.NatLemmas"
          },
          {
            "digest": "sha256:38bd11a82f2f6f047d42a4159b159f3d46a23f7f967d701585420d9f1ed830f9",
            "module": "Init.Data.Range.Polymorphic.PRange"
          },
          {
            "digest": "sha256:bbe3b94638d331271cc93fdc829d70b8dff234fce3a8c9f90fc120b56f01862b",
            "module": "Init.Data.Range.Polymorphic.RangeIterator"
          },
          {
            "digest": "sha256:46c6233ae9c1fe89b0085144fc0a8226868fff233e0c07f1811b85c0d5d767fd",
            "module": "Init.Data.Range.Polymorphic.SInt"
          },
          {
            "digest": "sha256:2b74b20bad814f73a25917591fe067a674b85df31646eb39f855488ad1c96826",
            "module": "Init.Data.Range.Polymorphic.Stream"
          },
          {
            "digest": "sha256:6245854ef341c0ab4ec0bf25fc29d3f09035bec9304576d0565ba460967de349",
            "module": "Init.Data.Range.Polymorphic.UInt"
          },
          {
            "digest": "sha256:8a206850def139458b6e9a5e50533768b1538c9e4ec200e0c13fb37a75f58bfd",
            "module": "Init.Data.Range.Polymorphic.UpwardEnumerable"
          },
          {
            "digest": "sha256:28f7f2614b3f35454fb0c30176a1d00925a0f44058feaf3df557a198b80382c3",
            "module": "Init.Data.Rat"
          },
          {
            "digest": "sha256:0ef3fa1dbd58c4cb00e6a2ab17b229e3f27a9807ea35ee27c2cfb15690dc7014",
            "module": "Init.Data.Rat.Basic"
          },
          {
            "digest": "sha256:14d0e1c61002f7bff89fbdc70d1e0f09dfb38f6ce9dae0b0f2b407e08b8e4d6b",
            "module": "Init.Data.Rat.Lemmas"
          },
          {
            "digest": "sha256:2c164ed15d10301313c24ddbd4a9724131ffa21ca8b883c157bc49a5af128aac",
            "module": "Init.Data.Repr"
          },
          {
            "digest": "sha256:d1f3da4544b5877836cde530a9edda4acb2188fc19a561dd78f76bfa2848d87a",
            "module": "Init.Data.SInt"
          },
          {
            "digest": "sha256:636ac0461b2b9544f11e3f20fbc5c630d256c0a441a231daefb0482f1064e8cd",
            "module": "Init.Data.SInt.Basic"
          },
          {
            "digest": "sha256:0c0110ff3cb2d93afbd2bc4fcb0450c940fa5a6ffaa82f678726cbee90a4c721",
            "module": "Init.Data.SInt.Bitwise"
          },
          {
            "digest": "sha256:3b35e32e2213740c8c2b6f82f2234d425e22a2e16a10f99758a3f0eeb316c8ca",
            "module": "Init.Data.SInt.Float"
          },
          {
            "digest": "sha256:a1c634ac8f6bbeed04117de31272e17cd392ccefd8a1e2859288980824cee5e9",
            "module": "Init.Data.SInt.Float32"
          },
          {
            "digest": "sha256:5fe35bf651c0cf944a25bf47ab352e55d2aaefea54384054996cf76ef2e418b1",
            "module": "Init.Data.SInt.Lemmas"
          },
          {
            "digest": "sha256:2b0849c855362a61dac177df6a48f11cfb3842e7c94ff7aa266b53c0d51720e8",
            "module": "Init.Data.Slice"
          },
          {
            "digest": "sha256:bcb13a258226dda59108875408a40e3982547a43342cd9f84155c227e527cff1",
            "module": "Init.Data.Slice.Array"
          },
          {
            "digest": "sha256:e862f00aa48f37a8b838ce8ec34829fcdf232393ee801acc76b63a170fbd5be8",
            "module": "Init.Data.Slice.Array.Basic"
          },
          {
            "digest": "sha256:f02ce4f9ee5ad0583f6469bb21ef19f58382e6af2a46b74e45b535ccde35c665",
            "module": "Init.Data.Slice.Array.Iterator"
          },
          {
            "digest": "sha256:071ba6b0b7879a0081ddd09ea063dfa76655c21cf43d211abeb8df9994473d10",
            "module": "Init.Data.Slice.Array.Lemmas"
          },
          {
            "digest": "sha256:a48ba792fdf0d58174eb1ec110f3c7da89f577164a3bdb38e8b076a17d510660",
            "module": "Init.Data.Slice.Basic"
          },
          {
            "digest": "sha256:25c41d9e5bbeaf3d6193c7230eb4a61b5df16a43ccfc220438d3a9b8e23185d7",
            "module": "Init.Data.Slice.InternalLemmas"
          },
          {
            "digest": "sha256:4bed352c76103a1183c42f392a4639d9b6340810ff0f94c95363bc70699f8ab2",
            "module": "Init.Data.Slice.Lemmas"
          },
          {
            "digest": "sha256:4c7934e5ab6be6c1bc273077bf5b6733da2b3ee6b4783e2a0d44f6550d119e9d",
            "module": "Init.Data.Slice.List"
          },
          {
            "digest": "sha256:365089f49e38599fd7ccb0f09de99b7d1f98500b412ee00c638ce901e457de83",
            "module": "Init.Data.Slice.List.Basic"
          },
          {
            "digest": "sha256:14f01ead44ee42e6752ac89e4534d04c97069121cb839a88cf56ae6253a4932f",
            "module": "Init.Data.Slice.List.Iterator"
          },
          {
            "digest": "sha256:e0eecc52b337306c26fafb19ad5417c65ce3b5c83dbd264f2fa7e128a820ba8d",
            "module": "Init.Data.Slice.List.Lemmas"
          },
          {
            "digest": "sha256:eea10104ef532eec398d470f77940325b9b8de9e204f181a9d97cfcbbf41e5fa",
            "module": "Init.Data.Slice.Notation"
          },
          {
            "digest": "sha256:0e6f022471495e11eed9b921a8771360c7e1c91dea2b52df1a36265ac4c797e5",
            "module": "Init.Data.Slice.Operations"
          },
          {
            "digest": "sha256:dbe59a9119290719565a444a712a9ec048dfd93b981750105dd8b5aac22e73df",
            "module": "Init.Data.Stream"
          },
          {
            "digest": "sha256:93fd260e113a7d94425ded69a2d3f7bf74c4689253bc5398c5c2f477bd32a868",
            "module": "Init.Data.String"
          },
          {
            "digest": "sha256:d23989de5ecd7b22a84e6f6d979b95f56700eb170bc0b1fe4a5664211e7c081c",
            "module": "Init.Data.String.Basic"
          },
          {
            "digest": "sha256:a2aad3a299642aed58da41edea4a5e04cf9eb5e7c90ba991f1fc4b4aaaed36de",
            "module": "Init.Data.String.Bootstrap"
          },
          {
            "digest": "sha256:c2ded51ae57e2ea53b65763f486bb202584b47345a1d08010aca8cc2dc22cbe5",
            "module": "Init.Data.String.Decode"
          },
          {
            "digest": "sha256:77cf5bdb1fea26e15704808d4d2ae346cd74262b7454cfe48b09dc6d87f00342",
            "module": "Init.Data.String.Defs"
          },
          {
            "digest": "sha256:866f6639c2043ad907408c5cc8047cafd8662629718931f1a0f3c9d69fc5b915",
            "module": "Init.Data.String.Extra"
          },
          {
            "digest": "sha256:ae3844a74e9d55e0024a93ab4933beeecd3638633822e7bdee2f8048fbdcd6a1",
            "module": "Init.Data.String.FindPos"
          },
          {
            "digest": "sha256:53adddc7095bb15dded5abdf59fe453e2426d61968f0d70e0ae4a55f5a1b083d",
            "module": "Init.Data.String.Hashable"
          },
          {
            "digest": "sha256:43216aace5db024be8901ba45093180ec00de0e1d23e80ee4bf01c290040bb04",
            "module": "Init.Data.String.Iter"
          },
          {
            "digest": "sha256:6c722a94defd6d630e8c7acfbf6beb3b7b79245bce8c0082cd80f7c04f1641c0",
            "module": "Init.Data.String.Iter.Basic"
          },
          {
            "digest": "sha256:00e7ae2dd3e804a1bf678f7b2865898d1b8f18b6e1b38fdf1b4a527b067ff8a9",
            "module": "Init.Data.String.Iter.Intercalate"
          },
          {
            "digest": "sha256:ff319e335039621ad8f7f683179b28531f03a3ce501bc7a91ee5f47ab804228f",
            "module": "Init.Data.String.Iterate"
          },
          {
            "digest": "sha256:dd7627e387f79461ae1258253c580e234b7eeb9ab7c220fe99a5260436bb02ce",
            "module": "Init.Data.String.Iterator"
          },
          {
            "digest": "sha256:13d1e28fe4652de130c9ff5bb1bbad2cddb1327a15f7cfe02db9ae3d462576e8",
            "module": "Init.Data.String.Legacy"
          },
          {
            "digest": "sha256:f529e32bd5da52ebb041a138ae87b81bd9a1e5414c71e75f3bad75a4191a9f48",
            "module": "Init.Data.String.Lemmas"
          },
          {
            "digest": "sha256:35fb3ec706ee96b3c094755069a306d1315339a10fc674e2082bf71ac4b10410",
            "module": "Init.Data.String.Lemmas.Basic"
          },
          {
            "digest": "sha256:8e3c4b67ca0747b5483947e1438ad357a533d4db171b1f7baf1860911aa20d4b",
            "module": "Init.Data.String.Lemmas.FindPos"
          },
          {
            "digest": "sha256:bac03e30a6170546f7a7b7fb8d5b36c29cb20fa134eaef4b704b898ef311453f",
            "module": "Init.Data.String.Lemmas.Hashable"
          },
          {
            "digest": "sha256:0cd45b6f856e2c7a6ce90f29bcf203cc496a4d1d094f456fba1e02ff8b14540e",
            "module": "Init.Data.String.Lemmas.Intercalate"
          },
          {
            "digest": "sha256:d932567f1cc1ff511253d921824ef07395e5d3b9482a92b487bde02ee8c6dcc2",
            "module": "Init.Data.String.Lemmas.IsEmpty"
          },
          {
            "digest": "sha256:839073768b87839b3b9dde0f641c86c85541fa40963e49cb226476de3d14a1d9",
            "module": "Init.Data.String.Lemmas.Iter"
          },
          {
            "digest": "sha256:0289fa757820abad5c91c85fdd0369249a028c15344d20ee771cace94572a518",
            "module": "Init.Data.String.Lemmas.Iterate"
          },
          {
            "digest": "sha256:b002ed28e76fe8b83a5300ef7daffa56717d26667d051cfebfeb5b5343ef3908",
            "module": "Init.Data.String.Lemmas.Length"
          },
          {
            "digest": "sha256:16c39cf1b6e9b0b986359f281a5a4a7f3907bce0e4a2756dd31506d2b1570af9",
            "module": "Init.Data.String.Lemmas.Modify"
          },
          {
            "digest": "sha256:7a5d82cb055be652069e1fe1281829849077d098e6bd045deac57c4b291b69ed",
            "module": "Init.Data.String.Lemmas.Order"
          },
          {
            "digest": "sha256:ed2544fa3125f82e55b47671c2476555d0ba1c084dc4ed396fa51863102067ce",
            "module": "Init.Data.String.Lemmas.Pattern"
          },
          {
            "digest": "sha256:441fb03016c39098b7ae2665797e6e1333b3245f79d1ee9a10571b23d62a58a2",
            "module": "Init.Data.String.Lemmas.Pattern.Basic"
          },
          {
            "digest": "sha256:fc8e0b01d5556c37954fbabba6fb4ba4ebb1ec04ddd060ca0e1712f32e99f0a4",
            "module": "Init.Data.String.Lemmas.Pattern.Char"
          },
          {
            "digest": "sha256:1c72ef846202bb5f67eab7ac7a318223626091c89c364e09e73d2ab26e206968",
            "module": "Init.Data.String.Lemmas.Pattern.Find"
          },
          {
            "digest": "sha256:7e044fe4e3d1ea116e31fd249a30b82b707aaa310292c2c9be3239ae40c45d18",
            "module": "Init.Data.String.Lemmas.Pattern.Find.Basic"
          },
          {
            "digest": "sha256:03f29460fac0c3d04ada3b943e9cbf6b3ca3ac3f82332f6a4b03cc6d95c020d5",
            "module": "Init.Data.String.Lemmas.Pattern.Find.Char"
          },
          {
            "digest": "sha256:df572174a5301b99d26df264aaeb416d45a5987b0d6f016a19fab1f8823d596a",
            "module": "Init.Data.String.Lemmas.Pattern.Find.Pred"
          },
          {
            "digest": "sha256:47af4e60bce17cfb5f0ff4aaf8698404b49b5e77412b804d3a0fe0664c521e0f",
            "module": "Init.Data.String.Lemmas.Pattern.Find.String"
          },
          {
            "digest": "sha256:79bd7c47973b654037029161004de922e72e949797e50eb6392ac16e03dffe53",
            "module": "Init.Data.String.Lemmas.Pattern.Memcmp"
          },
          {
            "digest": "sha256:62b54289cb3a100a7e24d070c290fa74a6fededb96663932c2c919c0745d12ef",
            "module": "Init.Data.String.Lemmas.Pattern.Pred"
          },
          {
            "digest": "sha256:3e55155485ee71532e191b6f25fe66800e0da374bb951fd0c04b7678bc4d7e42",
            "module": "Init.Data.String.Lemmas.Pattern.Split"
          },
          {
            "digest": "sha256:e4c51c3685003dcc4a866240df152718f39de9ee7a58a1e6b482632023102e55",
            "module": "Init.Data.String.Lemmas.Pattern.Split.Basic"
          },
          {
            "digest": "sha256:4d67ecc1be49580c4f2478e957a72260a19c4a7e0a585f3ee72d9bd8cce503c2",
            "module": "Init.Data.String.Lemmas.Pattern.Split.Char"
          },
          {
            "digest": "sha256:3689d840ecf3f01941efe570f1f02333ec4e72e15cdb8f0d71fb09d129b7a3ce",
            "module": "Init.Data.String.Lemmas.Pattern.Split.Pred"
          },
          {
            "digest": "sha256:3252ff4200acd36d92b6b779ed5ccc44305cf650d575fc02704826bb36967115",
            "module": "Init.Data.String.Lemmas.Pattern.String"
          },
          {
            "digest": "sha256:1d8e741e3659b5668620f4c7afba89c3cf235505cd0d919c029ca6e04279d2fd",
            "module": "Init.Data.String.Lemmas.Pattern.String.Basic"
          },
          {
            "digest": "sha256:64a82a2695e66501b4f4913a0f66c021ca2380b4796a21c04a988da7b61da5a6",
            "module": "Init.Data.String.Lemmas.Pattern.String.ForwardPattern"
          },
          {
            "digest": "sha256:684a708f72117a6b9a5634508306e2a3c473694db958d4fcbfd26695899d4bbe",
            "module": "Init.Data.String.Lemmas.Pattern.String.ForwardSearcher"
          },
          {
            "digest": "sha256:41b8dc849bc995bc9509fe4009be2068ce229ba2f615c7d2d9308b4ad9f897b1",
            "module": "Init.Data.String.Lemmas.Pattern.TakeDrop"
          },
          {
            "digest": "sha256:90a9c67d46e77568bedbdc5871a127416ba5ed86752c277feedf8b5e60144044",
            "module": "Init.Data.String.Lemmas.Pattern.TakeDrop.Basic"
          },
          {
            "digest": "sha256:f805a65f75ddf661652a8565358042403bdead961fa342d16d3077a2a1f156e1",
            "module": "Init.Data.String.Lemmas.Pattern.TakeDrop.Char"
          },
          {
            "digest": "sha256:e1b839b3171f0d8f20515b05b6310393556c620d65870d4238f84358bdba3707",
            "module": "Init.Data.String.Lemmas.Pattern.TakeDrop.Pred"
          },
          {
            "digest": "sha256:cb08628ec31f7673df18a457608d022f874da37f90650583dfa469cf7af0c780",
            "module": "Init.Data.String.Lemmas.Pattern.TakeDrop.String"
          },
          {
            "digest": "sha256:9a5ccc9242358474cf72366267da4a7a3790d1eee671e60b68927315223d3d70",
            "module": "Init.Data.String.Lemmas.Search"
          },
          {
            "digest": "sha256:47c92d84a4e73d61ef2505587f01b50527655103333ef008b5a7fe77283eabe1",
            "module": "Init.Data.String.Lemmas.Slice"
          },
          {
            "digest": "sha256:a0068fa2e1f4eeaa7a564a290c07133b23077bb9f9e35a58a4782ffd5bec6e90",
            "module": "Init.Data.String.Lemmas.Splits"
          },
          {
            "digest": "sha256:f5e6e06faefca4eecd3c2060844746ac1f599a5cfabf71e4f0e8df1746994132",
            "module": "Init.Data.String.Lemmas.StringOrder"
          },
          {
            "digest": "sha256:9c0df7c4db9ad7111685dd10faff32f6f77146c2578213d88d73eada8463e078",
            "module": "Init.Data.String.Lemmas.TakeDrop"
          },
          {
            "digest": "sha256:05e7990ff1747dbbdabca05454317a1bc3f42405933a44d900cb35f6baf849b7",
            "module": "Init.Data.String.Length"
          },
          {
            "digest": "sha256:4863270c12cc56a750116c8b42f68653c5be48f31cc37bfed1efb4cd352ab079",
            "module": "Init.Data.String.Modify"
          },
          {
            "digest": "sha256:d54b7810d052fed0381a0a68660e75eadf5c4fb878ccf2f3bc154a65ea96d39f",
            "module": "Init.Data.String.OrderInstances"
          },
          {
            "digest": "sha256:0dfb17c5530c77f2178f0c384fabd4091eb5b92dd43f7b77f585c14bf359a17c",
            "module": "Init.Data.String.Pattern"
          },
          {
            "digest": "sha256:2a196d66c7a7e3206dd5cff49c77ef51d70c059fcabb602a61f84f9228d8a06a",
            "module": "Init.Data.String.Pattern.Basic"
          },
          {
            "digest": "sha256:80b1febd7e61c3b1f47233b74ff9797686b60318d3ea1cdee0dbbd05d7bb6f05",
            "module": "Init.Data.String.Pattern.Char"
          },
          {
            "digest": "sha256:0d076319fba8a7dfc9f74d4fedeadc3dc900c1f9c7ee93b9092cb8807bae7019",
            "module": "Init.Data.String.Pattern.Pred"
          },
          {
            "digest": "sha256:e2161e883a9397c31d261dfbf89ec91a220952242cdba6a6a42e91a43af2b8a2",
            "module": "Init.Data.String.Pattern.String"
          },
          {
            "digest": "sha256:4dbf4d76e7cc7dc0af972643b5eb8c6194e5a5a538d8475bc4b1a54c7d39c0eb",
            "module": "Init.Data.String.PosRaw"
          },
          {
            "digest": "sha256:39685073da5415d0c4f466328bfc4c7528541cb11917d3239aa9a007e26ba0d3",
            "module": "Init.Data.String.Search"
          },
          {
            "digest": "sha256:d0c6c35d7330cc8530541454c6347e63f47351af57ba0ece6d94d178df6cf2ef",
            "module": "Init.Data.String.Slice"
          },
          {
            "digest": "sha256:00ee0a12e811776c754281ce8b0c002ed1d67a950bb3978e6b2c75e155e43609",
            "module": "Init.Data.String.Stream"
          },
          {
            "digest": "sha256:69b4ce6dc7e71346d82cf9f4601f79784167c36f99e598f1fe7945954a47bf54",
            "module": "Init.Data.String.Subslice"
          },
          {
            "digest": "sha256:692cd66579a7142b9e3f1aae3921262d707063f66db415d35a53591c59e6093e",
            "module": "Init.Data.String.Substring"
          },
          {
            "digest": "sha256:895617ce75004dfe1248ea428029896fd9fbf8f15e8acbba488146055858f6ee",
            "module": "Init.Data.String.TakeDrop"
          },
          {
            "digest": "sha256:0920e2e84b582023d4e154cf3668113c876644a596c40dfd29cad3d1ca368066",
            "module": "Init.Data.String.Termination"
          },
          {
            "digest": "sha256:f7575d843ba5a265b0f40c51d0f3dda5c401e59afd4deb03bc5160fef9d9d826",
            "module": "Init.Data.String.ToSlice"
          },
          {
            "digest": "sha256:2ae12b46177674f17bbada5b59c83787adecce26ffc51b630bfdc5d401260b13",
            "module": "Init.Data.Subtype"
          },
          {
            "digest": "sha256:0cd87b1746e1afcb11c1ceef4366ade4137c5b2f6ecb88d7b748f77efa92ea2c",
            "module": "Init.Data.Subtype.Basic"
          },
          {
            "digest": "sha256:1d1096b1030ebf4be99348ae6dfe739372ef24167adf88c5bea48bab1a92a6a5",
            "module": "Init.Data.Subtype.Order"
          },
          {
            "digest": "sha256:d55e255a141b82d7874db18d83ff2d6ba845452b01387771381e226665e6ddf4",
            "module": "Init.Data.Subtype.OrderExtra"
          },
          {
            "digest": "sha256:9c937830fcf3004c4ba3b9b46a10dda463ed4b19314683b0d1403a9d807fd3e4",
            "module": "Init.Data.Sum"
          },
          {
            "digest": "sha256:071d70c6927c3989a1e0ff5a5defebb7af4e834323b083ebb26956e986a63caf",
            "module": "Init.Data.Sum.Basic"
          },
          {
            "digest": "sha256:4c8b9a50168309a7a0fb7cacbcc50da66e2965668233bcf23bd58309a0ffdf58",
            "module": "Init.Data.Sum.Lemmas"
          },
          {
            "digest": "sha256:eea9ac19a92a368fec1aec824d444b7e8a8677bb2f667cdbe1208383345b03a6",
            "module": "Init.Data.ToString"
          },
          {
            "digest": "sha256:4090aecb15ef237b9fa89fe428ae1cf38018f4716e6c1f33d1568c1bfa62f208",
            "module": "Init.Data.ToString.Basic"
          },
          {
            "digest": "sha256:23eef98133b258bd3cfed58ad1c81f406c47b68287e2b9b305a06308c48c1991",
            "module": "Init.Data.ToString.Extra"
          },
          {
            "digest": "sha256:e9cf7ca1c45207b32b08a39f79a70c0ff01bbc4ebbee8517576588e02ba84600",
            "module": "Init.Data.ToString.Macro"
          },
          {
            "digest": "sha256:12a15aa6d2f33ba261529ed4d8eb7959a3b51a10426db4f690755085b75d85ba",
            "module": "Init.Data.ToString.Name"
          },
          {
            "digest": "sha256:4b2a96fb917623dc369ea730cc55efcd876728e82b4ae8f84b0e6c05dd3c92ae",
            "module": "Init.Data.UInt"
          },
          {
            "digest": "sha256:7f29563243ee93c1b01eb4e1b662cb796e4b23f4809355378a4a5ead2b0571e4",
            "module": "Init.Data.UInt.Basic"
          },
          {
            "digest": "sha256:6ab20e72ccb13e3d3d373b05e1250a7cc04a056a833e0dd6f0a2816c2445c601",
            "module": "Init.Data.UInt.BasicAux"
          },
          {
            "digest": "sha256:f5941237ddbd00af8a89baf29047e4e3638014c063796b57efd031f5723ff477",
            "module": "Init.Data.UInt.Bitwise"
          },
          {
            "digest": "sha256:b9974af3b86009f5407d4b9169dadbb3f2cbf5204dbb555572e2c5e2a186ae2a",
            "module": "Init.Data.UInt.Lemmas"
          },
          {
            "digest": "sha256:179af379b9f8fed966cdb134b1b9128b17ea7499ed2dffff4a826c66576dfad9",
            "module": "Init.Data.UInt.Log2"
          },
          {
            "digest": "sha256:4f9431f6e1e46bbc3c29e5856145b467e770736f60fc9039d8a9c1d526f26f00",
            "module": "Init.Data.ULift"
          },
          {
            "digest": "sha256:bd05dde9d431e5da55619a815c6d7aa650e065ea2aa7f22cfa3c8e7869a69ef0",
            "module": "Init.Data.Vector"
          },
          {
            "digest": "sha256:456b880100b0fb97a2da89d200e34ae63e14f0b32faf03f15cea8aacd070d47b",
            "module": "Init.Data.Vector.Algebra"
          },
          {
            "digest": "sha256:31120b1bb90d3b01f2a1e7fefe7b774143280bf4b4f5d8220ba0453b515cb90d",
            "module": "Init.Data.Vector.Attach"
          },
          {
            "digest": "sha256:0e39c926913fe0a6d7fd4d1f06523c2b9b538cd53bc11401d0a2fc4fec8b5b8f",
            "module": "Init.Data.Vector.Basic"
          },
          {
            "digest": "sha256:75f4a938a563b003818495093e2dad0cd6f335ed3428eb13f37be9ddcd88d302",
            "module": "Init.Data.Vector.Count"
          },
          {
            "digest": "sha256:2d13a1634a66ad3855c38905bc7819779f1dea80097db9f8c5bb9d482c041942",
            "module": "Init.Data.Vector.DecidableEq"
          },
          {
            "digest": "sha256:57819e339dcea4d9d1101bbf8f5e954531f8481dec3f17936693744973e6cd70",
            "module": "Init.Data.Vector.Erase"
          },
          {
            "digest": "sha256:e36813c275af303797e5ffb27cf921c10064df6ecd8d7e1ff6b572fb3933558f",
            "module": "Init.Data.Vector.Extract"
          },
          {
            "digest": "sha256:7ee1e60248a69c03ef16486a44a9b968b6ce8fb57c7ca999543ad77a37c90328",
            "module": "Init.Data.Vector.FinRange"
          },
          {
            "digest": "sha256:59f77aabde372dd7ddd946906238136b6a769b26326e94000ca4df4269a4d45d",
            "module": "Init.Data.Vector.Find"
          },
          {
            "digest": "sha256:9d7af993818242236ce07840c7bb9f8e52d7056e4712f493479ec5f42a2a49c1",
            "module": "Init.Data.Vector.InsertIdx"
          },
          {
            "digest": "sha256:4ed9ab05ed2d0d4736829ea1f042525a1b4fb6940647a65b05112df5b23b3f93",
            "module": "Init.Data.Vector.Int"
          },
          {
            "digest": "sha256:844b451bea955b2f6f4fc64445e60faa14293b9f402c084fc95c5aa859a41548",
            "module": "Init.Data.Vector.Lemmas"
          },
          {
            "digest": "sha256:13cc0274836ae7651064e69b7fce4a137864775b4f0f70ee4c16506260e7b105",
            "module": "Init.Data.Vector.Lex"
          },
          {
            "digest": "sha256:4b92e868746292b1099ee9a3856dbe3de4db7786d8db83ce9c6cb16df9b6e530",
            "module": "Init.Data.Vector.MapIdx"
          },
          {
            "digest": "sha256:c2cdad340470e09950e029e466956f90c36ee43a31a4b681943293a973da5d82",
            "module": "Init.Data.Vector.Monadic"
          },
          {
            "digest": "sha256:0fa978e8a982ea9bfc345dc6afe35f851ad038f11d4002587e86034ed14f7ce3",
            "module": "Init.Data.Vector.Nat"
          },
          {
            "digest": "sha256:b7c700111cb06ece6d6bb67b5653a1ab0ec9dfcd5379cebb968f07a1e42e59e6",
            "module": "Init.Data.Vector.OfFn"
          },
          {
            "digest": "sha256:e3772d22d95a99cf0d2d6a27c754e91c48846dded471406027dd03428c29e312",
            "module": "Init.Data.Vector.Perm"
          },
          {
            "digest": "sha256:c5104e736865d369e96628286a016efca5556bd05f683104f3f267f2b50ccbb5",
            "module": "Init.Data.Vector.Range"
          },
          {
            "digest": "sha256:c7474d356be87550c2e5a977260cf450748bffcc76d6c7406bc7c4ff4ca2f19e",
            "module": "Init.Data.Vector.Stream"
          },
          {
            "digest": "sha256:dc477e7f6c2e7347153014ac2f1f3f6ad382f8155cc4252cf6e83123d6c933b0",
            "module": "Init.Data.Vector.Zip"
          },
          {
            "digest": "sha256:cd18a8b47b18ea3802d5037630fe5c9b7f2d50f1962e067398685c0b645ebc55",
            "module": "Init.Data.Zero"
          },
          {
            "digest": "sha256:320692cf9d8a9421d0a4b08937e42c2399528aa287283608486e984cc33b1b8b",
            "module": "Init.Dynamic"
          },
          {
            "digest": "sha256:52fdcfb6425cd436c48d0ace939e50b2fb7385aef12d037e66d150993a7cc452",
            "module": "Init.Ext"
          },
          {
            "digest": "sha256:ac8fc4abe999a4e3e76b6553a48964b6c573db50f58c2a2232b9613d9441e600",
            "module": "Init.GetElem"
          },
          {
            "digest": "sha256:136179ae6b462ce93ac9c9621c4a0e8125012f7aa16adee07d90f07fcbcc7dc5",
            "module": "Init.Grind"
          },
          {
            "digest": "sha256:d8f335d61ca4b72cbf6cce90c717afabc56950876e9c87fd37cf794b5f5f6e94",
            "module": "Init.Grind.AC"
          },
          {
            "digest": "sha256:87aa942e0555ae214d2cce72ecc0d79502b7ddde260e2799fe8e47b28d17b66f",
            "module": "Init.Grind.Annotated"
          },
          {
            "digest": "sha256:a55a18aa7ff3375c565bf2aaf224e6c86f18b6a36ffcc6c90874a5e8ddf43d46",
            "module": "Init.Grind.Attr"
          },
          {
            "digest": "sha256:3938c39c047feb574f4763f6211f9732c71df2adc9c9992a35001af90a0a6127",
            "module": "Init.Grind.Cases"
          },
          {
            "digest": "sha256:5fe785f0457c8846a460a1b5d35e5836326e64503afe564951458cf3163b1f30",
            "module": "Init.Grind.Config"
          },
          {
            "digest": "sha256:5bce76cf7e7ee6dc0d81326ccbee98ad87b5b6425ee77c0c0cc0eb44a34dfab9",
            "module": "Init.Grind.Ext"
          },
          {
            "digest": "sha256:e86911c562acda8d74b2ec2f2c4a2c51d6b557beb909de903f21fb38d1623e14",
            "module": "Init.Grind.FieldNormNum"
          },
          {
            "digest": "sha256:bb8173b3509107987e203712e034e1abf860cac55768b6b32ab0bd32b588d82d",
            "module": "Init.Grind.Injective"
          },
          {
            "digest": "sha256:3a53a0d0aefb7e250b724e25b7598a5a7f113c2977d2ccba9ab30f5e1966e0f9",
            "module": "Init.Grind.Interactive"
          },
          {
            "digest": "sha256:f05b20c772b52ef512ffea86f3591f2564757e61c6532e8237bcc463c0883b92",
            "module": "Init.Grind.Lemmas"
          },
          {
            "digest": "sha256:91cb39b655204797a3a0b9ad5101a14a44376142bf788320dd3d45ad8b411229",
            "module": "Init.Grind.Lint"
          },
          {
            "digest": "sha256:58815e908c46d4fc49c7a124d738dd1f968f1fbada4a4076918832762b55fc92",
            "module": "Init.Grind.Module"
          },
          {
            "digest": "sha256:6550861c8d6983bca40eb73e282c6e06a555e85236d17e54e72ce2866e3b2f22",
            "module": "Init.Grind.Module.Basic"
          },
          {
            "digest": "sha256:eb0fbf9e8f0f23afaced56f0a11519ce1b42ad2f55f77879a5f3721c4cfd6227",
            "module": "Init.Grind.Module.Envelope"
          },
          {
            "digest": "sha256:f46011efbb53af686ff0c24ba1a4bfd64b20de090835100c7d1b0d5335639b7e",
            "module": "Init.Grind.Module.NatModuleNorm"
          },
          {
            "digest": "sha256:16fb881a9a9ff4a98c34237eecd4e46bd3a7c44e1fe0e4441bb2a3fe9a3b8460",
            "module": "Init.Grind.Module.OfNatModule"
          },
          {
            "digest": "sha256:dc5d0562f1111ce04f2d711ef66d7bb513d1ee7330cee10b1b2f81f4805f9aa1",
            "module": "Init.Grind.Norm"
          },
          {
            "digest": "sha256:f5e1a8e77a5d279f56f60225161f9bd9a4336f289d21eafd8b06172dc053a0af",
            "module": "Init.Grind.Offset"
          },
          {
            "digest": "sha256:94657af3947704d1ebd12d9c1cb301e3ff504b1e04b42759a4d84c6e8e5143bc",
            "module": "Init.Grind.Order"
          },
          {
            "digest": "sha256:6e05e6ae6494679dca2c9e3da8bd1c49d5258601d7eca09f898023b2b8ad0b46",
            "module": "Init.Grind.Ordered"
          },
          {
            "digest": "sha256:1c4c6a9f0f9488c3f7ce2c6b1d6287af8025b9c09916d04d3a4b4187e5e593d0",
            "module": "Init.Grind.Ordered.Field"
          },
          {
            "digest": "sha256:68db41890ba62c1924d5aee9e01c35fe1ae3755a5e66983c8562ea191644a53c",
            "module": "Init.Grind.Ordered.Int"
          },
          {
            "digest": "sha256:d6b418fdb9616a7e5b054d65f294b82893b5ad91be99163df9ba41eba9fee482",
            "module": "Init.Grind.Ordered.Linarith"
          },
          {
            "digest": "sha256:d38f3e39ed615b9e63753113ee6722b953cb556219b0945ab2cdb4a52b9d0b3e",
            "module": "Init.Grind.Ordered.Module"
          },
          {
            "digest": "sha256:3f79c891bc3a3b67144b2ce18f851b682bd821e8734f24ac2119bdf2af1b1155",
            "module": "Init.Grind.Ordered.Order"
          },
          {
            "digest": "sha256:5eb49563c2ac487d316bf1ded254635f0305601a4393934ee7b068f0a9f3bffe",
            "module": "Init.Grind.Ordered.Rat"
          },
          {
            "digest": "sha256:8f54faf75575d65985c1ecc356b9223d0850cd704127a9f3620ec8f0d1afd47b",
            "module": "Init.Grind.Ordered.Ring"
          },
          {
            "digest": "sha256:c24fa95148c61fed23c672f14da7d790124570ad6ec652bf9102f5d0c85a1e97",
            "module": "Init.Grind.PP"
          },
          {
            "digest": "sha256:806c0e47d20a341dd2258ddf17c60b1ee5f75005ab3bdef21af4a678d4b20153",
            "module": "Init.Grind.Propagator"
          },
          {
            "digest": "sha256:f7007f37b3e649e8e2d1392cf165f9dbf700a10564b8b142e5ba16b2f38696c4",
            "module": "Init.Grind.Ring"
          },
          {
            "digest": "sha256:cdb79377d78353c7a621a30124910e75f5239a0f86a39338609d4aa69fdda8d8",
            "module": "Init.Grind.Ring.Basic"
          },
          {
            "digest": "sha256:ad9ad198f58448b0ac7791174dc86771241e1208c2246085cd6e7876babcc43b",
            "module": "Init.Grind.Ring.CommSemiringAdapter"
          },
          {
            "digest": "sha256:c0b681752238dafe1610480e13b720e0f7d76af18ef094ec0fc6f728216a4da5",
            "module": "Init.Grind.Ring.CommSolver"
          },
          {
            "digest": "sha256:4bfe147885a5a4b800a6b1155f1fe50f9d29707a04aea5eefc8aaeb17395f2c0",
            "module": "Init.Grind.Ring.Envelope"
          },
          {
            "digest": "sha256:9555b6d27ef5f84fbcab72b02ac6a1564ad713a2be23f1f715707eecab258cce",
            "module": "Init.Grind.Ring.Field"
          },
          {
            "digest": "sha256:bc5f15a7813b76e24799243bd48b792932e7dff2ee20794a48083c10bf3b2586",
            "module": "Init.Grind.Ring.OfScientific"
          },
          {
            "digest": "sha256:eabc3924ba5a02279b56e9e94ff63b3107483448b85a634a17895523677d2917",
            "module": "Init.Grind.Ring.ToInt"
          },
          {
            "digest": "sha256:f17e5998a45c32897fadf845c06685e7e142d712c96242c32cebc44231c4a27c",
            "module": "Init.Grind.Tactics"
          },
          {
            "digest": "sha256:211b597e91c7d3e620a0db1f66c691a405e7966acfc85bd3850db85624847b0d",
            "module": "Init.Grind.ToInt"
          },
          {
            "digest": "sha256:ac3c224d616e02101913eb21681f0f285e67193cfc9aadf2143e1131c8307595",
            "module": "Init.Grind.ToIntLemmas"
          },
          {
            "digest": "sha256:2f6e0490d2bd796b8e91266337cda452b47600f9763d65556a42153c99cfba5c",
            "module": "Init.Grind.Util"
          },
          {
            "digest": "sha256:4e952f51936efec2da9992864ac27b8cf9e25d691624ba9a5fb282b605f06ada",
            "module": "Init.GrindInstances"
          },
          {
            "digest": "sha256:7cd87534bb9ade7919e1d60268ef75cc6d7b4e72fcf4b609f827ab5155084063",
            "module": "Init.GrindInstances.Nat"
          },
          {
            "digest": "sha256:2adc4746e914e4a6bf24d01378d7085b0d2549df2d506514992266699d02f4b8",
            "module": "Init.GrindInstances.Ring"
          },
          {
            "digest": "sha256:552df1912a3c30e3d5d7badaee682f5e7867ffb7ca2e76da6be8916cad12e1bd",
            "module": "Init.GrindInstances.Ring.BitVec"
          },
          {
            "digest": "sha256:da37335056a6a1d3813e098058e1f7f53c026a5413d58eade6831d49586d3410",
            "module": "Init.GrindInstances.Ring.Fin"
          },
          {
            "digest": "sha256:b133a88e97b53a6f73eaef412060864ddb6bf9ee3d7f5ce2022224f80dfcc9e9",
            "module": "Init.GrindInstances.Ring.Int"
          },
          {
            "digest": "sha256:4b31040487e8330cb0925b151db4f4bd0d428122acd99b04f0f59126a94d3843",
            "module": "Init.GrindInstances.Ring.Nat"
          },
          {
            "digest": "sha256:fafc0b51cd34b517b2287e2ef7d847b125fecef414c33b91d01eb2aaa32bbe20",
            "module": "Init.GrindInstances.Ring.Rat"
          },
          {
            "digest": "sha256:8bad1be7c143dc055f9b68e80c8d2e2f2f3d67ecc17a2bb43745c9c1c8cceec0",
            "module": "Init.GrindInstances.Ring.SInt"
          },
          {
            "digest": "sha256:0b93c79387ed19e8b24b67df74ef9d13f5533fd28384237f93953f1dc9744af8",
            "module": "Init.GrindInstances.Ring.UInt"
          },
          {
            "digest": "sha256:69e0011ab7528755fd2db339a9e8deaf4640b9127d7bb613eda57d1017b4d66b",
            "module": "Init.GrindInstances.ToInt"
          },
          {
            "digest": "sha256:8efa001124d28f4b7e78686ef9accefe303bf5be956bec3ff49a097a73ccde2b",
            "module": "Init.Guard"
          },
          {
            "digest": "sha256:0ebf60e3fdc737637420821b06339f774cb2bbfe3ed9817b70dbda6c93d6a3bf",
            "module": "Init.Hints"
          },
          {
            "digest": "sha256:ec4428addfdcc127383f8fadd7727bc349332ed2b44b5c8c051227e7fa10deeb",
            "module": "Init.Internal"
          },
          {
            "digest": "sha256:2bbeeb75727222dcd199de2f79478dbc0656905325338ad78060cfa42c28dfbc",
            "module": "Init.Internal.Order"
          },
          {
            "digest": "sha256:2417a0ac5fee826a180e34b870fc596a768c7dff0be14473ac1755a45224e487",
            "module": "Init.Internal.Order.Basic"
          },
          {
            "digest": "sha256:b0723db5e187246342aa2da9bce88a8425b63dcd66e3d5cc42f8c2a1b6c51053",
            "module": "Init.Internal.Order.Lemmas"
          },
          {
            "digest": "sha256:bdbf19c0868e150888ddecd74e220bb45392d3d83813bad94adeb860e1658b91",
            "module": "Init.Internal.Order.MonadTail"
          },
          {
            "digest": "sha256:506a9d79d225275d6bc2564530fea32ed32ff8c797661b2a90c9e028c4c03e6f",
            "module": "Init.Internal.Order.Tactic"
          },
          {
            "digest": "sha256:0072eaddd61c4a31e45f13486e0077c2bcbb5da0ca3ae0ce225b0c51e52a1d8c",
            "module": "Init.Internal.Order.While"
          },
          {
            "digest": "sha256:4fafb44a117b9b43075961412b762f685e9da92c1ff4d3b4fa556c5391db478d",
            "module": "Init.LawfulBEqTactics"
          },
          {
            "digest": "sha256:b3d0d4f29d3a6c35067251aea5f413b364e2179d1bac83ccf7b18a1ef017a68c",
            "module": "Init.MacroTrace"
          },
          {
            "digest": "sha256:ca1cd4252a12e4cd0cb64d1effc44a01ac40481f7053cb6a1b474f5fcdfc20ac",
            "module": "Init.Meta"
          },
          {
            "digest": "sha256:a47125b1a6627b4e2dc826470b992559c24dbf86d74d71b87466029d2ded03b8",
            "module": "Init.Meta.Defs"
          },
          {
            "digest": "sha256:f904856cac8f7cd03d1e45643132d955653e9469da9c728611611e3a4531b15c",
            "module": "Init.MetaTypes"
          },
          {
            "digest": "sha256:809f62f6a864fa086487fcaf8370530f73440bdc5eb609f6cf202ea9de59d35e",
            "module": "Init.MethodSpecsSimp"
          },
          {
            "digest": "sha256:b22c9a04c186551d40856ab90b6bd139dcd4aa7fa677038d14baacde0c68c10e",
            "module": "Init.Notation"
          },
          {
            "digest": "sha256:dd6a49a86373e0bdd453e3ecac1ad5df5ffeb4dd34b2824668c06e6710b6bedf",
            "module": "Init.NotationExtra"
          },
          {
            "digest": "sha256:db00a4b7ced8899e9f16e59644ca77d3cfac446bf1e16c30a37e94c2b2276370",
            "module": "Init.Omega"
          },
          {
            "digest": "sha256:595c6c0323b8b3304a825801d48f5caf1bbf5712881fa26e0bc2e883e33f832b",
            "module": "Init.Omega.Coeffs"
          },
          {
            "digest": "sha256:26001e050f648fb65638716714a239e057f2c7fb6a058a33b80f6eccaa86a278",
            "module": "Init.Omega.Constraint"
          },
          {
            "digest": "sha256:70b28691682d319d35447fff07acc9b3a63d8146af745a2923e9f03c732d98b2",
            "module": "Init.Omega.Int"
          },
          {
            "digest": "sha256:5747af9f783c783ac2c090389ff3a6355af536669db2fde5742bbe142cb0273f",
            "module": "Init.Omega.IntList"
          },
          {
            "digest": "sha256:ef0cfd0236a5008a6f4dd5b7253a0d3b0fbb943faf8d42c7abf64eaf9bb5ff58",
            "module": "Init.Omega.LinearCombo"
          },
          {
            "digest": "sha256:240d47221ee0f7375ca40cdc71091740478a2d5d6f1aba1be53d0256099cf4a8",
            "module": "Init.Omega.Logic"
          },
          {
            "digest": "sha256:dbe82f03b59c62f3ee17b8f364e3c44c138c419d53aefa540bdb7e7e1ac63669",
            "module": "Init.Prelude"
          },
          {
            "digest": "sha256:0ee0f4c44533bf10e63c5f6418dc5e90a70aab9e15752fb3de963c512aada3dd",
            "module": "Init.PropLemmas"
          },
          {
            "digest": "sha256:a7b1db0230b63a71f6c036aa20b67e730180a0a8156d7a99dc173f4acc5ac10b",
            "module": "Init.RCases"
          },
          {
            "digest": "sha256:d1a701b1e799ec54a78bf7c50092cd8b96a2f3b3b12d75d9f9847b448b46975c",
            "module": "Init.ShareCommon"
          },
          {
            "digest": "sha256:0f3f19815766c45f0687ee15622cf10b179f84215a7527f6ebfd2087a9236e9c",
            "module": "Init.SimpLemmas"
          },
          {
            "digest": "sha256:349d50844cbec18cbba2cb16809582c3217448e9f92201a5a95570550a228f5a",
            "module": "Init.Simproc"
          },
          {
            "digest": "sha256:9b0a370f07aa27e0708e4a3e4e57608706d31f285da4f6f593b9a02a61442a29",
            "module": "Init.SizeOf"
          },
          {
            "digest": "sha256:e4eac5e702c179fa14ce4f6906a7534ec915fc391ae93f529bf02e3f16261384",
            "module": "Init.SizeOfLemmas"
          },
          {
            "digest": "sha256:614a5f1a1af9e6320df496a0c717cd14424d8622d4329574b4f535298e5e475e",
            "module": "Init.Sym"
          },
          {
            "digest": "sha256:3386e1a5335d936dada590764ceb4b9501b97563a6e8d2b639b65cab444643e2",
            "module": "Init.Sym.DSimp.DSimprocDSL"
          },
          {
            "digest": "sha256:981ca53c41295c24faaf9e0682b1e833cf19566520b25ec2bb32772e69024517",
            "module": "Init.Sym.Lemmas"
          },
          {
            "digest": "sha256:ec5f59364fbf6f946aec8d2fafe662f9c2286e9676bf7b490794964defe81171",
            "module": "Init.Sym.Simp.SimprocDSL"
          },
          {
            "digest": "sha256:976da771da785b00f12d82ec49c14067b8a8de6c4aa1ae439a0b67279ee5d270",
            "module": "Init.Syntax"
          },
          {
            "digest": "sha256:45cda903c81dde40275e25f7dd4bb4daecc300f73f36fca9fa50fc6dc3c6b210",
            "module": "Init.System"
          },
          {
            "digest": "sha256:507dde6e580837807d22c19f8f520197dd4e6cb40b9017354689d5c87d12ad44",
            "module": "Init.System.CancelToken"
          },
          {
            "digest": "sha256:44235108abeb4e2c854d5f6c48b09e8bacd1e35da47f22fb12d296e866fc3972",
            "module": "Init.System.FilePath"
          },
          {
            "digest": "sha256:39e46855600128b377551715ee478db36b7c9e0edf19638a5d0623d0488a34d7",
            "module": "Init.System.IO"
          },
          {
            "digest": "sha256:80bc4133c30a21c393c59afa94be61593a5b0b2745fee5e7b940dc98e546b185",
            "module": "Init.System.IOError"
          },
          {
            "digest": "sha256:4e2e11266ea864535025671c874daa07004c92517b6f2d6a4f5d67d577eca8e7",
            "module": "Init.System.Platform"
          },
          {
            "digest": "sha256:e462ade176645f8e48338c794ed19e2ff023f28793418fc4925f3da015669b19",
            "module": "Init.System.Promise"
          },
          {
            "digest": "sha256:a3fa56bfb2c72be46aef13870e1df4629a94e7d046e03847b0c09eb8ac513b35",
            "module": "Init.System.ST"
          },
          {
            "digest": "sha256:57242c7d026de1f957b668971bf11760dd2da63000adf30f7ed50ae3e2d3bd55",
            "module": "Init.System.Uri"
          },
          {
            "digest": "sha256:db3f4367e2fd22dad9fce110a4554cb59bc5148f23ac5f51501eebc169c1fb9d",
            "module": "Init.Tactics"
          },
          {
            "digest": "sha256:fd4f982400ada683d8190a186113553cec360e415002f43492c3958eea30f24c",
            "module": "Init.TacticsExtra"
          },
          {
            "digest": "sha256:01d2f75d510a1e74f16ea039ac278cd06985b2d99f520a0fa589954d3e3ebe06",
            "module": "Init.Task"
          },
          {
            "digest": "sha256:2a4ce3fade5741e0a6db5cb54d15b459b51f61afd5cf4b1427cfbe21879dba29",
            "module": "Init.Try"
          },
          {
            "digest": "sha256:4be7cba6a8cce4efe874ecfe2d7d4fb0057827fb506bf1f7a6903b2899f3c62a",
            "module": "Init.Util"
          },
          {
            "digest": "sha256:559a366db13b336345ab26a1a3a71d9308543c28738e60b9ebe0264ca325f5b5",
            "module": "Init.WF"
          },
          {
            "digest": "sha256:33bbdf05e06e51ade30d4d392ba2e1b1991d07cef220099e161abe970bbeb3c3",
            "module": "Init.WFComputable"
          },
          {
            "digest": "sha256:5d55e11995506efa7a6c9ea7e7c6c3cec9a8ddbd8d0cbab43d4c182fe9bfd64a",
            "module": "Init.WFExtrinsicFix"
          },
          {
            "digest": "sha256:ded8d39bd78eb8ea7d6d28db82b0209ba0da439415cfee83ab28294419d5f3ad",
            "module": "Init.WFTactics"
          },
          {
            "digest": "sha256:dc3aad244e9151369d800b9ff9bdba4c9cb63ce7cf9a7637421183f2fe182a67",
            "module": "Init.While"
          }
        ],
        "dependencies": [
          {
            "digest": "sha256:8e3538e0ab5f81a3ee04927d8838c8c674e0e112838b4b3ce87ec218143276af",
            "name": "lean-toolchain",
            "source": "repository-file",
            "version": "sha256:8e3538e0ab5f81a3ee04927d8838c8c674e0e112838b4b3ce87ec218143276af"
          }
        ],
        "fingerprintScheme": {
          "name": "lean-expr-structural",
          "version": "2"
        },
        "options": {
          "autoImplicit": false,
          "observedLeanExecutableDigest": "sha256:e8baaa71855a616dc351028f3ad2200051b0671f423a1696a100e809302d5550",
          "toolchainContext": "{\"contextIdentity\":\"sha256:ab6be30b2bcbb720438e414bd908bbbe338dc466803966989acbd2e7fb647dcd\",\"environmentKeys\":[\"HOME\",\"LANG\",\"LC_ALL\",\"LEAN_PATH\",\"PATH\",\"USER\"],\"executionContextVersion\":2,\"lakeIdentity\":\"sha256:60330ab6f07dce20f3fa9ebb08e8b984ea9549eac172afeb15d9d2227060e2b3\",\"lakePath\":\"/home/codex/.elan/toolchains/leanprover--lean4---v4.32.1/bin/lake\",\"leanCommit\":\"f054605aea4b840552cca2e725580bffd1e1b704\",\"leanIdentity\":\"sha256:e8baaa71855a616dc351028f3ad2200051b0671f423a1696a100e809302d5550\",\"leanPath\":\"/home/codex/.elan/toolchains/leanprover--lean4---v4.32.1/bin/lean\",\"leanRelease\":\"4.32.1\",\"libraryRoots\":[\"/home/codex/.cache/ladon-qualification-r57/ladon-application-context-r57-8w3_qhxg/field/repo/.lake/build/lib/lean\"],\"pinContent\":\"leanprover/lean4:v4.32.1\",\"pinDigest\":\"sha256:1794136293e6268095585196e71a7fe32616868c09b27932e351c51c44bbd8e9\",\"repositoryRoot\":\"/home/codex/.cache/ladon-qualification-r57/ladon-application-context-r57-8w3_qhxg/field/repo\",\"selectionMode\":\"explicit\",\"sourceEnumeration\":{\"contextIdentity\":\"sha256:fb1ddc4a4c8b7ea2fd2efda8551e435a543d243e464ccc71b51c083830aac37d\",\"environmentKeys\":[\"HOME\",\"LANG\",\"LC_ALL\",\"LEAN_PATH\",\"PATH\",\"USER\"],\"gitIdentity\":\"sha256:5516c9f362c29376ab9a499a33082f9f611941d8c75930c880e30ad109e39c9a\",\"gitPath\":\"/usr/bin/git\",\"mode\":\"git-with-nonrepository-fallback\",\"schemaVersion\":1},\"sourceTreeIdentity\":\"sha256:b289feb740113effc734f131a80736741c95c6f5a3a4fd884b68160a8b7e67a6\"}",
          "universeClosurePolicy": "lean-level-mvar-succ-zero/v1"
        },
        "prover": {
          "name": "Lean",
          "version": "4.32.1"
        },
        "toolchain": {
          "commit": "f054605aea4b840552cca2e725580bffd1e1b704",
          "name": "Lean",
          "version": "4.32.1"
        },
        "trust": {
          "axiomsAllowed": [
            "*"
          ],
          "unsafeAllowed": false
        }
      },
      "producer": {
        "buildDigest": "sha256:9f7b070485d3f878baaee070511adb04233b855604c65c2834ea25fd3cf0316e",
        "implementation": "python+lean",
        "name": "ladon-semantic-candidate-worker",
        "version": "1"
      },
      "proofirVersion": "3.0",
      "subjectRefs": []
    },
    {
      "artifactId": "sha256:8def844f7dc6b90fa29bb00df03a1a6ece99c7c86e4302114241b1f3854a1653",
      "artifactKind": "proofir.check-run",
      "coverage": {
        "bounds": {
          "maxCandidates": 1
        },
        "decoded": 13,
        "discovered": 13,
        "expected": 13,
        "omitted": [],
        "population": {
          "kind": "worker-result-subjects",
          "selector": {}
        },
        "projected": 13,
        "queryMatched": 13,
        "status": "complete",
        "universeKnown": true,
        "valid": 13
      },
      "environmentRef": "sha256:7490532aa497994bab6996967a8de81bad3bc20317d887784b63bde6f8a37962",
      "extensions": {
        "ladon.process-observation/v1": {
          "analysisCompleteness": "partial",
          "applicationDigest": "sha256:540120ec0e4be4a7ae545183d080b195f599eca87579e608242a91ae677fbf48",
          "applicationObservationVersion": 4,
          "authoritySelection": "explicit-pinned-application-check",
          "bounds": {
            "maxOutputBytes": 8388608,
            "maxRssBytes": 34359738368,
            "timeoutMs": 20000
          },
          "candidate": "BinderFixture.use",
          "command": [
            "/home/codex/.elan/toolchains/leanprover--lean4---v4.32.1/bin/lean",
            "--run",
            "/home/codex/.cache/ladon-qualification-r57/ladon-application-context-r57-8w3_qhxg/py311/lib/python3.11/site-packages/ladon/lean/ladon_semantic_candidate_helper.lean",
            "Ladon.Semantic.ladonSemanticProbe_8f23a2f5c9929630",
            "/tmp/ladon-semantic-check-y2cjg55e/Probe.lean",
            "∀ (α β : Type) [Inhabited α] (x : α) (y : β), (x = x) ∧ (y = y)",
            "sha256:ca3ee3c465435520f2c20f89215b87511c6ddf3f9261a41b4f0f1592d4f26a36",
            "ladonSemanticProbe_8f23a2f5c9929630",
            "BinderFixture.use",
            "req-d4f0e522f4f6a0b36065ddab0c15cfbb",
            "sha256:8ecd52ce3ac43198827d6fc906ea28ececbb19b035cb430650a47156b15f14dc"
          ],
          "environmentRef": "sha256:7490532aa497994bab6996967a8de81bad3bc20317d887784b63bde6f8a37962",
          "evidenceReceipt": {
            "analysisCompleteness": "partial",
            "authorityBasis": "elaborator-check",
            "checkRunRef": "check:6477905e659f82ddf5dbe67ff5c8cd622babc241f658a35f6f892e6cbb9e05f4",
            "environmentMatch": "exact",
            "environmentRef": "sha256:7490532aa497994bab6996967a8de81bad3bc20317d887784b63bde6f8a37962",
            "executionBinding": "explicit-pinned",
            "limitations": [
              "Residual premises remain unverified.",
              "Target modules may execute repository-controlled initializers; this observation is authority-scoped to trusted target code."
            ],
            "observationState": "live",
            "operationOutcome": "accepted",
            "receiptIdentity": "sha256:4607e178ae2d3f7df35e7c657a0584d5ac585065240bd58e849ebb0afdd87ef9",
            "schema": "ladon-evidence-receipt-v1",
            "sourceFreshness": "unknown",
            "subject": {
              "candidate": "BinderFixture.use",
              "goal": "∀ (α β : Type) [Inhabited α] (x : α) (y : β), (x = x) ∧ (y = y)",
              "localContext": [
                {
                  "name": "α",
                  "type": "Type"
                },
                {
                  "name": "β",
                  "type": "Type"
                },
                {
                  "name": "inst._@._hyg.6",
                  "type": "Inhabited α"
                },
                {
                  "name": "x",
                  "type": "α"
                },
                {
                  "name": "y",
                  "type": "β"
                }
              ],
              "module": "BinderFixture"
            }
          },
          "executableDigest": "sha256:e8baaa71855a616dc351028f3ad2200051b0671f423a1696a100e809302d5550",
          "helperDigest": "sha256:906d7358281f0eb60faed964edd84ba83bb1af5119b614f201492f213a99eb85",
          "memoryLimited": false,
          "outputLimited": false,
          "returnCode": 0,
          "semanticProtocol": "ladon-lean-semantic-v4/check-candidate",
          "stderrDigest": "sha256:e3b0c44298fc1c149afbf4c8996fb92427ae41e4649b934ca495991b7852b855",
          "stdoutDigest": "sha256:bc3029954b3cfb4c5aae0021a950785de5cf2afc1bef6510d53eef49b1a5feff",
          "timeout": false,
          "universePolicy": "lean-level-mvar-succ-zero/v1"
        }
      },
      "limitations": [],
      "payload": {
        "bounds": {
          "maxOutputBytes": 8388608,
          "timeoutMs": 20000
        },
        "checkRunId": "check:6477905e659f82ddf5dbe67ff5c8cd622babc241f658a35f6f892e6cbb9e05f4",
        "checker": {
          "executableDigest": "sha256:e8baaa71855a616dc351028f3ad2200051b0671f423a1696a100e809302d5550",
          "implementationDigest": "sha256:906d7358281f0eb60faed964edd84ba83bb1af5119b614f201492f213a99eb85",
          "name": "Lean",
          "version": "4.32.1"
        },
        "guarantee": {
          "authorityBasis": "elaborator-check",
          "scope": "route",
          "statement": "the named Lean elaborator accepted this candidate application shape; residual premises, when present, remain unproved"
        },
        "inputs": {
          "artifactRefs": [
            "sha256:589e4fc30b58f5d88939835457a927f3395158b5cb5749396b9089037379ebec"
          ],
          "environmentRef": "sha256:7490532aa497994bab6996967a8de81bad3bc20317d887784b63bde6f8a37962",
          "subjectRefs": [
            {
              "kind": "statement",
              "localId": "statement:sha256:10326ccc3f3b5d345a3df9a57475579e2822d306fec70bf6df1e9d4505a510ee"
            },
            {
              "kind": "declaration",
              "localId": "declaration:sha256:de1f46d6fbde82c71bdddbc58348d1be55ccc8a8ea69b3466805bf7c6cfd1225"
            },
            {
              "kind": "statement",
              "localId": "statement:sha256:30f58e40db45fcb3cb9366c716d70aa997e99004fa06a89595548130fedb398f"
            },
            {
              "kind": "statement",
              "localId": "statement:sha256:673b9f5568abdd95ec73b8176feb025fab9d7d0fae6eb06193fcc41fa03223d7"
            },
            {
              "kind": "term",
              "localId": "term:sha256:526b26c424ab544625990e7b363346b486e1c80cc74e76b153060fb4ed092dfd"
            },
            {
              "kind": "term",
              "localId": "term:sha256:1d98eb35f394e71743e9122062bbee6e094d25e0bd0872ca5cd875cf239caf5a"
            },
            {
              "kind": "term",
              "localId": "term:sha256:7270756cd72c63c8b869b224d38da39d53519c32e027279b88b80e7851e5eeac"
            },
            {
              "kind": "term",
              "localId": "term:sha256:f31e2f316a7776412635ec24db1aa4bdb7cde59a0258d0dba57e1ed76e333558"
            },
            {
              "kind": "term",
              "localId": "term:sha256:899dd6c4aa650d25cc5684fd56564e00d8d7db5fc6a873d2dda8bea87e479d09"
            },
            {
              "kind": "term",
              "localId": "term:sha256:94b081e63b4c58a5a418f906a772d66a58bab6a581c92cb1be70ade23ecc5a19"
            },
            {
              "kind": "term",
              "localId": "term:sha256:be65361cc5c98172d021b01544fdd5cb2a2de6d9e1b2bca2f09e3b42a8a9b911"
            },
            {
              "kind": "candidate-application",
              "localId": "candidate-application:sha256:540120ec0e4be4a7ae545183d080b195f599eca87579e608242a91ae677fbf48"
            }
          ]
        },
        "operation": "exact-candidate-elaboration",
        "outputs": {
          "stderrDigest": "sha256:e3b0c44298fc1c149afbf4c8996fb92427ae41e4649b934ca495991b7852b855",
          "stdoutDigest": "sha256:bc3029954b3cfb4c5aae0021a950785de5cf2afc1bef6510d53eef49b1a5feff"
        },
        "results": [
          {
            "diagnostics": [],
            "result": "accepted",
            "subjectRef": {
              "kind": "candidate-application",
              "localId": "candidate-application:sha256:540120ec0e4be4a7ae545183d080b195f599eca87579e608242a91ae677fbf48"
            }
          },
          {
            "diagnostics": [],
            "result": "unchecked",
            "subjectRef": {
              "kind": "statement",
              "localId": "statement:sha256:10326ccc3f3b5d345a3df9a57475579e2822d306fec70bf6df1e9d4505a510ee"
            }
          }
        ]
      },
      "producer": {
        "buildDigest": "sha256:9f7b070485d3f878baaee070511adb04233b855604c65c2834ea25fd3cf0316e",
        "implementation": "python+lean",
        "name": "ladon-semantic-candidate-worker",
        "version": "1"
      },
      "proofirVersion": "3.0",
      "subjectRefs": [
        {
          "display": "∀ (α β : Type) [Inhabited α] (x : α) (y : β), x = x ∧ y = y",
          "fingerprint": {
            "digest": "sha256:10326ccc3f3b5d345a3df9a57475579e2822d306fec70bf6df1e9d4505a510ee",
            "scheme": {
              "name": "lean-expr-structural",
              "version": "2"
            }
          },
          "kind": "statement",
          "localId": "statement:sha256:10326ccc3f3b5d345a3df9a57475579e2822d306fec70bf6df1e9d4505a510ee",
          "searchShape": {
            "declarationName": "BinderFixture.use",
            "module": "BinderFixture",
            "requestGoal": "∀ (α β : Type) [Inhabited α] (x : α) (y : β), (x = x) ∧ (y = y)",
            "role": "candidate-goal"
          }
        },
        {
          "display": "BinderFixture.use",
          "fingerprint": {
            "digest": "sha256:de1f46d6fbde82c71bdddbc58348d1be55ccc8a8ea69b3466805bf7c6cfd1225",
            "scheme": {
              "name": "lean-declaration-identity",
              "version": "1"
            }
          },
          "kind": "declaration",
          "localId": "declaration:sha256:de1f46d6fbde82c71bdddbc58348d1be55ccc8a8ea69b3466805bf7c6cfd1225",
          "searchShape": {
            "renderedType": "∀ {α : Type} ⦃β : Type⦄ [Inhabited α] (x : α) (y : β), x = x → y = y → x = x ∧ y = y",
            "typeStatus": "lean-rendered",
            "typeStructural": "Lean.Expr.forallE\n  `α\n  (Lean.Expr.sort (Lean.Level.succ (Lean.Level.zero)))\n  (Lean.Expr.forallE\n    `β\n    (Lean.Expr.sort (Lean.Level.succ (Lean.Level.zero)))\n    (Lean.Expr.forallE\n      (Lean.Name.mkNum (Lean.Name.mkStr (Lean.Name.mkStr (Lean.Name.mkNum `inst.«_@».BinderFixture 3332530522) \"_hygCtx\") \"_hyg\") 4)\n      (Lean.Expr.app (Lean.Expr.const `Inhabited [Lean.Level.succ (Lean.Level.zero)]) (Lean.Expr.bvar 1))\n      (Lean.Expr.forallE\n        `x\n        (Lean.Expr.bvar 2)\n        (Lean.Expr.forallE\n          `y\n          (Lean.Expr.bvar 2)\n          (Lean.Expr.forallE\n            `h\n            (Lean.Expr.app\n              (Lean.Expr.app\n                (Lean.Expr.app (Lean.Expr.const `Eq [Lean.Level.succ (Lean.Level.zero)]) (Lean.Expr.bvar 4))\n                (Lean.Expr.bvar 1))\n              (Lean.Expr.bvar 1))\n            (Lean.Expr.forallE\n              `k\n              (Lean.Expr.app\n                (Lean.Expr.app\n                  (Lean.Expr.app (Lean.Expr.const `Eq [Lean.Level.succ (Lean.Level.zero)]) (Lean.Expr.bvar 4))\n                  (Lean.Expr.bvar 1))\n                (Lean.Expr.bvar 1))\n              (Lean.Expr.app\n                (Lean.Expr.app\n                  (Lean.Expr.const `And [])\n                  (Lean.Expr.app\n                    (Lean.Expr.app\n                      (Lean.Expr.app (Lean.Expr.const `Eq [Lean.Level.succ (Lean.Level.zero)]) (Lean.Expr.bvar 6))\n                      (Lean.Expr.bvar 3))\n                    (Lean.Expr.bvar 3)))\n                (Lean.Expr.app\n                  (Lean.Expr.app\n                    (Lean.Expr.app (Lean.Expr.const `Eq [Lean.Level.succ (Lean.Level.zero)]) (Lean.Expr.bvar 5))\n                    (Lean.Expr.bvar 2))\n                  (Lean.Expr.bvar 2)))\n              (Lean.BinderInfo.default))\n            (Lean.BinderInfo.default))\n          (Lean.BinderInfo.default))\n        (Lean.BinderInfo.default))\n      (Lean.BinderInfo.instImplicit))\n    (Lean.BinderInfo.strictImplicit))\n  (Lean.BinderInfo.implicit)",
            "typeTextTruncated": false
          }
        },
        {
          "display": "x = x",
          "fingerprint": {
            "digest": "sha256:30f58e40db45fcb3cb9366c716d70aa997e99004fa06a89595548130fedb398f",
            "scheme": {
              "name": "lean-expr-structural",
              "version": "2"
            }
          },
          "kind": "statement",
          "localId": "statement:sha256:30f58e40db45fcb3cb9366c716d70aa997e99004fa06a89595548130fedb398f"
        },
        {
          "display": "y = y",
          "fingerprint": {
            "digest": "sha256:673b9f5568abdd95ec73b8176feb025fab9d7d0fae6eb06193fcc41fa03223d7",
            "scheme": {
              "name": "lean-expr-structural",
              "version": "2"
            }
          },
          "kind": "statement",
          "localId": "statement:sha256:673b9f5568abdd95ec73b8176feb025fab9d7d0fae6eb06193fcc41fa03223d7"
        },
        {
          "display": "α",
          "fingerprint": {
            "digest": "sha256:526b26c424ab544625990e7b363346b486e1c80cc74e76b153060fb4ed092dfd",
            "scheme": {
              "name": "lean-expr-structural",
              "version": "2"
            }
          },
          "kind": "term",
          "localId": "term:sha256:526b26c424ab544625990e7b363346b486e1c80cc74e76b153060fb4ed092dfd"
        },
        {
          "display": "β",
          "fingerprint": {
            "digest": "sha256:1d98eb35f394e71743e9122062bbee6e094d25e0bd0872ca5cd875cf239caf5a",
            "scheme": {
              "name": "lean-expr-structural",
              "version": "2"
            }
          },
          "kind": "term",
          "localId": "term:sha256:1d98eb35f394e71743e9122062bbee6e094d25e0bd0872ca5cd875cf239caf5a"
        },
        {
          "display": "inst✝",
          "fingerprint": {
            "digest": "sha256:7270756cd72c63c8b869b224d38da39d53519c32e027279b88b80e7851e5eeac",
            "scheme": {
              "name": "lean-expr-structural",
              "version": "2"
            }
          },
          "kind": "term",
          "localId": "term:sha256:7270756cd72c63c8b869b224d38da39d53519c32e027279b88b80e7851e5eeac"
        },
        {
          "display": "x",
          "fingerprint": {
            "digest": "sha256:f31e2f316a7776412635ec24db1aa4bdb7cde59a0258d0dba57e1ed76e333558",
            "scheme": {
              "name": "lean-expr-structural",
              "version": "2"
            }
          },
          "kind": "term",
          "localId": "term:sha256:f31e2f316a7776412635ec24db1aa4bdb7cde59a0258d0dba57e1ed76e333558"
        },
        {
          "display": "y",
          "fingerprint": {
            "digest": "sha256:899dd6c4aa650d25cc5684fd56564e00d8d7db5fc6a873d2dda8bea87e479d09",
            "scheme": {
              "name": "lean-expr-structural",
              "version": "2"
            }
          },
          "kind": "term",
          "localId": "term:sha256:899dd6c4aa650d25cc5684fd56564e00d8d7db5fc6a873d2dda8bea87e479d09"
        },
        {
          "display": "?h",
          "fingerprint": {
            "digest": "sha256:94b081e63b4c58a5a418f906a772d66a58bab6a581c92cb1be70ade23ecc5a19",
            "scheme": {
              "name": "lean-expr-structural",
              "version": "2"
            }
          },
          "kind": "term",
          "localId": "term:sha256:94b081e63b4c58a5a418f906a772d66a58bab6a581c92cb1be70ade23ecc5a19"
        },
        {
          "display": "?k",
          "fingerprint": {
            "digest": "sha256:be65361cc5c98172d021b01544fdd5cb2a2de6d9e1b2bca2f09e3b42a8a9b911",
            "scheme": {
              "name": "lean-expr-structural",
              "version": "2"
            }
          },
          "kind": "term",
          "localId": "term:sha256:be65361cc5c98172d021b01544fdd5cb2a2de6d9e1b2bca2f09e3b42a8a9b911"
        },
        {
          "display": "Lean check run",
          "kind": "check-run",
          "localId": "check:6477905e659f82ddf5dbe67ff5c8cd622babc241f658a35f6f892e6cbb9e05f4"
        },
        {
          "display": "candidate application",
          "fingerprint": {
            "digest": "sha256:540120ec0e4be4a7ae545183d080b195f599eca87579e608242a91ae677fbf48",
            "scheme": {
              "name": "lean-candidate-application",
              "version": "2"
            }
          },
          "kind": "candidate-application",
          "localId": "candidate-application:sha256:540120ec0e4be4a7ae545183d080b195f599eca87579e608242a91ae677fbf48",
          "searchShape": {
            "applicationObservationVersion": 4,
            "applicationTerm": "BinderFixture.use x y ?h ?k",
            "candidate": "BinderFixture.use",
            "dischargedHypotheses": [],
            "localContext": [
              {
                "binderInfo": "Lean.BinderInfo.default",
                "dependencies": [],
                "localId": "local:0",
                "origin": "goal-introduced",
                "typeDisplay": "Type",
                "typeStructural": "Lean.Expr.sort (Lean.Level.succ (Lean.Level.zero))",
                "userName": "α",
                "valueDisplay": "",
                "valueStructural": ""
              },
              {
                "binderInfo": "Lean.BinderInfo.default",
                "dependencies": [],
                "localId": "local:1",
                "origin": "goal-introduced",
                "typeDisplay": "Type",
                "typeStructural": "Lean.Expr.sort (Lean.Level.succ (Lean.Level.zero))",
                "userName": "β",
                "valueDisplay": "",
                "valueStructural": ""
              },
              {
                "binderInfo": "Lean.BinderInfo.instImplicit",
                "dependencies": [
                  "local:0"
                ],
                "localId": "local:2",
                "origin": "goal-introduced",
                "typeDisplay": "Inhabited α",
                "typeStructural": "Lean.Expr.app\n  (Lean.Expr.const `Inhabited [Lean.Level.succ (Lean.Level.zero)])\n  (Lean.Expr.fvar (Lean.Name.mkNum `_uniq 9))",
                "userName": "inst._@._hyg.6",
                "valueDisplay": "",
                "valueStructural": ""
              },
              {
                "binderInfo": "Lean.BinderInfo.default",
                "dependencies": [
                  "local:0"
                ],
                "localId": "local:3",
                "origin": "goal-introduced",
                "typeDisplay": "α",
                "typeStructural": "Lean.Expr.fvar (Lean.Name.mkNum `_uniq 9)",
                "userName": "x",
                "valueDisplay": "",
                "valueStructural": ""
              },
              {
                "binderInfo": "Lean.BinderInfo.default",
                "dependencies": [
                  "local:1"
                ],
                "localId": "local:4",
                "origin": "goal-introduced",
                "typeDisplay": "β",
                "typeStructural": "Lean.Expr.fvar (Lean.Name.mkNum `_uniq 12)",
                "userName": "y",
                "valueDisplay": "",
                "valueStructural": ""
              }
            ],
            "residualContexts": [
              {
                "goalId": "_uniq.36",
                "localContext": [
                  {
                    "binderInfo": "Lean.BinderInfo.default",
                    "dependencies": [],
                    "localId": "local:0",
                    "origin": "goal-introduced",
                    "typeDisplay": "Type",
                    "typeStructural": "Lean.Expr.sort (Lean.Level.succ (Lean.Level.zero))",
                    "userName": "α",
                    "valueDisplay": "",
                    "valueStructural": ""
                  },
                  {
                    "binderInfo": "Lean.BinderInfo.default",
                    "dependencies": [],
                    "localId": "local:1",
                    "origin": "goal-introduced",
                    "typeDisplay": "Type",
                    "typeStructural": "Lean.Expr.sort (Lean.Level.succ (Lean.Level.zero))",
                    "userName": "β",
                    "valueDisplay": "",
                    "valueStructural": ""
                  },
                  {
                    "binderInfo": "Lean.BinderInfo.instImplicit",
                    "dependencies": [
                      "local:0"
                    ],
                    "localId": "local:2",
                    "origin": "goal-introduced",
                    "typeDisplay": "Inhabited α",
                    "typeStructural": "Lean.Expr.app\n  (Lean.Expr.const `Inhabited [Lean.Level.succ (Lean.Level.zero)])\n  (Lean.Expr.fvar (Lean.Name.mkNum `_uniq 9))",
                    "userName": "inst._@._hyg.6",
                    "valueDisplay": "",
                    "valueStructural": ""
                  },
                  {
                    "binderInfo": "Lean.BinderInfo.default",
                    "dependencies": [
                      "local:0"
                    ],
                    "localId": "local:3",
                    "origin": "goal-introduced",
                    "typeDisplay": "α",
                    "typeStructural": "Lean.Expr.fvar (Lean.Name.mkNum `_uniq 9)",
                    "userName": "x",
                    "valueDisplay": "",
                    "valueStructural": ""
                  },
                  {
                    "binderInfo": "Lean.BinderInfo.default",
                    "dependencies": [
                      "local:1"
                    ],
                    "localId": "local:4",
                    "origin": "goal-introduced",
                    "typeDisplay": "β",
                    "typeStructural": "Lean.Expr.fvar (Lean.Name.mkNum `_uniq 12)",
                    "userName": "y",
                    "valueDisplay": "",
                    "valueStructural": ""
                  }
                ]
              },
              {
                "goalId": "_uniq.37",
                "localContext": [
                  {
                    "binderInfo": "Lean.BinderInfo.default",
                    "dependencies": [],
                    "localId": "local:0",
                    "origin": "goal-introduced",
                    "typeDisplay": "Type",
                    "typeStructural": "Lean.Expr.sort (Lean.Level.succ (Lean.Level.zero))",
                    "userName": "α",
                    "valueDisplay": "",
                    "valueStructural": ""
                  },
                  {
                    "binderInfo": "Lean.BinderInfo.default",
                    "dependencies": [],
                    "localId": "local:1",
                    "origin": "goal-introduced",
                    "typeDisplay": "Type",
                    "typeStructural": "Lean.Expr.sort (Lean.Level.succ (Lean.Level.zero))",
                    "userName": "β",
                    "valueDisplay": "",
                    "valueStructural": ""
                  },
                  {
                    "binderInfo": "Lean.BinderInfo.instImplicit",
                    "dependencies": [
                      "local:0"
                    ],
                    "localId": "local:2",
                    "origin": "goal-introduced",
                    "typeDisplay": "Inhabited α",
                    "typeStructural": "Lean.Expr.app\n  (Lean.Expr.const `Inhabited [Lean.Level.succ (Lean.Level.zero)])\n  (Lean.Expr.fvar (Lean.Name.mkNum `_uniq 9))",
                    "userName": "inst._@._hyg.6",
                    "valueDisplay": "",
                    "valueStructural": ""
                  },
                  {
                    "binderInfo": "Lean.BinderInfo.default",
                    "dependencies": [
                      "local:0"
                    ],
                    "localId": "local:3",
                    "origin": "goal-introduced",
                    "typeDisplay": "α",
                    "typeStructural": "Lean.Expr.fvar (Lean.Name.mkNum `_uniq 9)",
                    "userName": "x",
                    "valueDisplay": "",
                    "valueStructural": ""
                  },
                  {
                    "binderInfo": "Lean.BinderInfo.default",
                    "dependencies": [
                      "local:1"
                    ],
                    "localId": "local:4",
                    "origin": "goal-introduced",
                    "typeDisplay": "β",
                    "typeStructural": "Lean.Expr.fvar (Lean.Name.mkNum `_uniq 12)",
                    "userName": "y",
                    "valueDisplay": "",
                    "valueStructural": ""
                  }
                ]
              }
            ],
            "residualPremises": [
              {
                "typeDisplay": "x = x",
                "typeStructural": "Lean.Expr.app\n  (Lean.Expr.app\n    (Lean.Expr.app\n      (Lean.Expr.const `Eq [Lean.Level.succ (Lean.Level.zero)])\n      (Lean.Expr.fvar (Lean.Name.mkNum `_uniq 9)))\n    (Lean.Expr.fvar (Lean.Name.mkNum `_uniq 18)))\n  (Lean.Expr.fvar (Lean.Name.mkNum `_uniq 18))"
              },
              {
                "typeDisplay": "y = y",
                "typeStructural": "Lean.Expr.app\n  (Lean.Expr.app\n    (Lean.Expr.app\n      (Lean.Expr.const `Eq [Lean.Level.succ (Lean.Level.zero)])\n      (Lean.Expr.fvar (Lean.Name.mkNum `_uniq 12)))\n    (Lean.Expr.fvar (Lean.Name.mkNum `_uniq 21)))\n  (Lean.Expr.fvar (Lean.Name.mkNum `_uniq 21))"
              }
            ],
            "selectedDeclaration": {
              "binders": [
                {
                  "binderInfo": "Lean.BinderInfo.implicit",
                  "dependencies": [],
                  "localId": "local:0",
                  "origin": "declaration-parameter",
                  "typeDisplay": "Type",
                  "typeStructural": "Lean.Expr.sort (Lean.Level.succ (Lean.Level.zero))",
                  "userName": "α",
                  "valueDisplay": "",
                  "valueStructural": ""
                },
                {
                  "binderInfo": "Lean.BinderInfo.strictImplicit",
                  "dependencies": [],
                  "localId": "local:1",
                  "origin": "declaration-parameter",
                  "typeDisplay": "Type",
                  "typeStructural": "Lean.Expr.sort (Lean.Level.succ (Lean.Level.zero))",
                  "userName": "β",
                  "valueDisplay": "",
                  "valueStructural": ""
                },
                {
                  "binderInfo": "Lean.BinderInfo.instImplicit",
                  "dependencies": [
                    "local:0"
                  ],
                  "localId": "local:2",
                  "origin": "declaration-parameter",
                  "typeDisplay": "Inhabited α",
                  "typeStructural": "Lean.Expr.app\n  (Lean.Expr.const `Inhabited [Lean.Level.succ (Lean.Level.zero)])\n  (Lean.Expr.fvar (Lean.Name.mkNum `_uniq 41))",
                  "userName": "inst._@.BinderFixture.3332530522._hygCtx._hyg.4",
                  "valueDisplay": "",
                  "valueStructural": ""
                },
                {
                  "binderInfo": "Lean.BinderInfo.default",
                  "dependencies": [
                    "local:0"
                  ],
                  "localId": "local:3",
                  "origin": "declaration-parameter",
                  "typeDisplay": "α",
                  "typeStructural": "Lean.Expr.fvar (Lean.Name.mkNum `_uniq 41)",
                  "userName": "x",
                  "valueDisplay": "",
                  "valueStructural": ""
                },
                {
                  "binderInfo": "Lean.BinderInfo.default",
                  "dependencies": [
                    "local:1"
                  ],
                  "localId": "local:4",
                  "origin": "declaration-parameter",
                  "typeDisplay": "β",
                  "typeStructural": "Lean.Expr.fvar (Lean.Name.mkNum `_uniq 42)",
                  "userName": "y",
                  "valueDisplay": "",
                  "valueStructural": ""
                },
                {
                  "binderInfo": "Lean.BinderInfo.default",
                  "dependencies": [
                    "local:0",
                    "local:3"
                  ],
                  "localId": "local:5",
                  "origin": "declaration-parameter",
                  "typeDisplay": "x = x",
                  "typeStructural": "Lean.Expr.app\n  (Lean.Expr.app\n    (Lean.Expr.app\n      (Lean.Expr.const `Eq [Lean.Level.succ (Lean.Level.zero)])\n      (Lean.Expr.fvar (Lean.Name.mkNum `_uniq 41)))\n    (Lean.Expr.fvar (Lean.Name.mkNum `_uniq 44)))\n  (Lean.Expr.fvar (Lean.Name.mkNum `_uniq 44))",
                  "userName": "h",
                  "valueDisplay": "",
                  "valueStructural": ""
                },
                {
                  "binderInfo": "Lean.BinderInfo.default",
                  "dependencies": [
                    "local:1",
                    "local:4"
                  ],
                  "localId": "local:6",
                  "origin": "declaration-parameter",
                  "typeDisplay": "y = y",
                  "typeStructural": "Lean.Expr.app\n  (Lean.Expr.app\n    (Lean.Expr.app\n      (Lean.Expr.const `Eq [Lean.Level.succ (Lean.Level.zero)])\n      (Lean.Expr.fvar (Lean.Name.mkNum `_uniq 42)))\n    (Lean.Expr.fvar (Lean.Name.mkNum `_uniq 45)))\n  (Lean.Expr.fvar (Lean.Name.mkNum `_uniq 45))",
                  "userName": "k",
                  "valueDisplay": "",
                  "valueStructural": ""
                }
              ],
              "name": "BinderFixture.use",
              "typeDisplay": "∀ {α : Type} ⦃β : Type⦄ [Inhabited α] (x : α) (y : β), x = x → y = y → x = x ∧ y = y",
              "typeStructural": "Lean.Expr.forallE\n  `α\n  (Lean.Expr.sort (Lean.Level.succ (Lean.Level.zero)))\n  (Lean.Expr.forallE\n    `β\n    (Lean.Expr.sort (Lean.Level.succ (Lean.Level.zero)))\n    (Lean.Expr.forallE\n      (Lean.Name.mkNum (Lean.Name.mkStr (Lean.Name.mkStr (Lean.Name.mkNum `inst.«_@».BinderFixture 3332530522) \"_hygCtx\") \"_hyg\") 4)\n      (Lean.Expr.app (Lean.Expr.const `Inhabited [Lean.Level.succ (Lean.Level.zero)]) (Lean.Expr.bvar 1))\n      (Lean.Expr.forallE\n        `x\n        (Lean.Expr.bvar 2)\n        (Lean.Expr.forallE\n          `y\n          (Lean.Expr.bvar 2)\n          (Lean.Expr.forallE\n            `h\n            (Lean.Expr.app\n              (Lean.Expr.app\n                (Lean.Expr.app (Lean.Expr.const `Eq [Lean.Level.succ (Lean.Level.zero)]) (Lean.Expr.bvar 4))\n                (Lean.Expr.bvar 1))\n              (Lean.Expr.bvar 1))\n            (Lean.Expr.forallE\n              `k\n              (Lean.Expr.app\n                (Lean.Expr.app\n                  (Lean.Expr.app (Lean.Expr.const `Eq [Lean.Level.succ (Lean.Level.zero)]) (Lean.Expr.bvar 4))\n                  (Lean.Expr.bvar 1))\n                (Lean.Expr.bvar 1))\n              (Lean.Expr.app\n                (Lean.Expr.app\n                  (Lean.Expr.const `And [])\n                  (Lean.Expr.app\n                    (Lean.Expr.app\n                      (Lean.Expr.app (Lean.Expr.const `Eq [Lean.Level.succ (Lean.Level.zero)]) (Lean.Expr.bvar 6))\n                      (Lean.Expr.bvar 3))\n                    (Lean.Expr.bvar 3)))\n                (Lean.Expr.app\n                  (Lean.Expr.app\n                    (Lean.Expr.app (Lean.Expr.const `Eq [Lean.Level.succ (Lean.Level.zero)]) (Lean.Expr.bvar 5))\n                    (Lean.Expr.bvar 2))\n                  (Lean.Expr.bvar 2)))\n              (Lean.BinderInfo.default))\n            (Lean.BinderInfo.default))\n          (Lean.BinderInfo.default))\n        (Lean.BinderInfo.default))\n      (Lean.BinderInfo.instImplicit))\n    (Lean.BinderInfo.strictImplicit))\n  (Lean.BinderInfo.implicit)"
            },
            "semanticProtocol": "ladon-lean-semantic-v4/check-candidate",
            "substitutions": [
              {
                "termDisplay": "α",
                "termStructural": "Lean.Expr.fvar (Lean.Name.mkNum `_uniq 9)",
                "variable": "α"
              },
              {
                "termDisplay": "β",
                "termStructural": "Lean.Expr.fvar (Lean.Name.mkNum `_uniq 12)",
                "variable": "β"
              },
              {
                "termDisplay": "inst✝",
                "termStructural": "Lean.Expr.fvar (Lean.Name.mkNum `_uniq 15)",
                "variable": "inst._@.BinderFixture.3332530522._hygCtx._hyg.4"
              },
              {
                "termDisplay": "x",
                "termStructural": "Lean.Expr.fvar (Lean.Name.mkNum `_uniq 18)",
                "variable": "x"
              },
              {
                "termDisplay": "y",
                "termStructural": "Lean.Expr.fvar (Lean.Name.mkNum `_uniq 21)",
                "variable": "y"
              },
              {
                "termDisplay": "?h",
                "termStructural": "Lean.Expr.mvar (Lean.Name.mkNum `_uniq 36)",
                "variable": "h"
              },
              {
                "termDisplay": "?k",
                "termStructural": "Lean.Expr.mvar (Lean.Name.mkNum `_uniq 37)",
                "variable": "k"
              }
            ]
          }
        }
      ]
    },
    {
      "artifactId": "sha256:002aa045c0891ea8e1d1a799de473d5bc499e5b45a45d0c40e2bd61bd4ad4a6e",
      "artifactKind": "proofir.attempt-log",
      "coverage": {
        "bounds": {
          "maxCandidates": 1
        },
        "decoded": 14,
        "discovered": 14,
        "expected": 14,
        "omitted": [],
        "population": {
          "kind": "worker-result-subjects",
          "selector": {}
        },
        "projected": 14,
        "queryMatched": 14,
        "status": "complete",
        "universeKnown": true,
        "valid": 14
      },
      "environmentRef": "sha256:7490532aa497994bab6996967a8de81bad3bc20317d887784b63bde6f8a37962",
      "extensions": {
        "ladon.lean-attempt-context/v1": {
          "attemptId": "attempt:sha256:f99220f65435ba13fc86efd882b009d7cd3b4e77e0f3a957ce3cac3eb1c96000",
          "localContextRef": {
            "kind": "local-context",
            "localId": "local-context:sha256:f381c7bf2013d43954f72ae6fdce89e0afdf5f2764bb2affbfd79b3de58f0641"
          }
        },
        "ladon.premise-discharge/v1": {
          "rows": []
        }
      },
      "limitations": [
        {
          "id": "application-has-residual-premises",
          "message": "Lean accepted the candidate application shape, but the residual premises are not discharged and this attempt is not a proof."
        }
      ],
      "payload": {
        "attemptLogId": "attempt-log:sha256:f99220f65435ba13fc86efd882b009d7cd3b4e77e0f3a957ce3cac3eb1c96000",
        "attempts": [
          {
            "attemptId": "attempt:sha256:f99220f65435ba13fc86efd882b009d7cd3b4e77e0f3a957ce3cac3eb1c96000",
            "checkRunRef": {
              "artifactRef": "sha256:8def844f7dc6b90fa29bb00df03a1a6ece99c7c86e4302114241b1f3854a1653",
              "kind": "check-run",
              "localId": "check:6477905e659f82ddf5dbe67ff5c8cd622babc241f658a35f6f892e6cbb9e05f4"
            },
            "conclusionRef": {
              "kind": "statement",
              "localId": "statement:sha256:10326ccc3f3b5d345a3df9a57475579e2822d306fec70bf6df1e9d4505a510ee"
            },
            "diagnostics": [],
            "outcome": "accepted",
            "premiseRefs": [
              {
                "kind": "statement",
                "localId": "statement:sha256:30f58e40db45fcb3cb9366c716d70aa997e99004fa06a89595548130fedb398f"
              },
              {
                "kind": "statement",
                "localId": "statement:sha256:673b9f5568abdd95ec73b8176feb025fab9d7d0fae6eb06193fcc41fa03223d7"
              }
            ],
            "ruleRef": {
              "kind": "declaration",
              "localId": "declaration:sha256:de1f46d6fbde82c71bdddbc58348d1be55ccc8a8ea69b3466805bf7c6cfd1225"
            },
            "stepRef": {
              "kind": "derivation-step",
              "localId": "step:sha256:f99220f65435ba13fc86efd882b009d7cd3b4e77e0f3a957ce3cac3eb1c96000"
            },
            "substitutions": [
              {
                "termRef": {
                  "kind": "term",
                  "localId": "term:sha256:526b26c424ab544625990e7b363346b486e1c80cc74e76b153060fb4ed092dfd"
                },
                "variable": "α"
              },
              {
                "termRef": {
                  "kind": "term",
                  "localId": "term:sha256:1d98eb35f394e71743e9122062bbee6e094d25e0bd0872ca5cd875cf239caf5a"
                },
                "variable": "β"
              },
              {
                "termRef": {
                  "kind": "term",
                  "localId": "term:sha256:7270756cd72c63c8b869b224d38da39d53519c32e027279b88b80e7851e5eeac"
                },
                "variable": "inst._@.BinderFixture.3332530522._hygCtx._hyg.4"
              },
              {
                "termRef": {
                  "kind": "term",
                  "localId": "term:sha256:f31e2f316a7776412635ec24db1aa4bdb7cde59a0258d0dba57e1ed76e333558"
                },
                "variable": "x"
              },
              {
                "termRef": {
                  "kind": "term",
                  "localId": "term:sha256:899dd6c4aa650d25cc5684fd56564e00d8d7db5fc6a873d2dda8bea87e479d09"
                },
                "variable": "y"
              },
              {
                "termRef": {
                  "kind": "term",
                  "localId": "term:sha256:94b081e63b4c58a5a418f906a772d66a58bab6a581c92cb1be70ade23ecc5a19"
                },
                "variable": "h"
              },
              {
                "termRef": {
                  "kind": "term",
                  "localId": "term:sha256:be65361cc5c98172d021b01544fdd5cb2a2de6d9e1b2bca2f09e3b42a8a9b911"
                },
                "variable": "k"
              }
            ]
          }
        ],
        "goalRef": {
          "kind": "statement",
          "localId": "statement:sha256:10326ccc3f3b5d345a3df9a57475579e2822d306fec70bf6df1e9d4505a510ee"
        },
        "summary": {
          "outcome": "incomplete",
          "residualPremiseRefs": [
            {
              "kind": "statement",
              "localId": "statement:sha256:30f58e40db45fcb3cb9366c716d70aa997e99004fa06a89595548130fedb398f"
            },
            {
              "kind": "statement",
              "localId": "statement:sha256:673b9f5568abdd95ec73b8176feb025fab9d7d0fae6eb06193fcc41fa03223d7"
            }
          ]
        }
      },
      "producer": {
        "buildDigest": "sha256:9f7b070485d3f878baaee070511adb04233b855604c65c2834ea25fd3cf0316e",
        "implementation": "python+lean",
        "name": "ladon-semantic-candidate-worker",
        "version": "1"
      },
      "proofirVersion": "3.0",
      "subjectRefs": [
        {
          "display": "∀ (α β : Type) [Inhabited α] (x : α) (y : β), x = x ∧ y = y",
          "fingerprint": {
            "digest": "sha256:10326ccc3f3b5d345a3df9a57475579e2822d306fec70bf6df1e9d4505a510ee",
            "scheme": {
              "name": "lean-expr-structural",
              "version": "2"
            }
          },
          "kind": "statement",
          "localId": "statement:sha256:10326ccc3f3b5d345a3df9a57475579e2822d306fec70bf6df1e9d4505a510ee",
          "searchShape": {
            "declarationName": "BinderFixture.use",
            "module": "BinderFixture",
            "requestGoal": "∀ (α β : Type) [Inhabited α] (x : α) (y : β), (x = x) ∧ (y = y)",
            "role": "candidate-goal"
          }
        },
        {
          "display": "BinderFixture.use",
          "fingerprint": {
            "digest": "sha256:de1f46d6fbde82c71bdddbc58348d1be55ccc8a8ea69b3466805bf7c6cfd1225",
            "scheme": {
              "name": "lean-declaration-identity",
              "version": "1"
            }
          },
          "kind": "declaration",
          "localId": "declaration:sha256:de1f46d6fbde82c71bdddbc58348d1be55ccc8a8ea69b3466805bf7c6cfd1225",
          "searchShape": {
            "renderedType": "∀ {α : Type} ⦃β : Type⦄ [Inhabited α] (x : α) (y : β), x = x → y = y → x = x ∧ y = y",
            "typeStatus": "lean-rendered",
            "typeStructural": "Lean.Expr.forallE\n  `α\n  (Lean.Expr.sort (Lean.Level.succ (Lean.Level.zero)))\n  (Lean.Expr.forallE\n    `β\n    (Lean.Expr.sort (Lean.Level.succ (Lean.Level.zero)))\n    (Lean.Expr.forallE\n      (Lean.Name.mkNum (Lean.Name.mkStr (Lean.Name.mkStr (Lean.Name.mkNum `inst.«_@».BinderFixture 3332530522) \"_hygCtx\") \"_hyg\") 4)\n      (Lean.Expr.app (Lean.Expr.const `Inhabited [Lean.Level.succ (Lean.Level.zero)]) (Lean.Expr.bvar 1))\n      (Lean.Expr.forallE\n        `x\n        (Lean.Expr.bvar 2)\n        (Lean.Expr.forallE\n          `y\n          (Lean.Expr.bvar 2)\n          (Lean.Expr.forallE\n            `h\n            (Lean.Expr.app\n              (Lean.Expr.app\n                (Lean.Expr.app (Lean.Expr.const `Eq [Lean.Level.succ (Lean.Level.zero)]) (Lean.Expr.bvar 4))\n                (Lean.Expr.bvar 1))\n              (Lean.Expr.bvar 1))\n            (Lean.Expr.forallE\n              `k\n              (Lean.Expr.app\n                (Lean.Expr.app\n                  (Lean.Expr.app (Lean.Expr.const `Eq [Lean.Level.succ (Lean.Level.zero)]) (Lean.Expr.bvar 4))\n                  (Lean.Expr.bvar 1))\n                (Lean.Expr.bvar 1))\n              (Lean.Expr.app\n                (Lean.Expr.app\n                  (Lean.Expr.const `And [])\n                  (Lean.Expr.app\n                    (Lean.Expr.app\n                      (Lean.Expr.app (Lean.Expr.const `Eq [Lean.Level.succ (Lean.Level.zero)]) (Lean.Expr.bvar 6))\n                      (Lean.Expr.bvar 3))\n                    (Lean.Expr.bvar 3)))\n                (Lean.Expr.app\n                  (Lean.Expr.app\n                    (Lean.Expr.app (Lean.Expr.const `Eq [Lean.Level.succ (Lean.Level.zero)]) (Lean.Expr.bvar 5))\n                    (Lean.Expr.bvar 2))\n                  (Lean.Expr.bvar 2)))\n              (Lean.BinderInfo.default))\n            (Lean.BinderInfo.default))\n          (Lean.BinderInfo.default))\n        (Lean.BinderInfo.default))\n      (Lean.BinderInfo.instImplicit))\n    (Lean.BinderInfo.strictImplicit))\n  (Lean.BinderInfo.implicit)",
            "typeTextTruncated": false
          }
        },
        {
          "display": "local context",
          "fingerprint": {
            "digest": "sha256:f381c7bf2013d43954f72ae6fdce89e0afdf5f2764bb2affbfd79b3de58f0641",
            "scheme": {
              "name": "lean-local-context",
              "version": "1"
            }
          },
          "kind": "local-context",
          "localId": "local-context:sha256:f381c7bf2013d43954f72ae6fdce89e0afdf5f2764bb2affbfd79b3de58f0641",
          "searchShape": {
            "environmentRef": "sha256:7490532aa497994bab6996967a8de81bad3bc20317d887784b63bde6f8a37962",
            "orderedLocals": [
              {
                "binderInfo": "Lean.BinderInfo.default",
                "dependencies": [],
                "localId": "local:0",
                "origin": "goal-introduced",
                "typeDisplay": "Type",
                "typeStructural": "Lean.Expr.sort (Lean.Level.succ (Lean.Level.zero))",
                "userName": "α",
                "valueDisplay": "",
                "valueStructural": ""
              },
              {
                "binderInfo": "Lean.BinderInfo.default",
                "dependencies": [],
                "localId": "local:1",
                "origin": "goal-introduced",
                "typeDisplay": "Type",
                "typeStructural": "Lean.Expr.sort (Lean.Level.succ (Lean.Level.zero))",
                "userName": "β",
                "valueDisplay": "",
                "valueStructural": ""
              },
              {
                "binderInfo": "Lean.BinderInfo.instImplicit",
                "dependencies": [
                  "local:0"
                ],
                "localId": "local:2",
                "origin": "goal-introduced",
                "typeDisplay": "Inhabited α",
                "typeStructural": "Lean.Expr.app\n  (Lean.Expr.const `Inhabited [Lean.Level.succ (Lean.Level.zero)])\n  (Lean.Expr.fvar (Lean.Name.mkNum `_uniq 9))",
                "userName": "inst._@._hyg.6",
                "valueDisplay": "",
                "valueStructural": ""
              },
              {
                "binderInfo": "Lean.BinderInfo.default",
                "dependencies": [
                  "local:0"
                ],
                "localId": "local:3",
                "origin": "goal-introduced",
                "typeDisplay": "α",
                "typeStructural": "Lean.Expr.fvar (Lean.Name.mkNum `_uniq 9)",
                "userName": "x",
                "valueDisplay": "",
                "valueStructural": ""
              },
              {
                "binderInfo": "Lean.BinderInfo.default",
                "dependencies": [
                  "local:1"
                ],
                "localId": "local:4",
                "origin": "goal-introduced",
                "typeDisplay": "β",
                "typeStructural": "Lean.Expr.fvar (Lean.Name.mkNum `_uniq 12)",
                "userName": "y",
                "valueDisplay": "",
                "valueStructural": ""
              }
            ],
            "origin": "goal-introduced"
          }
        },
        {
          "display": "x = x",
          "fingerprint": {
            "digest": "sha256:30f58e40db45fcb3cb9366c716d70aa997e99004fa06a89595548130fedb398f",
            "scheme": {
              "name": "lean-expr-structural",
              "version": "2"
            }
          },
          "kind": "statement",
          "localId": "statement:sha256:30f58e40db45fcb3cb9366c716d70aa997e99004fa06a89595548130fedb398f"
        },
        {
          "display": "y = y",
          "fingerprint": {
            "digest": "sha256:673b9f5568abdd95ec73b8176feb025fab9d7d0fae6eb06193fcc41fa03223d7",
            "scheme": {
              "name": "lean-expr-structural",
              "version": "2"
            }
          },
          "kind": "statement",
          "localId": "statement:sha256:673b9f5568abdd95ec73b8176feb025fab9d7d0fae6eb06193fcc41fa03223d7"
        },
        {
          "display": "candidate application",
          "fingerprint": {
            "digest": "sha256:540120ec0e4be4a7ae545183d080b195f599eca87579e608242a91ae677fbf48",
            "scheme": {
              "name": "lean-candidate-application",
              "version": "2"
            }
          },
          "kind": "candidate-application",
          "localId": "candidate-application:sha256:540120ec0e4be4a7ae545183d080b195f599eca87579e608242a91ae677fbf48",
          "searchShape": {
            "applicationObservationVersion": 4,
            "applicationTerm": "BinderFixture.use x y ?h ?k",
            "candidate": "BinderFixture.use",
            "dischargedHypotheses": [],
            "localContext": [
              {
                "binderInfo": "Lean.BinderInfo.default",
                "dependencies": [],
                "localId": "local:0",
                "origin": "goal-introduced",
                "typeDisplay": "Type",
                "typeStructural": "Lean.Expr.sort (Lean.Level.succ (Lean.Level.zero))",
                "userName": "α",
                "valueDisplay": "",
                "valueStructural": ""
              },
              {
                "binderInfo": "Lean.BinderInfo.default",
                "dependencies": [],
                "localId": "local:1",
                "origin": "goal-introduced",
                "typeDisplay": "Type",
                "typeStructural": "Lean.Expr.sort (Lean.Level.succ (Lean.Level.zero))",
                "userName": "β",
                "valueDisplay": "",
                "valueStructural": ""
              },
              {
                "binderInfo": "Lean.BinderInfo.instImplicit",
                "dependencies": [
                  "local:0"
                ],
                "localId": "local:2",
                "origin": "goal-introduced",
                "typeDisplay": "Inhabited α",
                "typeStructural": "Lean.Expr.app\n  (Lean.Expr.const `Inhabited [Lean.Level.succ (Lean.Level.zero)])\n  (Lean.Expr.fvar (Lean.Name.mkNum `_uniq 9))",
                "userName": "inst._@._hyg.6",
                "valueDisplay": "",
                "valueStructural": ""
              },
              {
                "binderInfo": "Lean.BinderInfo.default",
                "dependencies": [
                  "local:0"
                ],
                "localId": "local:3",
                "origin": "goal-introduced",
                "typeDisplay": "α",
                "typeStructural": "Lean.Expr.fvar (Lean.Name.mkNum `_uniq 9)",
                "userName": "x",
                "valueDisplay": "",
                "valueStructural": ""
              },
              {
                "binderInfo": "Lean.BinderInfo.default",
                "dependencies": [
                  "local:1"
                ],
                "localId": "local:4",
                "origin": "goal-introduced",
                "typeDisplay": "β",
                "typeStructural": "Lean.Expr.fvar (Lean.Name.mkNum `_uniq 12)",
                "userName": "y",
                "valueDisplay": "",
                "valueStructural": ""
              }
            ],
            "residualContexts": [
              {
                "goalId": "_uniq.36",
                "localContext": [
                  {
                    "binderInfo": "Lean.BinderInfo.default",
                    "dependencies": [],
                    "localId": "local:0",
                    "origin": "goal-introduced",
                    "typeDisplay": "Type",
                    "typeStructural": "Lean.Expr.sort (Lean.Level.succ (Lean.Level.zero))",
                    "userName": "α",
                    "valueDisplay": "",
                    "valueStructural": ""
                  },
                  {
                    "binderInfo": "Lean.BinderInfo.default",
                    "dependencies": [],
                    "localId": "local:1",
                    "origin": "goal-introduced",
                    "typeDisplay": "Type",
                    "typeStructural": "Lean.Expr.sort (Lean.Level.succ (Lean.Level.zero))",
                    "userName": "β",
                    "valueDisplay": "",
                    "valueStructural": ""
                  },
                  {
                    "binderInfo": "Lean.BinderInfo.instImplicit",
                    "dependencies": [
                      "local:0"
                    ],
                    "localId": "local:2",
                    "origin": "goal-introduced",
                    "typeDisplay": "Inhabited α",
                    "typeStructural": "Lean.Expr.app\n  (Lean.Expr.const `Inhabited [Lean.Level.succ (Lean.Level.zero)])\n  (Lean.Expr.fvar (Lean.Name.mkNum `_uniq 9))",
                    "userName": "inst._@._hyg.6",
                    "valueDisplay": "",
                    "valueStructural": ""
                  },
                  {
                    "binderInfo": "Lean.BinderInfo.default",
                    "dependencies": [
                      "local:0"
                    ],
                    "localId": "local:3",
                    "origin": "goal-introduced",
                    "typeDisplay": "α",
                    "typeStructural": "Lean.Expr.fvar (Lean.Name.mkNum `_uniq 9)",
                    "userName": "x",
                    "valueDisplay": "",
                    "valueStructural": ""
                  },
                  {
                    "binderInfo": "Lean.BinderInfo.default",
                    "dependencies": [
                      "local:1"
                    ],
                    "localId": "local:4",
                    "origin": "goal-introduced",
                    "typeDisplay": "β",
                    "typeStructural": "Lean.Expr.fvar (Lean.Name.mkNum `_uniq 12)",
                    "userName": "y",
                    "valueDisplay": "",
                    "valueStructural": ""
                  }
                ]
              },
              {
                "goalId": "_uniq.37",
                "localContext": [
                  {
                    "binderInfo": "Lean.BinderInfo.default",
                    "dependencies": [],
                    "localId": "local:0",
                    "origin": "goal-introduced",
                    "typeDisplay": "Type",
                    "typeStructural": "Lean.Expr.sort (Lean.Level.succ (Lean.Level.zero))",
                    "userName": "α",
                    "valueDisplay": "",
                    "valueStructural": ""
                  },
                  {
                    "binderInfo": "Lean.BinderInfo.default",
                    "dependencies": [],
                    "localId": "local:1",
                    "origin": "goal-introduced",
                    "typeDisplay": "Type",
                    "typeStructural": "Lean.Expr.sort (Lean.Level.succ (Lean.Level.zero))",
                    "userName": "β",
                    "valueDisplay": "",
                    "valueStructural": ""
                  },
                  {
                    "binderInfo": "Lean.BinderInfo.instImplicit",
                    "dependencies": [
                      "local:0"
                    ],
                    "localId": "local:2",
                    "origin": "goal-introduced",
                    "typeDisplay": "Inhabited α",
                    "typeStructural": "Lean.Expr.app\n  (Lean.Expr.const `Inhabited [Lean.Level.succ (Lean.Level.zero)])\n  (Lean.Expr.fvar (Lean.Name.mkNum `_uniq 9))",
                    "userName": "inst._@._hyg.6",
                    "valueDisplay": "",
                    "valueStructural": ""
                  },
                  {
                    "binderInfo": "Lean.BinderInfo.default",
                    "dependencies": [
                      "local:0"
                    ],
                    "localId": "local:3",
                    "origin": "goal-introduced",
                    "typeDisplay": "α",
                    "typeStructural": "Lean.Expr.fvar (Lean.Name.mkNum `_uniq 9)",
                    "userName": "x",
                    "valueDisplay": "",
                    "valueStructural": ""
                  },
                  {
                    "binderInfo": "Lean.BinderInfo.default",
                    "dependencies": [
                      "local:1"
                    ],
                    "localId": "local:4",
                    "origin": "goal-introduced",
                    "typeDisplay": "β",
                    "typeStructural": "Lean.Expr.fvar (Lean.Name.mkNum `_uniq 12)",
                    "userName": "y",
                    "valueDisplay": "",
                    "valueStructural": ""
                  }
                ]
              }
            ],
            "residualPremises": [
              {
                "typeDisplay": "x = x",
                "typeStructural": "Lean.Expr.app\n  (Lean.Expr.app\n    (Lean.Expr.app\n      (Lean.Expr.const `Eq [Lean.Level.succ (Lean.Level.zero)])\n      (Lean.Expr.fvar (Lean.Name.mkNum `_uniq 9)))\n    (Lean.Expr.fvar (Lean.Name.mkNum `_uniq 18)))\n  (Lean.Expr.fvar (Lean.Name.mkNum `_uniq 18))"
              },
              {
                "typeDisplay": "y = y",
                "typeStructural": "Lean.Expr.app\n  (Lean.Expr.app\n    (Lean.Expr.app\n      (Lean.Expr.const `Eq [Lean.Level.succ (Lean.Level.zero)])\n      (Lean.Expr.fvar (Lean.Name.mkNum `_uniq 12)))\n    (Lean.Expr.fvar (Lean.Name.mkNum `_uniq 21)))\n  (Lean.Expr.fvar (Lean.Name.mkNum `_uniq 21))"
              }
            ],
            "selectedDeclaration": {
              "binders": [
                {
                  "binderInfo": "Lean.BinderInfo.implicit",
                  "dependencies": [],
                  "localId": "local:0",
                  "origin": "declaration-parameter",
                  "typeDisplay": "Type",
                  "typeStructural": "Lean.Expr.sort (Lean.Level.succ (Lean.Level.zero))",
                  "userName": "α",
                  "valueDisplay": "",
                  "valueStructural": ""
                },
                {
                  "binderInfo": "Lean.BinderInfo.strictImplicit",
                  "dependencies": [],
                  "localId": "local:1",
                  "origin": "declaration-parameter",
                  "typeDisplay": "Type",
                  "typeStructural": "Lean.Expr.sort (Lean.Level.succ (Lean.Level.zero))",
                  "userName": "β",
                  "valueDisplay": "",
                  "valueStructural": ""
                },
                {
                  "binderInfo": "Lean.BinderInfo.instImplicit",
                  "dependencies": [
                    "local:0"
                  ],
                  "localId": "local:2",
                  "origin": "declaration-parameter",
                  "typeDisplay": "Inhabited α",
                  "typeStructural": "Lean.Expr.app\n  (Lean.Expr.const `Inhabited [Lean.Level.succ (Lean.Level.zero)])\n  (Lean.Expr.fvar (Lean.Name.mkNum `_uniq 41))",
                  "userName": "inst._@.BinderFixture.3332530522._hygCtx._hyg.4",
                  "valueDisplay": "",
                  "valueStructural": ""
                },
                {
                  "binderInfo": "Lean.BinderInfo.default",
                  "dependencies": [
                    "local:0"
                  ],
                  "localId": "local:3",
                  "origin": "declaration-parameter",
                  "typeDisplay": "α",
                  "typeStructural": "Lean.Expr.fvar (Lean.Name.mkNum `_uniq 41)",
                  "userName": "x",
                  "valueDisplay": "",
                  "valueStructural": ""
                },
                {
                  "binderInfo": "Lean.BinderInfo.default",
                  "dependencies": [
                    "local:1"
                  ],
                  "localId": "local:4",
                  "origin": "declaration-parameter",
                  "typeDisplay": "β",
                  "typeStructural": "Lean.Expr.fvar (Lean.Name.mkNum `_uniq 42)",
                  "userName": "y",
                  "valueDisplay": "",
                  "valueStructural": ""
                },
                {
                  "binderInfo": "Lean.BinderInfo.default",
                  "dependencies": [
                    "local:0",
                    "local:3"
                  ],
                  "localId": "local:5",
                  "origin": "declaration-parameter",
                  "typeDisplay": "x = x",
                  "typeStructural": "Lean.Expr.app\n  (Lean.Expr.app\n    (Lean.Expr.app\n      (Lean.Expr.const `Eq [Lean.Level.succ (Lean.Level.zero)])\n      (Lean.Expr.fvar (Lean.Name.mkNum `_uniq 41)))\n    (Lean.Expr.fvar (Lean.Name.mkNum `_uniq 44)))\n  (Lean.Expr.fvar (Lean.Name.mkNum `_uniq 44))",
                  "userName": "h",
                  "valueDisplay": "",
                  "valueStructural": ""
                },
                {
                  "binderInfo": "Lean.BinderInfo.default",
                  "dependencies": [
                    "local:1",
                    "local:4"
                  ],
                  "localId": "local:6",
                  "origin": "declaration-parameter",
                  "typeDisplay": "y = y",
                  "typeStructural": "Lean.Expr.app\n  (Lean.Expr.app\n    (Lean.Expr.app\n      (Lean.Expr.const `Eq [Lean.Level.succ (Lean.Level.zero)])\n      (Lean.Expr.fvar (Lean.Name.mkNum `_uniq 42)))\n    (Lean.Expr.fvar (Lean.Name.mkNum `_uniq 45)))\n  (Lean.Expr.fvar (Lean.Name.mkNum `_uniq 45))",
                  "userName": "k",
                  "valueDisplay": "",
                  "valueStructural": ""
                }
              ],
              "name": "BinderFixture.use",
              "typeDisplay": "∀ {α : Type} ⦃β : Type⦄ [Inhabited α] (x : α) (y : β), x = x → y = y → x = x ∧ y = y",
              "typeStructural": "Lean.Expr.forallE\n  `α\n  (Lean.Expr.sort (Lean.Level.succ (Lean.Level.zero)))\n  (Lean.Expr.forallE\n    `β\n    (Lean.Expr.sort (Lean.Level.succ (Lean.Level.zero)))\n    (Lean.Expr.forallE\n      (Lean.Name.mkNum (Lean.Name.mkStr (Lean.Name.mkStr (Lean.Name.mkNum `inst.«_@».BinderFixture 3332530522) \"_hygCtx\") \"_hyg\") 4)\n      (Lean.Expr.app (Lean.Expr.const `Inhabited [Lean.Level.succ (Lean.Level.zero)]) (Lean.Expr.bvar 1))\n      (Lean.Expr.forallE\n        `x\n        (Lean.Expr.bvar 2)\n        (Lean.Expr.forallE\n          `y\n          (Lean.Expr.bvar 2)\n          (Lean.Expr.forallE\n            `h\n            (Lean.Expr.app\n              (Lean.Expr.app\n                (Lean.Expr.app (Lean.Expr.const `Eq [Lean.Level.succ (Lean.Level.zero)]) (Lean.Expr.bvar 4))\n                (Lean.Expr.bvar 1))\n              (Lean.Expr.bvar 1))\n            (Lean.Expr.forallE\n              `k\n              (Lean.Expr.app\n                (Lean.Expr.app\n                  (Lean.Expr.app (Lean.Expr.const `Eq [Lean.Level.succ (Lean.Level.zero)]) (Lean.Expr.bvar 4))\n                  (Lean.Expr.bvar 1))\n                (Lean.Expr.bvar 1))\n              (Lean.Expr.app\n                (Lean.Expr.app\n                  (Lean.Expr.const `And [])\n                  (Lean.Expr.app\n                    (Lean.Expr.app\n                      (Lean.Expr.app (Lean.Expr.const `Eq [Lean.Level.succ (Lean.Level.zero)]) (Lean.Expr.bvar 6))\n                      (Lean.Expr.bvar 3))\n                    (Lean.Expr.bvar 3)))\n                (Lean.Expr.app\n                  (Lean.Expr.app\n                    (Lean.Expr.app (Lean.Expr.const `Eq [Lean.Level.succ (Lean.Level.zero)]) (Lean.Expr.bvar 5))\n                    (Lean.Expr.bvar 2))\n                  (Lean.Expr.bvar 2)))\n              (Lean.BinderInfo.default))\n            (Lean.BinderInfo.default))\n          (Lean.BinderInfo.default))\n        (Lean.BinderInfo.default))\n      (Lean.BinderInfo.instImplicit))\n    (Lean.BinderInfo.strictImplicit))\n  (Lean.BinderInfo.implicit)"
            },
            "semanticProtocol": "ladon-lean-semantic-v4/check-candidate",
            "substitutions": [
              {
                "termDisplay": "α",
                "termStructural": "Lean.Expr.fvar (Lean.Name.mkNum `_uniq 9)",
                "variable": "α"
              },
              {
                "termDisplay": "β",
                "termStructural": "Lean.Expr.fvar (Lean.Name.mkNum `_uniq 12)",
                "variable": "β"
              },
              {
                "termDisplay": "inst✝",
                "termStructural": "Lean.Expr.fvar (Lean.Name.mkNum `_uniq 15)",
                "variable": "inst._@.BinderFixture.3332530522._hygCtx._hyg.4"
              },
              {
                "termDisplay": "x",
                "termStructural": "Lean.Expr.fvar (Lean.Name.mkNum `_uniq 18)",
                "variable": "x"
              },
              {
                "termDisplay": "y",
                "termStructural": "Lean.Expr.fvar (Lean.Name.mkNum `_uniq 21)",
                "variable": "y"
              },
              {
                "termDisplay": "?h",
                "termStructural": "Lean.Expr.mvar (Lean.Name.mkNum `_uniq 36)",
                "variable": "h"
              },
              {
                "termDisplay": "?k",
                "termStructural": "Lean.Expr.mvar (Lean.Name.mkNum `_uniq 37)",
                "variable": "k"
              }
            ]
          }
        },
        {
          "display": "α",
          "fingerprint": {
            "digest": "sha256:526b26c424ab544625990e7b363346b486e1c80cc74e76b153060fb4ed092dfd",
            "scheme": {
              "name": "lean-expr-structural",
              "version": "2"
            }
          },
          "kind": "term",
          "localId": "term:sha256:526b26c424ab544625990e7b363346b486e1c80cc74e76b153060fb4ed092dfd"
        },
        {
          "display": "β",
          "fingerprint": {
            "digest": "sha256:1d98eb35f394e71743e9122062bbee6e094d25e0bd0872ca5cd875cf239caf5a",
            "scheme": {
              "name": "lean-expr-structural",
              "version": "2"
            }
          },
          "kind": "term",
          "localId": "term:sha256:1d98eb35f394e71743e9122062bbee6e094d25e0bd0872ca5cd875cf239caf5a"
        },
        {
          "display": "inst✝",
          "fingerprint": {
            "digest": "sha256:7270756cd72c63c8b869b224d38da39d53519c32e027279b88b80e7851e5eeac",
            "scheme": {
              "name": "lean-expr-structural",
              "version": "2"
            }
          },
          "kind": "term",
          "localId": "term:sha256:7270756cd72c63c8b869b224d38da39d53519c32e027279b88b80e7851e5eeac"
        },
        {
          "display": "x",
          "fingerprint": {
            "digest": "sha256:f31e2f316a7776412635ec24db1aa4bdb7cde59a0258d0dba57e1ed76e333558",
            "scheme": {
              "name": "lean-expr-structural",
              "version": "2"
            }
          },
          "kind": "term",
          "localId": "term:sha256:f31e2f316a7776412635ec24db1aa4bdb7cde59a0258d0dba57e1ed76e333558"
        },
        {
          "display": "y",
          "fingerprint": {
            "digest": "sha256:899dd6c4aa650d25cc5684fd56564e00d8d7db5fc6a873d2dda8bea87e479d09",
            "scheme": {
              "name": "lean-expr-structural",
              "version": "2"
            }
          },
          "kind": "term",
          "localId": "term:sha256:899dd6c4aa650d25cc5684fd56564e00d8d7db5fc6a873d2dda8bea87e479d09"
        },
        {
          "display": "?h",
          "fingerprint": {
            "digest": "sha256:94b081e63b4c58a5a418f906a772d66a58bab6a581c92cb1be70ade23ecc5a19",
            "scheme": {
              "name": "lean-expr-structural",
              "version": "2"
            }
          },
          "kind": "term",
          "localId": "term:sha256:94b081e63b4c58a5a418f906a772d66a58bab6a581c92cb1be70ade23ecc5a19"
        },
        {
          "display": "?k",
          "fingerprint": {
            "digest": "sha256:be65361cc5c98172d021b01544fdd5cb2a2de6d9e1b2bca2f09e3b42a8a9b911",
            "scheme": {
              "name": "lean-expr-structural",
              "version": "2"
            }
          },
          "kind": "term",
          "localId": "term:sha256:be65361cc5c98172d021b01544fdd5cb2a2de6d9e1b2bca2f09e3b42a8a9b911"
        },
        {
          "kind": "derivation-step",
          "localId": "step:sha256:f99220f65435ba13fc86efd882b009d7cd3b4e77e0f3a957ce3cac3eb1c96000"
        }
      ]
    }
  ],
  "authoritySelection": "explicit-pinned-application-check",
  "callerLocalContext": [],
  "checkRunId": "check:6477905e659f82ddf5dbe67ff5c8cd622babc241f658a35f6f892e6cbb9e05f4",
  "checkRunRef": {
    "artifactRef": "sha256:8def844f7dc6b90fa29bb00df03a1a6ece99c7c86e4302114241b1f3854a1653",
    "kind": "check-run",
    "localId": "check:6477905e659f82ddf5dbe67ff5c8cd622babc241f658a35f6f892e6cbb9e05f4"
  },
  "diagnostic": null,
  "dischargedHypotheses": [],
  "environmentRef": "sha256:7490532aa497994bab6996967a8de81bad3bc20317d887784b63bde6f8a37962",
  "evidenceReceipt": {
    "analysisCompleteness": "partial",
    "authorityBasis": "elaborator-check",
    "checkRunRef": "check:6477905e659f82ddf5dbe67ff5c8cd622babc241f658a35f6f892e6cbb9e05f4",
    "environmentMatch": "exact",
    "environmentRef": "sha256:7490532aa497994bab6996967a8de81bad3bc20317d887784b63bde6f8a37962",
    "executionBinding": "explicit-pinned",
    "limitations": [
      "Residual premises remain unverified.",
      "Target modules may execute repository-controlled initializers; this observation is authority-scoped to trusted target code."
    ],
    "observationState": "live",
    "operationOutcome": "accepted",
    "receiptIdentity": "sha256:4607e178ae2d3f7df35e7c657a0584d5ac585065240bd58e849ebb0afdd87ef9",
    "schema": "ladon-evidence-receipt-v1",
    "sourceFreshness": "unknown",
    "subject": {
      "candidate": "BinderFixture.use",
      "goal": "∀ (α β : Type) [Inhabited α] (x : α) (y : β), (x = x) ∧ (y = y)",
      "localContext": [
        {
          "name": "α",
          "type": "Type"
        },
        {
          "name": "β",
          "type": "Type"
        },
        {
          "name": "inst._@._hyg.6",
          "type": "Inhabited α"
        },
        {
          "name": "x",
          "type": "α"
        },
        {
          "name": "y",
          "type": "β"
        }
      ],
      "module": "BinderFixture"
    }
  },
  "failureStage": null,
  "limitations": [
    {
      "id": "checker-observation-not-theorem-truth",
      "message": "Acceptance records what this Lean process checked in this exact environment; Ladon does not promote it to an unqualified theorem-truth verdict."
    }
  ],
  "operation": "check-candidate",
  "residualContexts": [
    {
      "goalId": "_uniq.36",
      "localContext": [
        {
          "binderInfo": "Lean.BinderInfo.default",
          "dependencies": [],
          "localId": "local:0",
          "origin": "goal-introduced",
          "typeDisplay": "Type",
          "typeStructural": "Lean.Expr.sort (Lean.Level.succ (Lean.Level.zero))",
          "userName": "α",
          "valueDisplay": "",
          "valueStructural": ""
        },
        {
          "binderInfo": "Lean.BinderInfo.default",
          "dependencies": [],
          "localId": "local:1",
          "origin": "goal-introduced",
          "typeDisplay": "Type",
          "typeStructural": "Lean.Expr.sort (Lean.Level.succ (Lean.Level.zero))",
          "userName": "β",
          "valueDisplay": "",
          "valueStructural": ""
        },
        {
          "binderInfo": "Lean.BinderInfo.instImplicit",
          "dependencies": [
            "local:0"
          ],
          "localId": "local:2",
          "origin": "goal-introduced",
          "typeDisplay": "Inhabited α",
          "typeStructural": "Lean.Expr.app\n  (Lean.Expr.const `Inhabited [Lean.Level.succ (Lean.Level.zero)])\n  (Lean.Expr.fvar (Lean.Name.mkNum `_uniq 9))",
          "userName": "inst._@._hyg.6",
          "valueDisplay": "",
          "valueStructural": ""
        },
        {
          "binderInfo": "Lean.BinderInfo.default",
          "dependencies": [
            "local:0"
          ],
          "localId": "local:3",
          "origin": "goal-introduced",
          "typeDisplay": "α",
          "typeStructural": "Lean.Expr.fvar (Lean.Name.mkNum `_uniq 9)",
          "userName": "x",
          "valueDisplay": "",
          "valueStructural": ""
        },
        {
          "binderInfo": "Lean.BinderInfo.default",
          "dependencies": [
            "local:1"
          ],
          "localId": "local:4",
          "origin": "goal-introduced",
          "typeDisplay": "β",
          "typeStructural": "Lean.Expr.fvar (Lean.Name.mkNum `_uniq 12)",
          "userName": "y",
          "valueDisplay": "",
          "valueStructural": ""
        }
      ]
    },
    {
      "goalId": "_uniq.37",
      "localContext": [
        {
          "binderInfo": "Lean.BinderInfo.default",
          "dependencies": [],
          "localId": "local:0",
          "origin": "goal-introduced",
          "typeDisplay": "Type",
          "typeStructural": "Lean.Expr.sort (Lean.Level.succ (Lean.Level.zero))",
          "userName": "α",
          "valueDisplay": "",
          "valueStructural": ""
        },
        {
          "binderInfo": "Lean.BinderInfo.default",
          "dependencies": [],
          "localId": "local:1",
          "origin": "goal-introduced",
          "typeDisplay": "Type",
          "typeStructural": "Lean.Expr.sort (Lean.Level.succ (Lean.Level.zero))",
          "userName": "β",
          "valueDisplay": "",
          "valueStructural": ""
        },
        {
          "binderInfo": "Lean.BinderInfo.instImplicit",
          "dependencies": [
            "local:0"
          ],
          "localId": "local:2",
          "origin": "goal-introduced",
          "typeDisplay": "Inhabited α",
          "typeStructural": "Lean.Expr.app\n  (Lean.Expr.const `Inhabited [Lean.Level.succ (Lean.Level.zero)])\n  (Lean.Expr.fvar (Lean.Name.mkNum `_uniq 9))",
          "userName": "inst._@._hyg.6",
          "valueDisplay": "",
          "valueStructural": ""
        },
        {
          "binderInfo": "Lean.BinderInfo.default",
          "dependencies": [
            "local:0"
          ],
          "localId": "local:3",
          "origin": "goal-introduced",
          "typeDisplay": "α",
          "typeStructural": "Lean.Expr.fvar (Lean.Name.mkNum `_uniq 9)",
          "userName": "x",
          "valueDisplay": "",
          "valueStructural": ""
        },
        {
          "binderInfo": "Lean.BinderInfo.default",
          "dependencies": [
            "local:1"
          ],
          "localId": "local:4",
          "origin": "goal-introduced",
          "typeDisplay": "β",
          "typeStructural": "Lean.Expr.fvar (Lean.Name.mkNum `_uniq 12)",
          "userName": "y",
          "valueDisplay": "",
          "valueStructural": ""
        }
      ]
    }
  ],
  "residualPremises": [
    {
      "typeDisplay": "x = x",
      "typeStructural": "Lean.Expr.app\n  (Lean.Expr.app\n    (Lean.Expr.app\n      (Lean.Expr.const `Eq [Lean.Level.succ (Lean.Level.zero)])\n      (Lean.Expr.fvar (Lean.Name.mkNum `_uniq 9)))\n    (Lean.Expr.fvar (Lean.Name.mkNum `_uniq 18)))\n  (Lean.Expr.fvar (Lean.Name.mkNum `_uniq 18))"
    },
    {
      "typeDisplay": "y = y",
      "typeStructural": "Lean.Expr.app\n  (Lean.Expr.app\n    (Lean.Expr.app\n      (Lean.Expr.const `Eq [Lean.Level.succ (Lean.Level.zero)])\n      (Lean.Expr.fvar (Lean.Name.mkNum `_uniq 12)))\n    (Lean.Expr.fvar (Lean.Name.mkNum `_uniq 21)))\n  (Lean.Expr.fvar (Lean.Name.mkNum `_uniq 21))"
    }
  ],
  "resourceAccounting": {
    "checkerElapsedSeconds": 1.595141,
    "elapsedSeconds": 1.595141,
    "peakRssBytes": 2055946240,
    "scope": "checker-process"
  },
  "schema": "ladon-semantic-candidate-check-result-v1",
  "selectedDeclaration": {
    "binders": [
      {
        "binderInfo": "Lean.BinderInfo.implicit",
        "dependencies": [],
        "localId": "local:0",
        "origin": "declaration-parameter",
        "typeDisplay": "Type",
        "typeStructural": "Lean.Expr.sort (Lean.Level.succ (Lean.Level.zero))",
        "userName": "α",
        "valueDisplay": "",
        "valueStructural": ""
      },
      {
        "binderInfo": "Lean.BinderInfo.strictImplicit",
        "dependencies": [],
        "localId": "local:1",
        "origin": "declaration-parameter",
        "typeDisplay": "Type",
        "typeStructural": "Lean.Expr.sort (Lean.Level.succ (Lean.Level.zero))",
        "userName": "β",
        "valueDisplay": "",
        "valueStructural": ""
      },
      {
        "binderInfo": "Lean.BinderInfo.instImplicit",
        "dependencies": [
          "local:0"
        ],
        "localId": "local:2",
        "origin": "declaration-parameter",
        "typeDisplay": "Inhabited α",
        "typeStructural": "Lean.Expr.app\n  (Lean.Expr.const `Inhabited [Lean.Level.succ (Lean.Level.zero)])\n  (Lean.Expr.fvar (Lean.Name.mkNum `_uniq 41))",
        "userName": "inst._@.BinderFixture.3332530522._hygCtx._hyg.4",
        "valueDisplay": "",
        "valueStructural": ""
      },
      {
        "binderInfo": "Lean.BinderInfo.default",
        "dependencies": [
          "local:0"
        ],
        "localId": "local:3",
        "origin": "declaration-parameter",
        "typeDisplay": "α",
        "typeStructural": "Lean.Expr.fvar (Lean.Name.mkNum `_uniq 41)",
        "userName": "x",
        "valueDisplay": "",
        "valueStructural": ""
      },
      {
        "binderInfo": "Lean.BinderInfo.default",
        "dependencies": [
          "local:1"
        ],
        "localId": "local:4",
        "origin": "declaration-parameter",
        "typeDisplay": "β",
        "typeStructural": "Lean.Expr.fvar (Lean.Name.mkNum `_uniq 42)",
        "userName": "y",
        "valueDisplay": "",
        "valueStructural": ""
      },
      {
        "binderInfo": "Lean.BinderInfo.default",
        "dependencies": [
          "local:0",
          "local:3"
        ],
        "localId": "local:5",
        "origin": "declaration-parameter",
        "typeDisplay": "x = x",
        "typeStructural": "Lean.Expr.app\n  (Lean.Expr.app\n    (Lean.Expr.app\n      (Lean.Expr.const `Eq [Lean.Level.succ (Lean.Level.zero)])\n      (Lean.Expr.fvar (Lean.Name.mkNum `_uniq 41)))\n    (Lean.Expr.fvar (Lean.Name.mkNum `_uniq 44)))\n  (Lean.Expr.fvar (Lean.Name.mkNum `_uniq 44))",
        "userName": "h",
        "valueDisplay": "",
        "valueStructural": ""
      },
      {
        "binderInfo": "Lean.BinderInfo.default",
        "dependencies": [
          "local:1",
          "local:4"
        ],
        "localId": "local:6",
        "origin": "declaration-parameter",
        "typeDisplay": "y = y",
        "typeStructural": "Lean.Expr.app\n  (Lean.Expr.app\n    (Lean.Expr.app\n      (Lean.Expr.const `Eq [Lean.Level.succ (Lean.Level.zero)])\n      (Lean.Expr.fvar (Lean.Name.mkNum `_uniq 42)))\n    (Lean.Expr.fvar (Lean.Name.mkNum `_uniq 45)))\n  (Lean.Expr.fvar (Lean.Name.mkNum `_uniq 45))",
        "userName": "k",
        "valueDisplay": "",
        "valueStructural": ""
      }
    ],
    "name": "BinderFixture.use",
    "typeDisplay": "∀ {α : Type} ⦃β : Type⦄ [Inhabited α] (x : α) (y : β), x = x → y = y → x = x ∧ y = y",
    "typeStructural": "Lean.Expr.forallE\n  `α\n  (Lean.Expr.sort (Lean.Level.succ (Lean.Level.zero)))\n  (Lean.Expr.forallE\n    `β\n    (Lean.Expr.sort (Lean.Level.succ (Lean.Level.zero)))\n    (Lean.Expr.forallE\n      (Lean.Name.mkNum (Lean.Name.mkStr (Lean.Name.mkStr (Lean.Name.mkNum `inst.«_@».BinderFixture 3332530522) \"_hygCtx\") \"_hyg\") 4)\n      (Lean.Expr.app (Lean.Expr.const `Inhabited [Lean.Level.succ (Lean.Level.zero)]) (Lean.Expr.bvar 1))\n      (Lean.Expr.forallE\n        `x\n        (Lean.Expr.bvar 2)\n        (Lean.Expr.forallE\n          `y\n          (Lean.Expr.bvar 2)\n          (Lean.Expr.forallE\n            `h\n            (Lean.Expr.app\n              (Lean.Expr.app\n                (Lean.Expr.app (Lean.Expr.const `Eq [Lean.Level.succ (Lean.Level.zero)]) (Lean.Expr.bvar 4))\n                (Lean.Expr.bvar 1))\n              (Lean.Expr.bvar 1))\n            (Lean.Expr.forallE\n              `k\n              (Lean.Expr.app\n                (Lean.Expr.app\n                  (Lean.Expr.app (Lean.Expr.const `Eq [Lean.Level.succ (Lean.Level.zero)]) (Lean.Expr.bvar 4))\n                  (Lean.Expr.bvar 1))\n                (Lean.Expr.bvar 1))\n              (Lean.Expr.app\n                (Lean.Expr.app\n                  (Lean.Expr.const `And [])\n                  (Lean.Expr.app\n                    (Lean.Expr.app\n                      (Lean.Expr.app (Lean.Expr.const `Eq [Lean.Level.succ (Lean.Level.zero)]) (Lean.Expr.bvar 6))\n                      (Lean.Expr.bvar 3))\n                    (Lean.Expr.bvar 3)))\n                (Lean.Expr.app\n                  (Lean.Expr.app\n                    (Lean.Expr.app (Lean.Expr.const `Eq [Lean.Level.succ (Lean.Level.zero)]) (Lean.Expr.bvar 5))\n                    (Lean.Expr.bvar 2))\n                  (Lean.Expr.bvar 2)))\n              (Lean.BinderInfo.default))\n            (Lean.BinderInfo.default))\n          (Lean.BinderInfo.default))\n        (Lean.BinderInfo.default))\n      (Lean.BinderInfo.instImplicit))\n    (Lean.BinderInfo.strictImplicit))\n  (Lean.BinderInfo.implicit)"
  },
  "semanticProtocol": "ladon-lean-semantic-v4/check-candidate",
  "status": "applicable-with-residuals",
  "substitutions": [
    {
      "termDisplay": "α",
      "termStructural": "Lean.Expr.fvar (Lean.Name.mkNum `_uniq 9)",
      "variable": "α"
    },
    {
      "termDisplay": "β",
      "termStructural": "Lean.Expr.fvar (Lean.Name.mkNum `_uniq 12)",
      "variable": "β"
    },
    {
      "termDisplay": "inst✝",
      "termStructural": "Lean.Expr.fvar (Lean.Name.mkNum `_uniq 15)",
      "variable": "inst._@.BinderFixture.3332530522._hygCtx._hyg.4"
    },
    {
      "termDisplay": "x",
      "termStructural": "Lean.Expr.fvar (Lean.Name.mkNum `_uniq 18)",
      "variable": "x"
    },
    {
      "termDisplay": "y",
      "termStructural": "Lean.Expr.fvar (Lean.Name.mkNum `_uniq 21)",
      "variable": "y"
    },
    {
      "termDisplay": "?h",
      "termStructural": "Lean.Expr.mvar (Lean.Name.mkNum `_uniq 36)",
      "variable": "h"
    },
    {
      "termDisplay": "?k",
      "termStructural": "Lean.Expr.mvar (Lean.Name.mkNum `_uniq 37)",
      "variable": "k"
    }
  ]
}
