Try this:
  [apply] refine Mf.DP.fixedEpochCenterGap_pos_of_boundary_nonneg point h ?_ query hNonFull hh ?_ ?_ ?_
  -- Remaining subgoals:
  -- ⊢ ℝ
  -- ⊢ 0 ≤ ?_
  -- ⊢ ?_ < query
  -- ⊢ 0 ≤ Mf.DP.fixedEpochCenterGap point h ?_
Try this:
  [apply] refine Real.toNNReal_pos.mp ?_
  -- Remaining subgoals:
  -- ⊢ 0 < (Mf.DP.fixedEpochCenterGap point h query).toNNReal
Try this:
  [apply] refine ENNReal.ofReal_ne_zero_iff.mp ?_
  -- Remaining subgoals:
  -- ⊢ ENNReal.ofReal (Mf.DP.fixedEpochCenterGap point h query) ≠ 0
Try this:
  [apply] refine ENNReal.ofReal_pos.mp ?_
  -- Remaining subgoals:
  -- ⊢ 0 < ENNReal.ofReal (Mf.DP.fixedEpochCenterGap point h query)
Try this:
  [apply] refine EReal.coe_pos.mp ?_
  -- Remaining subgoals:
  -- ⊢ 0 < ↑(Mf.DP.fixedEpochCenterGap point h query)
found a partial proof, but the corresponding tactic failed:
  (expose_names; refine Metric.pos_of_mem_ball ?_)

It may be possible to correct this proof by adding type annotations, explicitly specifying implicit arguments, or eliminating unnecessary function abstractions.
found a partial proof, but the corresponding tactic failed:
  (expose_names; refine Metric.nonempty_ball.mp ?_)

It may be possible to correct this proof by adding type annotations, explicitly specifying implicit arguments, or eliminating unnecessary function abstractions.
found a partial proof, but the corresponding tactic failed:
  (expose_names; refine (Metric.measure_closedBall_pos_iff ?_).mp ?_)

It may be possible to correct this proof by adding type annotations, explicitly specifying implicit arguments, or eliminating unnecessary function abstractions.
Try this:
  [apply] refine Real.sqrt_pos.mp ?_
  -- Remaining subgoals:
  -- ⊢ 0 < √(Mf.DP.fixedEpochCenterGap point h query)
Try this:
  [apply] refine Real.sqrt_ne_zero'.mp ?_
  -- Remaining subgoals:
  -- ⊢ √(Mf.DP.fixedEpochCenterGap point h query) ≠ 0
Try this:
  [apply] refine Complex.zero_lt_real.mp ?_
  -- Remaining subgoals:
  -- ⊢ 0 < ↑(Mf.DP.fixedEpochCenterGap point h query)
found a partial proof, but the corresponding tactic failed:
  (expose_names; refine RCLike.ofReal_pos.mp ?_)

It may be possible to correct this proof by adding type annotations, explicitly specifying implicit arguments, or eliminating unnecessary function abstractions.
Try this:
  [apply] refine Complex.ofReal_mem_slitPlane.mp ?_
  -- Remaining subgoals:
  -- ⊢ ↑(Mf.DP.fixedEpochCenterGap point h query) ∈ Complex.slitPlane
Try this:
  [apply] refine Real.one_lt_exp_iff.mp ?_
  -- Remaining subgoals:
  -- ⊢ 1 < Real.exp (Mf.DP.fixedEpochCenterGap point h query)
Try this:
  [apply] refine Real.arcsin_pos.mp ?_
  -- Remaining subgoals:
  -- ⊢ 0 < Real.arcsin (Mf.DP.fixedEpochCenterGap point h query)
Try this:
  [apply] refine Real.arccos_lt_pi_div_two.mp ?_
  -- Remaining subgoals:
  -- ⊢ Real.arccos (Mf.DP.fixedEpochCenterGap point h query) < Real.pi / 2
found a partial proof, but the corresponding tactic failed:
  (expose_names; refine Real.HolderTriple.left_pos ?_)

It may be possible to correct this proof by adding type annotations, explicitly specifying implicit arguments, or eliminating unnecessary function abstractions.
found a partial proof, but the corresponding tactic failed:
  (expose_names; refine Real.HolderTriple.right_pos ?_)

It may be possible to correct this proof by adding type annotations, explicitly specifying implicit arguments, or eliminating unnecessary function abstractions.
found a partial proof, but the corresponding tactic failed:
  (expose_names; refine Real.HolderTriple.pos ?_)

It may be possible to correct this proof by adding type annotations, explicitly specifying implicit arguments, or eliminating unnecessary function abstractions.
found a partial proof, but the corresponding tactic failed:
  (expose_names; refine Real.HolderTriple.pos' ?_)

It may be possible to correct this proof by adding type annotations, explicitly specifying implicit arguments, or eliminating unnecessary function abstractions.
Try this:
  [apply] refine Real.sin_arctan_pos.mp ?_
  -- Remaining subgoals:
  -- ⊢ 0 < Real.sin (Real.arctan (Mf.DP.fixedEpochCenterGap point h query))
Try this:
  [apply] refine Real.arctan_pos.mp ?_
  -- Remaining subgoals:
  -- ⊢ 0 < Real.arctan (Mf.DP.fixedEpochCenterGap point h query)
Try this:
  [apply] refine Real.self_lt_sinh_iff.mp ?_
  -- Remaining subgoals:
  -- ⊢ Mf.DP.fixedEpochCenterGap point h query < Real.sinh (Mf.DP.fixedEpochCenterGap point h query)
Try this:
  [apply] refine Real.sinh_pos_iff.mp ?_
  -- Remaining subgoals:
  -- ⊢ 0 < Real.sinh (Mf.DP.fixedEpochCenterGap point h query)
Try this:
  [apply] refine Real.arsinh_pos_iff.mp ?_
  -- Remaining subgoals:
  -- ⊢ 0 < Real.arsinh (Mf.DP.fixedEpochCenterGap point h query)
found a partial proof, but the corresponding tactic failed:
  (expose_names; refine eigenvalue_pos_of_pos (fun a => ?_) ?_)

It may be possible to correct this proof by adding type annotations, explicitly specifying implicit arguments, or eliminating unnecessary function abstractions.
Try this:
  [apply] refine integrable_exp_neg_mul_sq_iff.mp ?_
  -- Remaining subgoals:
  -- ⊢ MeasureTheory.Integrable (fun x => Real.exp (-Mf.DP.fixedEpochCenterGap point h query * x ^ 2))
    MeasureTheory.volume
Try this:
  [apply] refine integrableOn_Ioi_exp_neg_mul_sq_iff.mp ?_
  -- Remaining subgoals:
  -- ⊢ MeasureTheory.IntegrableOn (fun x => Real.exp (-Mf.DP.fixedEpochCenterGap point h query * x ^ 2)) (Set.Ioi 0)
    MeasureTheory.volume
Try this:
  [apply] refine Hyperreal.coe_pos.mp ?_
  -- Remaining subgoals:
  -- ⊢ 0 < ↑(Mf.DP.fixedEpochCenterGap point h query)
found a partial proof, but the corresponding tactic failed:
  (expose_names; refine SzemerediRegularity.eps_pos ?_)

It may be possible to correct this proof by adding type annotations, explicitly specifying implicit arguments, or eliminating unnecessary function abstractions.
found a partial proof, but the corresponding tactic failed:
  (expose_names; refine AkraBazziRecurrence.b_pos ?_ query)

It may be possible to correct this proof by adding type annotations, explicitly specifying implicit arguments, or eliminating unnecessary function abstractions.
found a partial proof, but the corresponding tactic failed:
  (expose_names; refine AkraBazziRecurrence.a_pos ?_ query)

It may be possible to correct this proof by adding type annotations, explicitly specifying implicit arguments, or eliminating unnecessary function abstractions.
found a partial proof, but the corresponding tactic failed:
  (expose_names; refine ProbabilityTheory.IsAEKolmogorovProcess.q_pos ?_)

It may be possible to correct this proof by adding type annotations, explicitly specifying implicit arguments, or eliminating unnecessary function abstractions.
found a partial proof, but the corresponding tactic failed:
  (expose_names; refine ProbabilityTheory.IsKolmogorovProcess.q_pos ?_)

It may be possible to correct this proof by adding type annotations, explicitly specifying implicit arguments, or eliminating unnecessary function abstractions.
found a partial proof, but the corresponding tactic failed:
  (expose_names; refine ProbabilityTheory.IsKolmogorovProcess.p_pos ?_)

It may be possible to correct this proof by adding type annotations, explicitly specifying implicit arguments, or eliminating unnecessary function abstractions.
found a partial proof, but the corresponding tactic failed:
  (expose_names; refine ProbabilityTheory.IsAEKolmogorovProcess.p_pos ?_)

It may be possible to correct this proof by adding type annotations, explicitly specifying implicit arguments, or eliminating unnecessary function abstractions.
Try this:
  [apply] refine Mf.DP.gap_pos_of_boundary_nonneg (Mf.DP.fixedEpochCenterGap point h) ?_ ?_ ?_ query ?_ ?_ ?_ ?_ ?_ ?_
    ?_ ?_
  -- Remaining subgoals:
  -- ⊢ ℝ → ℝ
  -- ⊢ ℝ → ℝ
  -- ⊢ ℝ
  -- ⊢ 0 ≤ ?_
  -- ⊢ ?_ < query
  -- ⊢ ConvexOn ℝ (Set.Ici 0) ?_
  -- ⊢ ?_ 0 < 1
  -- ⊢ ∀ (x : ℝ), 0 < ?_ x
  -- ⊢ ∀ (x : ℝ), HasDerivAt (Mf.DP.fixedEpochCenterGap point h) (?_ x * (1 - ?_ x)) x
  -- ⊢ 0 ≤ Mf.DP.fixedEpochCenterGap point h ?_
  -- ⊢ Filter.Tendsto (Mf.DP.fixedEpochCenterGap point h) Filter.atTop (nhds 0)
Try this:
  [apply] refine Real.lt_of_toNNReal_lt ?_
  -- Remaining subgoals:
  -- ⊢ Real.toNNReal 0 < (Mf.DP.fixedEpochCenterGap point h query).toNNReal
Try this:
  [apply] refine (Real.toNNReal_lt_toNNReal_iff_of_nonneg ?_).mp ?_
  -- Remaining subgoals:
  -- ⊢ 0 ≤ 0
  -- ⊢ Real.toNNReal 0 < (Mf.DP.fixedEpochCenterGap point h query).toNNReal
Try this:
  [apply] refine (Real.toNNReal_lt_toNNReal_iff ?_).mp ?_
  -- Remaining subgoals:
  -- ⊢ 0 < Mf.DP.fixedEpochCenterGap point h query
  -- ⊢ Real.toNNReal 0 < (Mf.DP.fixedEpochCenterGap point h query).toNNReal
Try this:
  [apply] refine (ENNReal.ofReal_lt_ofReal_iff_of_nonneg ?_).mp ?_
  -- Remaining subgoals:
  -- ⊢ 0 ≤ 0
  -- ⊢ ENNReal.ofReal 0 < ENNReal.ofReal (Mf.DP.fixedEpochCenterGap point h query)
Try this:
  [apply] refine (ENNReal.ofReal_lt_ofReal_iff ?_).mp ?_
  -- Remaining subgoals:
  -- ⊢ 0 < Mf.DP.fixedEpochCenterGap point h query
  -- ⊢ ENNReal.ofReal 0 < ENNReal.ofReal (Mf.DP.fixedEpochCenterGap point h query)
Try this:
  [apply] refine EReal.coe_lt_coe_iff.mp ?_
  -- Remaining subgoals:
  -- ⊢ ↑0 < ↑(Mf.DP.fixedEpochCenterGap point h query)
Try this:
  [apply] refine (Real.sqrt_lt_sqrt_iff_of_pos ?_).mp ?_
  -- Remaining subgoals:
  -- ⊢ 0 < Mf.DP.fixedEpochCenterGap point h query
  -- ⊢ √0 < √(Mf.DP.fixedEpochCenterGap point h query)
Try this:
  [apply] refine (Real.sqrt_lt_sqrt_iff ?_).mp ?_
  -- Remaining subgoals:
  -- ⊢ 0 ≤ 0
  -- ⊢ √0 < √(Mf.DP.fixedEpochCenterGap point h query)
Try this:
  [apply] refine Complex.real_lt_real.mp ?_
  -- Remaining subgoals:
  -- ⊢ ↑0 < ↑(Mf.DP.fixedEpochCenterGap point h query)
found a partial proof, but the corresponding tactic failed:
  (expose_names; refine RCLike.ofReal_lt_ofReal.mp ?_)

It may be possible to correct this proof by adding type annotations, explicitly specifying implicit arguments, or eliminating unnecessary function abstractions.
Try this:
  [apply] refine Real.exp_lt_exp.mp ?_
  -- Remaining subgoals:
  -- ⊢ Real.exp 0 < Real.exp (Mf.DP.fixedEpochCenterGap point h query)
Try this:
  [apply] refine (Real.log_lt_log_iff ?_ ?_).mp ?_
  -- Remaining subgoals:
  -- ⊢ 0 < 0
  -- ⊢ 0 < Mf.DP.fixedEpochCenterGap point h query
  -- ⊢ Real.log 0 < Real.log (Mf.DP.fixedEpochCenterGap point h query)
found a partial proof, but the corresponding tactic failed:
  (expose_names; refine (Real.rpow_lt_rpow_left_iff_of_base_lt_one ?_ ?_).mp ?_)

It may be possible to correct this proof by adding type annotations, explicitly specifying implicit arguments, or eliminating unnecessary function abstractions.
found a partial proof, but the corresponding tactic failed:
  (expose_names; refine (Real.rpow_lt_rpow_iff ?_ ?_ ?_).mp ?_)

It may be possible to correct this proof by adding type annotations, explicitly specifying implicit arguments, or eliminating unnecessary function abstractions.
found a partial proof, but the corresponding tactic failed:
  (expose_names; refine (Real.rpow_lt_rpow_iff_of_neg ?_ ?_ ?_).mp ?_)

It may be possible to correct this proof by adding type annotations, explicitly specifying implicit arguments, or eliminating unnecessary function abstractions.
found a partial proof, but the corresponding tactic failed:
  (expose_names; refine (Real.rpow_lt_rpow_left_iff ?_).mp ?_)

It may be possible to correct this proof by adding type annotations, explicitly specifying implicit arguments, or eliminating unnecessary function abstractions.
found a partial proof, but the corresponding tactic failed:
  (expose_names; refine Real.HolderTriple.lt ?_)

It may be possible to correct this proof by adding type annotations, explicitly specifying implicit arguments, or eliminating unnecessary function abstractions.
Try this:
  [apply] refine Real.arctan_lt_arctan_iff.mp ?_
  -- Remaining subgoals:
  -- ⊢ Real.arctan 0 < Real.arctan (Mf.DP.fixedEpochCenterGap point h query)
Try this:
  [apply] refine Real.sinh_lt_sinh.mp ?_
  -- Remaining subgoals:
  -- ⊢ Real.sinh 0 < Real.sinh (Mf.DP.fixedEpochCenterGap point h query)
Try this:
  [apply] refine Real.arsinh_lt_arsinh.mp ?_
  -- Remaining subgoals:
  -- ⊢ Real.arsinh 0 < Real.arsinh (Mf.DP.fixedEpochCenterGap point h query)
Try this:
  [apply] refine Hyperreal.coe_lt_coe.mp ?_
  -- Remaining subgoals:
  -- ⊢ ↑0 < ↑(Mf.DP.fixedEpochCenterGap point h query)
Try this:
  [apply] refine (Real.arcosh_lt_arcosh ?_ ?_).mp ?_
  -- Remaining subgoals:
  -- ⊢ 0 < 0
  -- ⊢ 0 < Mf.DP.fixedEpochCenterGap point h query
  -- ⊢ Real.arcosh 0 < Real.arcosh (Mf.DP.fixedEpochCenterGap point h query)
Try this:
  [apply] refine (Real.artanh_lt_artanh_iff ?_ ?_).mp ?_
  -- Remaining subgoals:
  -- ⊢ 0 ∈ Set.Ioo (-1) 1
  -- ⊢ Mf.DP.fixedEpochCenterGap point h query ∈ Set.Ioo (-1) 1
  -- ⊢ Real.artanh 0 < Real.artanh (Mf.DP.fixedEpochCenterGap point h query)
found a partial proof, but the corresponding tactic failed:
  (expose_names; refine (Real.logb_lt_logb_iff_of_base_lt_one ?_ ?_ ?_ ?_).mp ?_)

It may be possible to correct this proof by adding type annotations, explicitly specifying implicit arguments, or eliminating unnecessary function abstractions.
found a partial proof, but the corresponding tactic failed:
  (expose_names; refine (Real.logb_lt_logb_iff ?_ ?_ ?_).mp ?_)

It may be possible to correct this proof by adding type annotations, explicitly specifying implicit arguments, or eliminating unnecessary function abstractions.
Try this:
  [apply] refine Real.sigmoid_lt_iff.mp ?_
  -- Remaining subgoals:
  -- ⊢ Real.sigmoid 0 < (Mf.DP.fixedEpochCenterGap point h query).sigmoid
Try this:
  [apply] refine unitInterval.sigmoid_lt_iff.mp ?_
  -- Remaining subgoals:
  -- ⊢ unitInterval.sigmoid 0 < unitInterval.sigmoid (Mf.DP.fixedEpochCenterGap point h query)
found a partial proof, but the corresponding tactic failed:
  (expose_names; refine NeZero.pos (Mf.DP.fixedEpochCenterGap point h query))

It may be possible to correct this proof by adding type annotations, explicitly specifying implicit arguments, or eliminating unnecessary function abstractions.
Try this:
  [apply] refine zero_lt_iff.mpr ?_
  -- Remaining subgoals:
  -- ⊢ IsBotZeroClass ℝ
  -- ⊢ Mf.DP.fixedEpochCenterGap point h query ≠ 0
found a partial proof, but the corresponding tactic failed:
  (expose_names; refine pos_of_ne_zero ?_)

It may be possible to correct this proof by adding type annotations, explicitly specifying implicit arguments, or eliminating unnecessary function abstractions.
found a partial proof, but the corresponding tactic failed:
  (expose_names; refine pos_of_gt ?_)

It may be possible to correct this proof by adding type annotations, explicitly specifying implicit arguments, or eliminating unnecessary function abstractions.
Try this:
  [apply] refine pos_iff_ne_zero.mpr ?_
  -- Remaining subgoals:
  -- ⊢ IsBotZeroClass ℝ
  -- ⊢ Mf.DP.fixedEpochCenterGap point h query ≠ 0
found a partial proof, but the corresponding tactic failed:
  (expose_names; refine LT.lt.pos ?_)

It may be possible to correct this proof by adding type annotations, explicitly specifying implicit arguments, or eliminating unnecessary function abstractions.
found a partial proof, but the corresponding tactic failed:
  (expose_names; refine Ne.pos ?_)

It may be possible to correct this proof by adding type annotations, explicitly specifying implicit arguments, or eliminating unnecessary function abstractions.
Try this:
  [apply] refine (lt_add_iff_pos_right ?_).mp ?_
  -- Remaining subgoals:
  -- ⊢ ℝ
  -- ⊢ ?_ < ?_ + Mf.DP.fixedEpochCenterGap point h query
Try this:
  [apply] refine (lt_add_iff_pos_left ?_).mp ?_
  -- Remaining subgoals:
  -- ⊢ ℝ
  -- ⊢ ?_ < Mf.DP.fixedEpochCenterGap point h query + ?_
found a partial proof, but the corresponding tactic failed:
  (expose_names; refine pos_of_lt_add_right ?_)

It may be possible to correct this proof by adding type annotations, explicitly specifying implicit arguments, or eliminating unnecessary function abstractions.
found a partial proof, but the corresponding tactic failed:
  (expose_names; refine pos_of_lt_add_left ?_)

It may be possible to correct this proof by adding type annotations, explicitly specifying implicit arguments, or eliminating unnecessary function abstractions.
Try this:
  [apply] refine pos_of_neg_neg ?_
  -- Remaining subgoals:
  -- ⊢ -Mf.DP.fixedEpochCenterGap point h query < 0
Try this:
  [apply] refine neg_neg_iff_pos.mp ?_
  -- Remaining subgoals:
  -- ⊢ -Mf.DP.fixedEpochCenterGap point h query < 0
Try this:
  [apply] refine (sub_lt_self_iff ?_).mp ?_
  -- Remaining subgoals:
  -- ⊢ ℝ
  -- ⊢ ?_ - Mf.DP.fixedEpochCenterGap point h query < ?_
Try this:
  [apply] refine Right.neg_neg_iff.mp ?_
  -- Remaining subgoals:
  -- ⊢ -Mf.DP.fixedEpochCenterGap point h query < 0
Try this:
  [apply] refine Left.neg_neg_iff.mp ?_
  -- Remaining subgoals:
  -- ⊢ -Mf.DP.fixedEpochCenterGap point h query < 0
Try this:
  [apply] refine neg_lt_zero.mp ?_
  -- Remaining subgoals:
  -- ⊢ -Mf.DP.fixedEpochCenterGap point h query < 0
found a partial proof, but the corresponding tactic failed:
  (expose_names; refine (pos_iff_pos_of_mul_pos ?_).mp ?_)

It may be possible to correct this proof by adding type annotations, explicitly specifying implicit arguments, or eliminating unnecessary function abstractions.
found a partial proof, but the corresponding tactic failed:
  (expose_names; refine (pos_iff_pos_of_mul_pos ?_).mpr ?_)

It may be possible to correct this proof by adding type annotations, explicitly specifying implicit arguments, or eliminating unnecessary function abstractions.
found a partial proof, but the corresponding tactic failed:
  (expose_names; refine pos_of_mul_pos_left ?_ ?_)

It may be possible to correct this proof by adding type annotations, explicitly specifying implicit arguments, or eliminating unnecessary function abstractions.
found a partial proof, but the corresponding tactic failed:
  (expose_names; refine pos_of_mul_pos_right ?_ ?_)

It may be possible to correct this proof by adding type annotations, explicitly specifying implicit arguments, or eliminating unnecessary function abstractions.
Try this:
  [apply] refine Right.inv_pos.mp ?_
  -- Remaining subgoals:
  -- ⊢ 0 < (Mf.DP.fixedEpochCenterGap point h query)⁻¹
found a partial proof, but the corresponding tactic failed:
  (expose_names; refine (mul_pos_iff_of_pos_left ?_).mp ?_)

It may be possible to correct this proof by adding type annotations, explicitly specifying implicit arguments, or eliminating unnecessary function abstractions.
Try this:
  [apply] refine one_div_pos.mp ?_
  -- Remaining subgoals:
  -- ⊢ 0 < 1 / Mf.DP.fixedEpochCenterGap point h query
found a partial proof, but the corresponding tactic failed:
  (expose_names; refine (mul_pos_iff_of_pos_right ?_).mp ?_)

It may be possible to correct this proof by adding type annotations, explicitly specifying implicit arguments, or eliminating unnecessary function abstractions.
Try this:
  [apply] refine inv_pos.mp ?_
  -- Remaining subgoals:
  -- ⊢ 0 < (Mf.DP.fixedEpochCenterGap point h query)⁻¹
found a partial proof, but the corresponding tactic failed:
  (expose_names; refine (neg_iff_pos_of_mul_neg ?_).mp ?_)

It may be possible to correct this proof by adding type annotations, explicitly specifying implicit arguments, or eliminating unnecessary function abstractions.
found a partial proof, but the corresponding tactic failed:
  (expose_names; refine pos_of_mul_neg_right ?_ ?_)

It may be possible to correct this proof by adding type annotations, explicitly specifying implicit arguments, or eliminating unnecessary function abstractions.
found a partial proof, but the corresponding tactic failed:
  (expose_names; refine pos_of_mul_neg_left ?_ ?_)

It may be possible to correct this proof by adding type annotations, explicitly specifying implicit arguments, or eliminating unnecessary function abstractions.
found a partial proof, but the corresponding tactic failed:
  (expose_names; refine pos_of_right_mul_lt_le ?_ ?_)

It may be possible to correct this proof by adding type annotations, explicitly specifying implicit arguments, or eliminating unnecessary function abstractions.
found a partial proof, but the corresponding tactic failed:
  (expose_names; refine (pos_iff_neg_of_mul_neg ?_).mpr ?_)

It may be possible to correct this proof by adding type annotations, explicitly specifying implicit arguments, or eliminating unnecessary function abstractions.
found a partial proof, but the corresponding tactic failed:
  (expose_names; refine pos_of_left_mul_lt_le ?_ ?_)

It may be possible to correct this proof by adding type annotations, explicitly specifying implicit arguments, or eliminating unnecessary function abstractions.
Try this:
  [apply] refine pos_add_self_iff.mp ?_
  -- Remaining subgoals:
  -- ⊢ 0 < Mf.DP.fixedEpochCenterGap point h query + Mf.DP.fixedEpochCenterGap point h query
Try this:
  [apply] refine neg_lt_self_iff.mp ?_
  -- Remaining subgoals:
  -- ⊢ -Mf.DP.fixedEpochCenterGap point h query < Mf.DP.fixedEpochCenterGap point h query
found a partial proof, but the corresponding tactic failed:
  (expose_names; refine (nsmul_pos_iff fun a => ?_).mp ?_)

It may be possible to correct this proof by adding type annotations, explicitly specifying implicit arguments, or eliminating unnecessary function abstractions.
Try this:
  [apply] refine WithTop.coe_pos.mp ?_
  -- Remaining subgoals:
  -- ⊢ 0 < ↑(Mf.DP.fixedEpochCenterGap point h query)
Try this:
  [apply] refine WithBot.coe_pos.mp ?_
  -- Remaining subgoals:
  -- ⊢ 0 < ↑(Mf.DP.fixedEpochCenterGap point h query)
Try this:
  [apply] refine Int.ceil_pos.mp ?_
  -- Remaining subgoals:
  -- ⊢ 0 < ⌈Mf.DP.fixedEpochCenterGap point h query⌉
Try this:
  [apply] refine Nat.ceil_pos.mp ?_
  -- Remaining subgoals:
  -- ⊢ 0 < ⌈Mf.DP.fixedEpochCenterGap point h query⌉₊
Try this:
  [apply] refine Nat.one_le_ceil_iff.mp ?_
  -- Remaining subgoals:
  -- ⊢ 1 ≤ ⌈Mf.DP.fixedEpochCenterGap point h query⌉₊
Try this:
  [apply] refine Nat.pos_of_floor_pos ?_
  -- Remaining subgoals:
  -- ⊢ 0 < ⌊Mf.DP.fixedEpochCenterGap point h query⌋₊
found a partial proof, but the corresponding tactic failed:
  (expose_names; refine (Odd.pow_pos_iff ?_).mp ?_)

It may be possible to correct this proof by adding type annotations, explicitly specifying implicit arguments, or eliminating unnecessary function abstractions.
Try this:
  [apply] refine invOf_pos.mp ?_
  -- Remaining subgoals:
  -- ⊢ Invertible (Mf.DP.fixedEpochCenterGap point h query)
  -- ⊢ 0 < ⅟(Mf.DP.fixedEpochCenterGap point h query)
found a partial proof, but the corresponding tactic failed:
  (expose_names; refine (div_pos_iff_of_pos_left ?_).mp ?_)

It may be possible to correct this proof by adding type annotations, explicitly specifying implicit arguments, or eliminating unnecessary function abstractions.
Try this:
  [apply] refine half_lt_self_iff.mp ?_
  -- Remaining subgoals:
  -- ⊢ Mf.DP.fixedEpochCenterGap point h query / 2 < Mf.DP.fixedEpochCenterGap point h query
found a partial proof, but the corresponding tactic failed:
  (expose_names; refine (div_pos_iff_of_pos_right ?_).mp ?_)

It may be possible to correct this proof by adding type annotations, explicitly specifying implicit arguments, or eliminating unnecessary function abstractions.
found a partial proof, but the corresponding tactic failed:
  (expose_names; refine Odd.pos ?_)

It may be possible to correct this proof by adding type annotations, explicitly specifying implicit arguments, or eliminating unnecessary function abstractions.
Try this:
  [apply] refine posPart_pos_iff.mp ?_
  -- Remaining subgoals:
  -- ⊢ 0 < (Mf.DP.fixedEpochCenterGap point h query)⁺
Try this:
  [apply] refine Int.one_le_ceil_iff.mp ?_
  -- Remaining subgoals:
  -- ⊢ 1 ≤ ⌈Mf.DP.fixedEpochCenterGap point h query⌉
found a partial proof, but the corresponding tactic failed:
  (expose_names; refine Order.IsSuccLimit.pos ?_)

It may be possible to correct this proof by adding type annotations, explicitly specifying implicit arguments, or eliminating unnecessary function abstractions.
Try this:
  [apply] refine Order.one_le_iff_pos.mp ?_
  -- Remaining subgoals:
  -- ⊢ SuccAddOrder ℝ
  -- ⊢ 1 ≤ Mf.DP.fixedEpochCenterGap point h query
found a partial proof, but the corresponding tactic failed:
  (expose_names; refine (IsAbsoluteValue.abv_pos (Mf.DP.fixedEpochCenterGap point h)).mpr ?_)

It may be possible to correct this proof by adding type annotations, explicitly specifying implicit arguments, or eliminating unnecessary function abstractions.
found a partial proof, but the corresponding tactic failed:
  (expose_names; refine (pos_iff_pos_of_smul_pos ?_).mp ?_)

It may be possible to correct this proof by adding type annotations, explicitly specifying implicit arguments, or eliminating unnecessary function abstractions.
found a partial proof, but the corresponding tactic failed:
  (expose_names; refine (pos_iff_pos_of_smul_pos ?_).mpr ?_)

It may be possible to correct this proof by adding type annotations, explicitly specifying implicit arguments, or eliminating unnecessary function abstractions.
found a partial proof, but the corresponding tactic failed:
  (expose_names; refine (smul_pos_iff_of_pos_left ?_).mp ?_)

It may be possible to correct this proof by adding type annotations, explicitly specifying implicit arguments, or eliminating unnecessary function abstractions.
found a partial proof, but the corresponding tactic failed:
  (expose_names; refine pos_of_smul_pos_left ?_ ?_)

It may be possible to correct this proof by adding type annotations, explicitly specifying implicit arguments, or eliminating unnecessary function abstractions.
found a partial proof, but the corresponding tactic failed:
  (expose_names; refine (smul_pos_iff_of_pos_right ?_).mp ?_)

It may be possible to correct this proof by adding type annotations, explicitly specifying implicit arguments, or eliminating unnecessary function abstractions.
found a partial proof, but the corresponding tactic failed:
  (expose_names; refine (smul_neg_iff_of_neg_left ?_).mp ?_)

It may be possible to correct this proof by adding type annotations, explicitly specifying implicit arguments, or eliminating unnecessary function abstractions.
found a partial proof, but the corresponding tactic failed:
  (expose_names; refine pos_of_smul_pos_right ?_ ?_)

It may be possible to correct this proof by adding type annotations, explicitly specifying implicit arguments, or eliminating unnecessary function abstractions.
Try this:
  [apply] refine Submonoid.mem_pos.mp ?_
  -- Remaining subgoals:
  -- ⊢ Mf.DP.fixedEpochCenterGap point h query ∈ Submonoid.pos ℝ
Try this:
  [apply] refine StarOrderedRing.pos_iff.mpr ?_
  -- Remaining subgoals:
  -- ⊢ Mf.DP.fixedEpochCenterGap point h query ≠ 0 ∧
    Mf.DP.fixedEpochCenterGap point h query ∈ AddSubmonoid.closure (Set.range fun s => star s * s)
Try this:
  [apply] refine star_pos_iff.mp ?_
  -- Remaining subgoals:
  -- ⊢ 0 < star (Mf.DP.fixedEpochCenterGap point h query)
found a partial proof, but the corresponding tactic failed:
  (expose_names; refine IsStrictlyPositive.spectrum_pos ?_ ?_)

It may be possible to correct this proof by adding type annotations, explicitly specifying implicit arguments, or eliminating unnecessary function abstractions.
found a partial proof, but the corresponding tactic failed:
  (expose_names; refine Function.const_pos.mp ?_)

It may be possible to correct this proof by adding type annotations, explicitly specifying implicit arguments, or eliminating unnecessary function abstractions.
found a partial proof, but the corresponding tactic failed:
  (expose_names; refine (Filter.tendsto_div_const_atTop_iff_pos ?_).mp ?_)

It may be possible to correct this proof by adding type annotations, explicitly specifying implicit arguments, or eliminating unnecessary function abstractions.
found a partial proof, but the corresponding tactic failed:
  (expose_names; refine (Filter.tendsto_const_mul_atBot_iff_pos ?_).mp ?_)

It may be possible to correct this proof by adding type annotations, explicitly specifying implicit arguments, or eliminating unnecessary function abstractions.
found a partial proof, but the corresponding tactic failed:
  (expose_names; refine (Filter.tendsto_const_mul_atTop_iff_pos ?_).mp ?_)

It may be possible to correct this proof by adding type annotations, explicitly specifying implicit arguments, or eliminating unnecessary function abstractions.
found a partial proof, but the corresponding tactic failed:
  (expose_names; refine (Filter.tendsto_mul_const_atTop_iff_pos ?_).mp ?_)

It may be possible to correct this proof by adding type annotations, explicitly specifying implicit arguments, or eliminating unnecessary function abstractions.
found a partial proof, but the corresponding tactic failed:
  (expose_names; refine (Filter.tendsto_div_const_atBot_iff_pos ?_).mp ?_)

It may be possible to correct this proof by adding type annotations, explicitly specifying implicit arguments, or eliminating unnecessary function abstractions.
found a partial proof, but the corresponding tactic failed:
  (expose_names; refine (Filter.tendsto_mul_const_atBot_iff_pos ?_).mp ?_)

It may be possible to correct this proof by adding type annotations, explicitly specifying implicit arguments, or eliminating unnecessary function abstractions.
Try this:
  [apply] refine CauSeq.const_pos.mp ?_
  -- Remaining subgoals:
  -- ⊢ (CauSeq.const abs (Mf.DP.fixedEpochCenterGap point h query)).Pos
found a partial proof, but the corresponding tactic failed:
  (expose_names; refine Matrix.PosDef.diag_pos ?_)

It may be possible to correct this proof by adding type annotations, explicitly specifying implicit arguments, or eliminating unnecessary function abstractions.
found a partial proof, but the corresponding tactic failed:
  (expose_names; refine Matrix.diag_pos_of_mul_diagonal_posDef (fun query => Mf.DP.fixedEpochCenterGap point h) ?_ ?_ ?_
    query)

It may be possible to correct this proof by adding type annotations, explicitly specifying implicit arguments, or eliminating unnecessary function abstractions.
Try this:
  [apply] refine sign_eq_one_iff.mp ?_
  -- Remaining subgoals:
  -- ⊢ SignType.sign (Mf.DP.fixedEpochCenterGap point h query) = 1
Try this:
  [apply] refine RCLike.pos_iff.mpr ?_
  -- Remaining subgoals:
  -- ⊢ 0 < RCLike.re (Mf.DP.fixedEpochCenterGap point h query) ∧ RCLike.im (Mf.DP.fixedEpochCenterGap point h query) = 0
Try this:
  [apply] refine RCLike.inv_pos.mp ?_
  -- Remaining subgoals:
  -- ⊢ 0 < (Mf.DP.fixedEpochCenterGap point h query)⁻¹
Try this:
  [apply] refine RCLike.pos_iff_exists_ofReal.mpr ?_
  -- Remaining subgoals:
  -- ⊢ ∃ x > 0, ↑x = Mf.DP.fixedEpochCenterGap point h query
found a partial proof, but the corresponding tactic failed:
  (expose_names; refine (Odd.zpow_pos_iff ?_).mp ?_)

It may be possible to correct this proof by adding type annotations, explicitly specifying implicit arguments, or eliminating unnecessary function abstractions.
found a partial proof, but the corresponding tactic failed:
  (expose_names; refine (sameRay_smul_right_iff_of_ne ?_ ?_).mp ?_)

It may be possible to correct this proof by adding type annotations, explicitly specifying implicit arguments, or eliminating unnecessary function abstractions.
found a partial proof, but the corresponding tactic failed:
  (expose_names; refine (sameRay_smul_left_iff_of_ne ?_ ?_).mp ?_)

It may be possible to correct this proof by adding type annotations, explicitly specifying implicit arguments, or eliminating unnecessary function abstractions.
found a partial proof, but the corresponding tactic failed:
  (expose_names; refine ArchimedeanClass.pos_of_pos_of_mk_lt ?_ ?_)

It may be possible to correct this proof by adding type annotations, explicitly specifying implicit arguments, or eliminating unnecessary function abstractions.
found a partial proof, but the corresponding tactic failed:
  (expose_names; refine Function.locallyFinsuppWithin.single_pos.mp ?_)

It may be possible to correct this proof by adding type annotations, explicitly specifying implicit arguments, or eliminating unnecessary function abstractions.
found a partial proof, but the corresponding tactic failed:
  (expose_names; refine ConvexCone.mem_strictlyPositive.mp ?_)

It may be possible to correct this proof by adding type annotations, explicitly specifying implicit arguments, or eliminating unnecessary function abstractions.
found a partial proof, but the corresponding tactic failed:
  (expose_names; refine pos_of_slope_pos ?_ ?_ ?_)

It may be possible to correct this proof by adding type annotations, explicitly specifying implicit arguments, or eliminating unnecessary function abstractions.
found a partial proof, but the corresponding tactic failed:
  (expose_names; refine (left_lt_lineMap_iff_pos ?_).mp ?_)

It may be possible to correct this proof by adding type annotations, explicitly specifying implicit arguments, or eliminating unnecessary function abstractions.
found a partial proof, but the corresponding tactic failed:
  (expose_names; refine SimpleGraph.isUniform_singleton.mp fun ⦃s'⦄ => ?_)

It may be possible to correct this proof by adding type annotations, explicitly specifying implicit arguments, or eliminating unnecessary function abstractions.
found a partial proof, but the corresponding tactic failed:
  (expose_names; refine SimpleGraph.IsUniform.pos fun ⦃s'⦄ => ?_)

It may be possible to correct this proof by adding type annotations, explicitly specifying implicit arguments, or eliminating unnecessary function abstractions.
Try this:
  [apply] refine gt_iff_lt.mp ?_
  -- Remaining subgoals:
  -- ⊢ Mf.DP.fixedEpochCenterGap point h query > 0
Try this:
  [apply] refine gt_iff_lt.mpr ?_
  -- Remaining subgoals:
  -- ⊢ 0 < Mf.DP.fixedEpochCenterGap point h query
found a partial proof, but the corresponding tactic failed:
  (expose_names; refine lt_of_eq_of_lt ?_ ?_)

It may be possible to correct this proof by adding type annotations, explicitly specifying implicit arguments, or eliminating unnecessary function abstractions.
found a partial proof, but the corresponding tactic failed:
  (expose_names; refine lt_of_lt_of_eq ?_ ?_)

It may be possible to correct this proof by adding type annotations, explicitly specifying implicit arguments, or eliminating unnecessary function abstractions.
Try this:
  [apply] refine (Std.LawfulOrderLT.lt_iff 0 (Mf.DP.fixedEpochCenterGap point h query)).mpr ?_
  -- Remaining subgoals:
  -- ⊢ 0 ≤ Mf.DP.fixedEpochCenterGap point h query ∧ ¬Mf.DP.fixedEpochCenterGap point h query ≤ 0
found a partial proof, but the corresponding tactic failed:
  (expose_names; refine Std.lt_of_le_of_lt ?_ ?_)

It may be possible to correct this proof by adding type annotations, explicitly specifying implicit arguments, or eliminating unnecessary function abstractions.
Try this:
  [apply] refine Std.lt_iff_le_and_ne.mpr ?_
  -- Remaining subgoals:
  -- ⊢ 0 ≤ Mf.DP.fixedEpochCenterGap point h query ∧ 0 ≠ Mf.DP.fixedEpochCenterGap point h query
found a partial proof, but the corresponding tactic failed:
  (expose_names; refine Std.lt_of_lt_of_le ?_ ?_)

It may be possible to correct this proof by adding type annotations, explicitly specifying implicit arguments, or eliminating unnecessary function abstractions.
Try this:
  [apply] refine Std.not_le.mp ?_
  -- Remaining subgoals:
  -- ⊢ ¬Mf.DP.fixedEpochCenterGap point h query ≤ 0
found a partial proof, but the corresponding tactic failed:
  (expose_names; refine Std.lt_trans ?_ ?_)

It may be possible to correct this proof by adding type annotations, explicitly specifying implicit arguments, or eliminating unnecessary function abstractions.
Try this:
  [apply] refine Std.lt_iff_le_and_not_ge.mpr ?_
  -- Remaining subgoals:
  -- ⊢ 0 ≤ Mf.DP.fixedEpochCenterGap point h query ∧ ¬Mf.DP.fixedEpochCenterGap point h query ≤ 0
Try this:
  [apply] refine Std.lt_of_le_of_ne ?_ ?_
  -- Remaining subgoals:
  -- ⊢ 0 ≤ Mf.DP.fixedEpochCenterGap point h query
  -- ⊢ 0 ≠ Mf.DP.fixedEpochCenterGap point h query
Try this:
  [apply] refine (compareOfLessAndEq_eq_gt_of_lt_iff_not_gt_and_ne ?_).mp ?_
  -- Remaining subgoals:
  -- ⊢ ∀ (x y : ℝ), x < y ↔ ¬y < x ∧ x ≠ y
  -- ⊢ compareOfLessAndEq (Mf.DP.fixedEpochCenterGap point h query) 0 = Ordering.gt
Try this:
  [apply] refine (compareOfLessAndEq_eq_gt ?_ ?_ ?_ (Mf.DP.fixedEpochCenterGap point h query) 0).mp ?_
  -- Remaining subgoals:
  -- ⊢ ∀ {x y : ℝ}, x ≤ y → y ≤ x → x = y
  -- ⊢ ∀ (x y : ℝ), x ≤ y ∨ y ≤ x
  -- ⊢ ∀ {x y : ℝ}, ¬x ≤ y ↔ y < x
  -- ⊢ compareOfLessAndEq (Mf.DP.fixedEpochCenterGap point h query) 0 = Ordering.gt
Try this:
  [apply] refine (lt_iff_not_gt_and_ne_of_antisymm_of_total_of_not_le ?_ ?_ ?_ 0
        (Mf.DP.fixedEpochCenterGap point h query)).mpr
    ?_
  -- Remaining subgoals:
  -- ⊢ ∀ {x y : ℝ}, x ≤ y → y ≤ x → x = y
  -- ⊢ ∀ (x y : ℝ), x ≤ y ∨ y ≤ x
  -- ⊢ ∀ {x y : ℝ}, ¬x ≤ y ↔ y < x
  -- ⊢ ¬Mf.DP.fixedEpochCenterGap point h query < 0 ∧ 0 ≠ Mf.DP.fixedEpochCenterGap point h query
Try this:
  [apply] refine compareOfLessAndEq_eq_lt.mp ?_
  -- Remaining subgoals:
  -- ⊢ compareOfLessAndEq 0 (Mf.DP.fixedEpochCenterGap point h query) = Ordering.lt
Try this:
  [apply] refine Option.some_lt_some.mp ?_
  -- Remaining subgoals:
  -- ⊢ some 0 < some (Mf.DP.fixedEpochCenterGap point h query)
Try this:
  [apply] refine Std.compare_eq_lt.mp ?_
  -- Remaining subgoals:
  -- ⊢ Std.LawfulOrderOrd ℝ
  -- ⊢ compare 0 (Mf.DP.fixedEpochCenterGap point h query) = Ordering.lt
Try this:
  [apply] refine Std.compare_eq_gt.mp ?_
  -- Remaining subgoals:
  -- ⊢ Std.LawfulOrderOrd ℝ
  -- ⊢ compare (Mf.DP.fixedEpochCenterGap point h query) 0 = Ordering.gt
Try this:
  [apply] refine Std.PRange.UpwardEnumerable.lt_iff.mpr ?_
  -- Remaining subgoals:
  -- ⊢ Std.PRange.UpwardEnumerable ℝ
  -- ⊢ Std.PRange.LawfulUpwardEnumerableLT ℝ
  -- ⊢ Std.PRange.UpwardEnumerable.LT 0 (Mf.DP.fixedEpochCenterGap point h query)
found a partial proof, but the corresponding tactic failed:
  (expose_names; refine (Std.PRange.LawfulUpwardEnumerableLT.lt_iff 0 (Mf.DP.fixedEpochCenterGap point h query)).mpr ?_)

It may be possible to correct this proof by adding type annotations, explicitly specifying implicit arguments, or eliminating unnecessary function abstractions.
found a partial proof, but the corresponding tactic failed:
  (expose_names; refine Std.Rco.Internal.get_elem_helper_upper_open ?_ ?_)

It may be possible to correct this proof by adding type annotations, explicitly specifying implicit arguments, or eliminating unnecessary function abstractions.
found a partial proof, but the corresponding tactic failed:
  (expose_names; refine Std.Rio.Internal.get_elem_helper_upper_open ?_ ?_)

It may be possible to correct this proof by adding type annotations, explicitly specifying implicit arguments, or eliminating unnecessary function abstractions.
found a partial proof, but the corresponding tactic failed:
  (expose_names; refine Std.Roo.Internal.get_elem_helper_upper_open ?_ ?_)

It may be possible to correct this proof by adding type annotations, explicitly specifying implicit arguments, or eliminating unnecessary function abstractions.
Try this:
  [apply] refine Std.Rxo.size_pos_iff_lt.mp ?_
  -- Remaining subgoals:
  -- ⊢ Std.Rxo.HasSize ℝ
  -- ⊢ Std.PRange.UpwardEnumerable ℝ
  -- ⊢ Std.Rxo.LawfulHasSize ℝ
  -- ⊢ 0 < Std.Rxo.HasSize.size 0 (Mf.DP.fixedEpochCenterGap point h query)
Try this:
  [apply] refine LT.lt_opposite_iff.mp ?_
  -- Remaining subgoals:
  -- ⊢ Mf.DP.fixedEpochCenterGap point h query < 0
found a partial proof, but the corresponding tactic failed:
  (expose_names; refine Std.PRange.UpwardEnumerable.Map.PreservesLT.lt_iff.mpr ?_)

It may be possible to correct this proof by adding type annotations, explicitly specifying implicit arguments, or eliminating unnecessary function abstractions.
found a partial proof, but the corresponding tactic failed:
  (expose_names; refine Std.LawfulLTCmp.eq_gt_iff_gt.mp ?_)

It may be possible to correct this proof by adding type annotations, explicitly specifying implicit arguments, or eliminating unnecessary function abstractions.
Try this:
  [apply] refine Batteries.compareOfLessAndEq_eq_lt.mp ?_
  -- Remaining subgoals:
  -- ⊢ compareOfLessAndEq 0 (Mf.DP.fixedEpochCenterGap point h query) = Ordering.lt
found a partial proof, but the corresponding tactic failed:
  (expose_names; refine Std.LawfulCmp.eq_lt_iff_lt.mp ?_)

It may be possible to correct this proof by adding type annotations, explicitly specifying implicit arguments, or eliminating unnecessary function abstractions.
found a partial proof, but the corresponding tactic failed:
  (expose_names; refine Std.LawfulLTCmp.eq_lt_iff_lt.mp ?_)

It may be possible to correct this proof by adding type annotations, explicitly specifying implicit arguments, or eliminating unnecessary function abstractions.
found a partial proof, but the corresponding tactic failed:
  (expose_names; refine Std.LawfulBCmp.eq_lt_iff_lt.mp ?_)

It may be possible to correct this proof by adding type annotations, explicitly specifying implicit arguments, or eliminating unnecessary function abstractions.
found a partial proof, but the corresponding tactic failed:
  (expose_names; refine lt_of_lt_of_eq'' ?_ ?_)

It may be possible to correct this proof by adding type annotations, explicitly specifying implicit arguments, or eliminating unnecessary function abstractions.
found a partial proof, but the corresponding tactic failed:
  (expose_names; refine lt_of_eq_of_lt'' ?_ ?_)

It may be possible to correct this proof by adding type annotations, explicitly specifying implicit arguments, or eliminating unnecessary function abstractions.
Try this:
  [apply] refine lt_of_le_of_ne' ?_ ?_
  -- Remaining subgoals:
  -- ⊢ 0 ≤ Mf.DP.fixedEpochCenterGap point h query
  -- ⊢ Mf.DP.fixedEpochCenterGap point h query ≠ 0
found a partial proof, but the corresponding tactic failed:
  (expose_names; refine lt_of_le_of_lt ?_ ?_)

It may be possible to correct this proof by adding type annotations, explicitly specifying implicit arguments, or eliminating unnecessary function abstractions.
found a partial proof, but the corresponding tactic failed:
  (expose_names; refine lt_of_lt_of_le ?_ ?_)

It may be possible to correct this proof by adding type annotations, explicitly specifying implicit arguments, or eliminating unnecessary function abstractions.
found a partial proof, but the corresponding tactic failed:
  (expose_names; refine lt_of_le_of_lt' ?_ ?_)

It may be possible to correct this proof by adding type annotations, explicitly specifying implicit arguments, or eliminating unnecessary function abstractions.
Try this:
  [apply] refine lt_iff_le_not_ge.mpr ?_
  -- Remaining subgoals:
  -- ⊢ 0 ≤ Mf.DP.fixedEpochCenterGap point h query ∧ ¬Mf.DP.fixedEpochCenterGap point h query ≤ 0
found a partial proof, but the corresponding tactic failed:
  (expose_names; refine gt_trans ?_ ?_)

It may be possible to correct this proof by adding type annotations, explicitly specifying implicit arguments, or eliminating unnecessary function abstractions.
Try this:
  [apply] refine lt_of_le_not_ge ?_ ?_
  -- Remaining subgoals:
  -- ⊢ 0 ≤ Mf.DP.fixedEpochCenterGap point h query
  -- ⊢ ¬Mf.DP.fixedEpochCenterGap point h query ≤ 0
Try this:
  [apply] refine lt_of_le_of_ne ?_ ?_
  -- Remaining subgoals:
  -- ⊢ 0 ≤ Mf.DP.fixedEpochCenterGap point h query
  -- ⊢ 0 ≠ Mf.DP.fixedEpochCenterGap point h query
Try this:
  [apply] refine lt_of_ne_of_le' ?_ ?_
  -- Remaining subgoals:
  -- ⊢ Mf.DP.fixedEpochCenterGap point h query ≠ 0
  -- ⊢ 0 ≤ Mf.DP.fixedEpochCenterGap point h query
found a partial proof, but the corresponding tactic failed:
  (expose_names; refine lt_of_lt_of_le' ?_ ?_)

It may be possible to correct this proof by adding type annotations, explicitly specifying implicit arguments, or eliminating unnecessary function abstractions.
found a partial proof, but the corresponding tactic failed:
  (expose_names; refine lt_trans ?_ ?_)

It may be possible to correct this proof by adding type annotations, explicitly specifying implicit arguments, or eliminating unnecessary function abstractions.
Try this:
  [apply] refine (Preorder.lt_iff_le_not_ge 0 (Mf.DP.fixedEpochCenterGap point h query)).mpr ?_
  -- Remaining subgoals:
  -- ⊢ 0 ≤ Mf.DP.fixedEpochCenterGap point h query ∧ ¬Mf.DP.fixedEpochCenterGap point h query ≤ 0
Try this:
  [apply] refine lt_of_ne_of_le ?_ ?_
  -- Remaining subgoals:
  -- ⊢ 0 ≠ Mf.DP.fixedEpochCenterGap point h query
  -- ⊢ 0 ≤ Mf.DP.fixedEpochCenterGap point h query
Try this:
  [apply] refine compare_gt_iff_gt.mp ?_
  -- Remaining subgoals:
  -- ⊢ compare (Mf.DP.fixedEpochCenterGap point h query) 0 = Ordering.gt
Try this:
  [apply] refine lt_of_not_ge ?_
  -- Remaining subgoals:
  -- ⊢ ¬Mf.DP.fixedEpochCenterGap point h query ≤ 0
Try this:
  [apply] refine not_le.mp ?_
  -- Remaining subgoals:
  -- ⊢ ¬Mf.DP.fixedEpochCenterGap point h query ≤ 0
Try this:
  [apply] refine lt_iff_not_ge.mpr ?_
  -- Remaining subgoals:
  -- ⊢ ¬Mf.DP.fixedEpochCenterGap point h query ≤ 0
Try this:
  [apply] refine compare_lt_iff_lt.mp ?_
  -- Remaining subgoals:
  -- ⊢ compare 0 (Mf.DP.fixedEpochCenterGap point h query) = Ordering.lt
found a partial proof, but the corresponding tactic failed:
  (expose_names; refine Eq.trans_gt ?_ ?_)

It may be possible to correct this proof by adding type annotations, explicitly specifying implicit arguments, or eliminating unnecessary function abstractions.
found a partial proof, but the corresponding tactic failed:
  (expose_names; refine LT.lt.trans_eq ?_ ?_)

It may be possible to correct this proof by adding type annotations, explicitly specifying implicit arguments, or eliminating unnecessary function abstractions.
found a partial proof, but the corresponding tactic failed:
  (expose_names; refine lt_imp_lt_of_le_imp_le (fun a => ?_) ?_)

It may be possible to correct this proof by adding type annotations, explicitly specifying implicit arguments, or eliminating unnecessary function abstractions.
Try this:
  [apply] refine lt_of_forall_le_imp_ne ?_
  -- Remaining subgoals:
  -- ⊢ ∀ c ≤ 0, c ≠ Mf.DP.fixedEpochCenterGap point h query
found a partial proof, but the corresponding tactic failed:
  (expose_names; refine Function.const_lt_const.mp ?_)

It may be possible to correct this proof by adding type annotations, explicitly specifying implicit arguments, or eliminating unnecessary function abstractions.
found a partial proof, but the corresponding tactic failed:
  (expose_names; refine Eq.trans_lt ?_ ?_)

It may be possible to correct this proof by adding type annotations, explicitly specifying implicit arguments, or eliminating unnecessary function abstractions.
Try this:
  [apply] refine (LE.le.lt_iff_ne ?_).mpr ?_
  -- Remaining subgoals:
  -- ⊢ 0 ≤ Mf.DP.fixedEpochCenterGap point h query
  -- ⊢ 0 ≠ Mf.DP.fixedEpochCenterGap point h query
found a partial proof, but the corresponding tactic failed:
  (expose_names; refine (lt_iff_lt_of_le_iff_le' ?_ ?_).mp ?_)

It may be possible to correct this proof by adding type annotations, explicitly specifying implicit arguments, or eliminating unnecessary function abstractions.
found a partial proof, but the corresponding tactic failed:
  (expose_names; refine (lt_iff_lt_of_le_iff_le' ?_ ?_).mpr ?_)

It may be possible to correct this proof by adding type annotations, explicitly specifying implicit arguments, or eliminating unnecessary function abstractions.
found a partial proof, but the corresponding tactic failed:
  (expose_names; refine LT.lt.trans_le ?_ ?_)

It may be possible to correct this proof by adding type annotations, explicitly specifying implicit arguments, or eliminating unnecessary function abstractions.
found a partial proof, but the corresponding tactic failed:
  (expose_names; refine LT.lt.trans_eq' ?_ ?_)

It may be possible to correct this proof by adding type annotations, explicitly specifying implicit arguments, or eliminating unnecessary function abstractions.
found a partial proof, but the corresponding tactic failed:
  (expose_names; refine lt_imp_lt_of_le_of_le ?_ ?_ ?_)

It may be possible to correct this proof by adding type annotations, explicitly specifying implicit arguments, or eliminating unnecessary function abstractions.
found a partial proof, but the corresponding tactic failed:
  (expose_names; refine LE.le.trans_lt' ?_ ?_)

It may be possible to correct this proof by adding type annotations, explicitly specifying implicit arguments, or eliminating unnecessary function abstractions.
found a partial proof, but the corresponding tactic failed:
  (expose_names; refine LT.lt.trans' ?_ ?_)

It may be possible to correct this proof by adding type annotations, explicitly specifying implicit arguments, or eliminating unnecessary function abstractions.
found a partial proof, but the corresponding tactic failed:
  (expose_names; refine LE.le.trans_lt ?_ ?_)

It may be possible to correct this proof by adding type annotations, explicitly specifying implicit arguments, or eliminating unnecessary function abstractions.
Try this:
  [apply] refine forall_le_imp_ne_iff_lt.mp ?_
  -- Remaining subgoals:
  -- ⊢ ∀ c ≤ 0, c ≠ Mf.DP.fixedEpochCenterGap point h query
Try this:
  [apply] refine GT.gt.lt ?_
  -- Remaining subgoals:
  -- ⊢ Mf.DP.fixedEpochCenterGap point h query > 0
found a partial proof, but the corresponding tactic failed:
  (expose_names; refine gt_trans' ?_ ?_)

It may be possible to correct this proof by adding type annotations, explicitly specifying implicit arguments, or eliminating unnecessary function abstractions.
Try this:
  [apply] refine Ne.lt_of_le ?_ ?_
  -- Remaining subgoals:
  -- ⊢ 0 ≠ Mf.DP.fixedEpochCenterGap point h query
  -- ⊢ 0 ≤ Mf.DP.fixedEpochCenterGap point h query
found a partial proof, but the corresponding tactic failed:
  (expose_names; refine LT.lt.trans ?_ ?_)

It may be possible to correct this proof by adding type annotations, explicitly specifying implicit arguments, or eliminating unnecessary function abstractions.
Try this:
  [apply] refine LE.le.lt_of_ne' ?_ ?_
  -- Remaining subgoals:
  -- ⊢ 0 ≤ Mf.DP.fixedEpochCenterGap point h query
  -- ⊢ Mf.DP.fixedEpochCenterGap point h query ≠ 0
Try this:
  [apply] refine LE.le.lt_of_not_ge ?_ ?_
  -- Remaining subgoals:
  -- ⊢ 0 ≤ Mf.DP.fixedEpochCenterGap point h query
  -- ⊢ ¬Mf.DP.fixedEpochCenterGap point h query ≤ 0
Try this:
  [apply] refine Ne.lt_of_le' ?_ ?_
  -- Remaining subgoals:
  -- ⊢ Mf.DP.fixedEpochCenterGap point h query ≠ 0
  -- ⊢ 0 ≤ Mf.DP.fixedEpochCenterGap point h query
Try this:
  [apply] refine LE.le.lt_of_ne ?_ ?_
  -- Remaining subgoals:
  -- ⊢ 0 ≤ Mf.DP.fixedEpochCenterGap point h query
  -- ⊢ 0 ≠ Mf.DP.fixedEpochCenterGap point h query
found a partial proof, but the corresponding tactic failed:
  (expose_names; refine LT.lt.trans_le' ?_ ?_)

It may be possible to correct this proof by adding type annotations, explicitly specifying implicit arguments, or eliminating unnecessary function abstractions.
found a partial proof, but the corresponding tactic failed:
  (expose_names; refine Prod.mk_lt_mk_iff_left.mp ?_)

It may be possible to correct this proof by adding type annotations, explicitly specifying implicit arguments, or eliminating unnecessary function abstractions.
found a partial proof, but the corresponding tactic failed:
  (expose_names; refine Prod.mk_lt_mk_iff_right.mp ?_)

It may be possible to correct this proof by adding type annotations, explicitly specifying implicit arguments, or eliminating unnecessary function abstractions.
Try this:
  [apply] refine lt_iff_le_and_ne'.mpr ?_
  -- Remaining subgoals:
  -- ⊢ 0 ≤ Mf.DP.fixedEpochCenterGap point h query ∧ Mf.DP.fixedEpochCenterGap point h query ≠ 0
Try this:
  [apply] refine (Ne.ge_iff_gt ?_).mp ?_
  -- Remaining subgoals:
  -- ⊢ Mf.DP.fixedEpochCenterGap point h query ≠ 0
  -- ⊢ 0 ≤ Mf.DP.fixedEpochCenterGap point h query
found a partial proof, but the corresponding tactic failed:
  (expose_names; refine Subtype.mk_lt_mk.mp ?_)

It may be possible to correct this proof by adding type annotations, explicitly specifying implicit arguments, or eliminating unnecessary function abstractions.
Try this:
  [apply] refine LT.lt.gt ?_
  -- Remaining subgoals:
  -- ⊢ 0 < Mf.DP.fixedEpochCenterGap point h query
found a partial proof, but the corresponding tactic failed:
  (expose_names; refine gt_imp_gt_of_le_of_le ?_ ?_ ?_)

It may be possible to correct this proof by adding type annotations, explicitly specifying implicit arguments, or eliminating unnecessary function abstractions.
Try this:
  [apply] refine (LE.le.lt_iff_ne' ?_).mpr ?_
  -- Remaining subgoals:
  -- ⊢ 0 ≤ Mf.DP.fixedEpochCenterGap point h query
  -- ⊢ Mf.DP.fixedEpochCenterGap point h query ≠ 0
Try this:
  [apply] refine lt_of_forall_ge_imp_ne ?_
  -- Remaining subgoals:
  -- ⊢ ∀ (c : ℝ), Mf.DP.fixedEpochCenterGap point h query ≤ c → c ≠ 0
found a partial proof, but the corresponding tactic failed:
  (expose_names; refine (lt_iff_lt_of_le_iff_le ?_).mp ?_)

It may be possible to correct this proof by adding type annotations, explicitly specifying implicit arguments, or eliminating unnecessary function abstractions.
found a partial proof, but the corresponding tactic failed:
  (expose_names; refine (lt_iff_lt_of_le_iff_le ?_).mpr ?_)

It may be possible to correct this proof by adding type annotations, explicitly specifying implicit arguments, or eliminating unnecessary function abstractions.
Try this:
  [apply] refine forall_ge_imp_ne_iff_lt.mp ?_
  -- Remaining subgoals:
  -- ⊢ ∀ (c : ℝ), Mf.DP.fixedEpochCenterGap point h query ≤ c → c ≠ 0
found a partial proof, but the corresponding tactic failed:
  (expose_names; refine lt_trans' ?_ ?_)

It may be possible to correct this proof by adding type annotations, explicitly specifying implicit arguments, or eliminating unnecessary function abstractions.
Try this:
  [apply] refine (Ne.le_iff_lt ?_).mp ?_
  -- Remaining subgoals:
  -- ⊢ 0 ≠ Mf.DP.fixedEpochCenterGap point h query
  -- ⊢ 0 ≤ Mf.DP.fixedEpochCenterGap point h query
Try this:
  [apply] refine lt_iff_le_and_ne.mpr ?_
  -- Remaining subgoals:
  -- ⊢ 0 ≤ Mf.DP.fixedEpochCenterGap point h query ∧ 0 ≠ Mf.DP.fixedEpochCenterGap point h query
Try this:
  [apply] refine lt_update_self_iff.mp ?_
  -- Remaining subgoals:
  -- ⊢ DecidableEq (OfNat ℝ 0)
  -- ⊢ @OfNat.ofNat ℝ 0 < Function.update (@OfNat.ofNat ℝ 0) Zero.toOfNat0 (Mf.DP.fixedEpochCenterGap point h query)
Try this:
  [apply] refine OrderDual.toDual_lt_toDual.mp ?_
  -- Remaining subgoals:
  -- ⊢ OrderDual.toDual (Mf.DP.fixedEpochCenterGap point h query) < OrderDual.toDual 0
Try this:
  [apply] refine IsTop.lt_of_ne ?_ ?_
  -- Remaining subgoals:
  -- ⊢ IsTop (Mf.DP.fixedEpochCenterGap point h query)
  -- ⊢ 0 ≠ Mf.DP.fixedEpochCenterGap point h query
Try this:
  [apply] refine IsBot.lt_of_ne ?_ ?_
  -- Remaining subgoals:
  -- ⊢ IsBot 0
  -- ⊢ 0 ≠ Mf.DP.fixedEpochCenterGap point h query
Try this:
  [apply] refine IsTop.lt_of_ne' ?_ ?_
  -- Remaining subgoals:
  -- ⊢ IsTop (Mf.DP.fixedEpochCenterGap point h query)
  -- ⊢ Mf.DP.fixedEpochCenterGap point h query ≠ 0
Try this:
  [apply] refine IsBot.lt_of_ne' ?_ ?_
  -- Remaining subgoals:
  -- ⊢ IsBot 0
  -- ⊢ Mf.DP.fixedEpochCenterGap point h query ≠ 0
Try this:
  [apply] refine ULift.up_lt.mp ?_
  -- Remaining subgoals:
  -- ⊢ { down := 0 } < { down := Mf.DP.fixedEpochCenterGap point h query }
found a partial proof, but the corresponding tactic failed:
  (expose_names; refine (Ordering.Compares.eq_gt ?_).mp ?_)

It may be possible to correct this proof by adding type annotations, explicitly specifying implicit arguments, or eliminating unnecessary function abstractions.
Try this:
  [apply] refine (cmp_eq_gt_iff (Mf.DP.fixedEpochCenterGap point h query) 0).mp ?_
  -- Remaining subgoals:
  -- ⊢ cmp (Mf.DP.fixedEpochCenterGap point h query) 0 = Ordering.gt
found a partial proof, but the corresponding tactic failed:
  (expose_names; refine (Ordering.Compares.eq_lt ?_).mp ?_)

It may be possible to correct this proof by adding type annotations, explicitly specifying implicit arguments, or eliminating unnecessary function abstractions.
Try this:
  [apply] refine (cmp_eq_lt_iff 0 (Mf.DP.fixedEpochCenterGap point h query)).mp ?_
  -- Remaining subgoals:
  -- ⊢ cmp 0 (Mf.DP.fixedEpochCenterGap point h query) = Ordering.lt
found a partial proof, but the corresponding tactic failed:
  (expose_names; refine (lt_iff_lt_of_cmp_eq_cmp ?_).mp ?_)

It may be possible to correct this proof by adding type annotations, explicitly specifying implicit arguments, or eliminating unnecessary function abstractions.
found a partial proof, but the corresponding tactic failed:
  (expose_names; refine (lt_iff_lt_of_cmp_eq_cmp ?_).mpr ?_)

It may be possible to correct this proof by adding type annotations, explicitly specifying implicit arguments, or eliminating unnecessary function abstractions.
found a partial proof, but the corresponding tactic failed:
  (expose_names; refine Monotone.reflect_lt (fun ⦃a⦄ => ?_) ?_)

It may be possible to correct this proof by adding type annotations, explicitly specifying implicit arguments, or eliminating unnecessary function abstractions.
found a partial proof, but the corresponding tactic failed:
  (expose_names; refine Antitone.reflect_lt (fun ⦃a⦄ => ?_) ?_)

It may be possible to correct this proof by adding type annotations, explicitly specifying implicit arguments, or eliminating unnecessary function abstractions.
found a partial proof, but the corresponding tactic failed:
  (expose_names; refine AntitoneOn.reflect_lt (fun ⦃a⦄ => ?_) ?_ ?_ ?_)

It may be possible to correct this proof by adding type annotations, explicitly specifying implicit arguments, or eliminating unnecessary function abstractions.
found a partial proof, but the corresponding tactic failed:
  (expose_names; refine MonotoneOn.reflect_lt (fun ⦃a⦄ => ?_) ?_ ?_ ?_)

It may be possible to correct this proof by adding type annotations, explicitly specifying implicit arguments, or eliminating unnecessary function abstractions.
found a partial proof, but the corresponding tactic failed:
  (expose_names; refine LT.lt.trans_subset ?_ ?_)

It may be possible to correct this proof by adding type annotations, explicitly specifying implicit arguments, or eliminating unnecessary function abstractions.
Try this:
  [apply] refine ssubset_iff_subset_and_ne.mpr ?_
  -- Remaining subgoals:
  -- ⊢ UsesSetNotationForOrder ℝ
  -- ⊢ 0 ≤ Mf.DP.fixedEpochCenterGap point h query ∧ 0 ≠ Mf.DP.fixedEpochCenterGap point h query
found a partial proof, but the corresponding tactic failed:
  (expose_names; refine LE.le.ssubset_of_not_subset ?_ ?_)

It may be possible to correct this proof by adding type annotations, explicitly specifying implicit arguments, or eliminating unnecessary function abstractions.
Try this:
  [apply] refine ssubset_iff_subset_not_superset.mpr ?_
  -- Remaining subgoals:
  -- ⊢ UsesSetNotationForOrder ℝ
  -- ⊢ 0 ≤ Mf.DP.fixedEpochCenterGap point h query ∧ ¬Mf.DP.fixedEpochCenterGap point h query ≤ 0
found a partial proof, but the corresponding tactic failed:
  (expose_names; refine ssubset_trans ?_ ?_)

It may be possible to correct this proof by adding type annotations, explicitly specifying implicit arguments, or eliminating unnecessary function abstractions.
found a partial proof, but the corresponding tactic failed:
  (expose_names; refine Eq.trans_ssubset ?_ ?_)

It may be possible to correct this proof by adding type annotations, explicitly specifying implicit arguments, or eliminating unnecessary function abstractions.
found a partial proof, but the corresponding tactic failed:
  (expose_names; refine LE.le.ssubset_of_ne ?_ ?_)

It may be possible to correct this proof by adding type annotations, explicitly specifying implicit arguments, or eliminating unnecessary function abstractions.
found a partial proof, but the corresponding tactic failed:
  (expose_names; refine ssubset_of_eq_of_ssubset ?_ ?_)

It may be possible to correct this proof by adding type annotations, explicitly specifying implicit arguments, or eliminating unnecessary function abstractions.
found a partial proof, but the corresponding tactic failed:
  (expose_names; refine LE.le.ssubset_of_not_superset ?_ ?_)

It may be possible to correct this proof by adding type annotations, explicitly specifying implicit arguments, or eliminating unnecessary function abstractions.
found a partial proof, but the corresponding tactic failed:
  (expose_names; refine ssubset_of_subset_of_ssubset ?_ ?_)

It may be possible to correct this proof by adding type annotations, explicitly specifying implicit arguments, or eliminating unnecessary function abstractions.
found a partial proof, but the corresponding tactic failed:
  (expose_names; refine ssubset_of_ne_of_subset ?_ ?_)

It may be possible to correct this proof by adding type annotations, explicitly specifying implicit arguments, or eliminating unnecessary function abstractions.
found a partial proof, but the corresponding tactic failed:
  (expose_names; refine ssubset_of_ssubset_of_eq ?_ ?_)

It may be possible to correct this proof by adding type annotations, explicitly specifying implicit arguments, or eliminating unnecessary function abstractions.
found a partial proof, but the corresponding tactic failed:
  (expose_names; refine LE.le.trans_ssubset ?_ ?_)

It may be possible to correct this proof by adding type annotations, explicitly specifying implicit arguments, or eliminating unnecessary function abstractions.
Try this:
  [apply] refine ssubset_iff_subset_ne.mpr ?_
  -- Remaining subgoals:
  -- ⊢ UsesSetNotationForOrder ℝ
  -- ⊢ 0 ≤ Mf.DP.fixedEpochCenterGap point h query ∧ 0 ≠ Mf.DP.fixedEpochCenterGap point h query
found a partial proof, but the corresponding tactic failed:
  (expose_names; refine ssubset_of_subset_not_subset ?_ ?_)

It may be possible to correct this proof by adding type annotations, explicitly specifying implicit arguments, or eliminating unnecessary function abstractions.
found a partial proof, but the corresponding tactic failed:
  (expose_names; refine ssubset_of_subset_not_superset ?_ ?_)

It may be possible to correct this proof by adding type annotations, explicitly specifying implicit arguments, or eliminating unnecessary function abstractions.
found a partial proof, but the corresponding tactic failed:
  (expose_names; refine Ne.ssubset_of_subset ?_ ?_)

It may be possible to correct this proof by adding type annotations, explicitly specifying implicit arguments, or eliminating unnecessary function abstractions.
found a partial proof, but the corresponding tactic failed:
  (expose_names; refine ssubset_of_ssubset_of_subset ?_ ?_)

It may be possible to correct this proof by adding type annotations, explicitly specifying implicit arguments, or eliminating unnecessary function abstractions.
found a partial proof, but the corresponding tactic failed:
  (expose_names; refine ssubset_of_subset_of_ne ?_ ?_)

It may be possible to correct this proof by adding type annotations, explicitly specifying implicit arguments, or eliminating unnecessary function abstractions.
Try this:
  [apply] refine ssubset_iff_subset_not_subset.mpr ?_
  -- Remaining subgoals:
  -- ⊢ UsesSetNotationForOrder ℝ
  -- ⊢ 0 ≤ Mf.DP.fixedEpochCenterGap point h query ∧ ¬Mf.DP.fixedEpochCenterGap point h query ≤ 0
found a partial proof, but the corresponding tactic failed:
  (expose_names; refine (StrictMonoOn.lt_iff_lt (fun ⦃a⦄ => ?_) ?_ ?_).mp ?_)

It may be possible to correct this proof by adding type annotations, explicitly specifying implicit arguments, or eliminating unnecessary function abstractions.
found a partial proof, but the corresponding tactic failed:
  (expose_names; refine (StrictAnti.lt_iff_gt fun ⦃a⦄ => ?_).mp ?_)

It may be possible to correct this proof by adding type annotations, explicitly specifying implicit arguments, or eliminating unnecessary function abstractions.
found a partial proof, but the corresponding tactic failed:
  (expose_names; refine (StrictMono.lt_iff_lt fun ⦃a⦄ => ?_).mp ?_)

It may be possible to correct this proof by adding type annotations, explicitly specifying implicit arguments, or eliminating unnecessary function abstractions.
found a partial proof, but the corresponding tactic failed:
  (expose_names; refine (StrictAntiOn.lt_iff_gt (fun ⦃a⦄ => ?_) ?_ ?_).mp ?_)

It may be possible to correct this proof by adding type annotations, explicitly specifying implicit arguments, or eliminating unnecessary function abstractions.
found a partial proof, but the corresponding tactic failed:
  (expose_names; refine (GaloisConnection.lt_iff_lt fun a => ?_).mp ?_)

It may be possible to correct this proof by adding type annotations, explicitly specifying implicit arguments, or eliminating unnecessary function abstractions.
found a partial proof, but the corresponding tactic failed:
  (expose_names; refine (GaloisConnection.lt_iff_lt fun a => ?_).mpr ?_)

It may be possible to correct this proof by adding type annotations, explicitly specifying implicit arguments, or eliminating unnecessary function abstractions.
Try this:
  [apply] refine (add_lt_add_iff_right ?_).mp ?_
  -- Remaining subgoals:
  -- ⊢ ℝ
  -- ⊢ 0 + ?_ < Mf.DP.fixedEpochCenterGap point h query + ?_
found a partial proof, but the corresponding tactic failed:
  (expose_names; refine lt_of_add_lt_of_nonneg_right ?_ ?_)

It may be possible to correct this proof by adding type annotations, explicitly specifying implicit arguments, or eliminating unnecessary function abstractions.
found a partial proof, but the corresponding tactic failed:
  (expose_names; refine lt_of_add_lt_add_left ?_)

It may be possible to correct this proof by adding type annotations, explicitly specifying implicit arguments, or eliminating unnecessary function abstractions.
found a partial proof, but the corresponding tactic failed:
  (expose_names; refine lt_of_lt_mul_of_le_one_right ?_ ?_)

It may be possible to correct this proof by adding type annotations, explicitly specifying implicit arguments, or eliminating unnecessary function abstractions.
found a partial proof, but the corresponding tactic failed:
  (expose_names; refine lt_of_lt_add_of_nonpos_right ?_ ?_)

It may be possible to correct this proof by adding type annotations, explicitly specifying implicit arguments, or eliminating unnecessary function abstractions.
found a partial proof, but the corresponding tactic failed:
  (expose_names; refine lt_of_add_lt_add_right ?_)

It may be possible to correct this proof by adding type annotations, explicitly specifying implicit arguments, or eliminating unnecessary function abstractions.
found a partial proof, but the corresponding tactic failed:
  (expose_names; refine lt_of_lt_add_of_nonpos_left ?_ ?_)

It may be possible to correct this proof by adding type annotations, explicitly specifying implicit arguments, or eliminating unnecessary function abstractions.
found a partial proof, but the corresponding tactic failed:
  (expose_names; refine lt_of_mul_lt_mul_right' ?_)

It may be possible to correct this proof by adding type annotations, explicitly specifying implicit arguments, or eliminating unnecessary function abstractions.
found a partial proof, but the corresponding tactic failed:
  (expose_names; refine lt_of_lt_mul_of_le_one_left ?_ ?_)

It may be possible to correct this proof by adding type annotations, explicitly specifying implicit arguments, or eliminating unnecessary function abstractions.
Try this:
  [apply] refine (mul_lt_mul_iff_right ?_).mp ?_
  -- Remaining subgoals:
  -- ⊢ ℝ
  -- ⊢ MulRightStrictMono ℝ
  -- ⊢ MulRightReflectLT ℝ
  -- ⊢ 0 * ?_ < Mf.DP.fixedEpochCenterGap point h query * ?_
found a partial proof, but the corresponding tactic failed:
  (expose_names; refine lt_of_mul_lt_mul_left' ?_)

It may be possible to correct this proof by adding type annotations, explicitly specifying implicit arguments, or eliminating unnecessary function abstractions.
found a partial proof, but the corresponding tactic failed:
  (expose_names; refine lt_of_mul_lt_of_one_le_right ?_ ?_)

It may be possible to correct this proof by adding type annotations, explicitly specifying implicit arguments, or eliminating unnecessary function abstractions.
Try this:
  [apply] refine (add_lt_add_iff_left ?_).mp ?_
  -- Remaining subgoals:
  -- ⊢ ℝ
  -- ⊢ ?_ + 0 < ?_ + Mf.DP.fixedEpochCenterGap point h query
found a partial proof, but the corresponding tactic failed:
  (expose_names; refine lt_of_add_lt_of_nonneg_left ?_ ?_)

It may be possible to correct this proof by adding type annotations, explicitly specifying implicit arguments, or eliminating unnecessary function abstractions.
found a partial proof, but the corresponding tactic failed:
  (expose_names; refine lt_of_mul_lt_of_one_le_left ?_ ?_)

It may be possible to correct this proof by adding type annotations, explicitly specifying implicit arguments, or eliminating unnecessary function abstractions.
Try this:
  [apply] refine (mul_lt_mul_iff_left ?_).mp ?_
  -- Remaining subgoals:
  -- ⊢ ℝ
  -- ⊢ MulLeftStrictMono ℝ
  -- ⊢ MulLeftReflectLT ℝ
  -- ⊢ ?_ * 0 < ?_ * Mf.DP.fixedEpochCenterGap point h query
found a partial proof, but the corresponding tactic failed:
  (expose_names; refine lt_of_tsub_lt_tsub_left ?_)

It may be possible to correct this proof by adding type annotations, explicitly specifying implicit arguments, or eliminating unnecessary function abstractions.
found a partial proof, but the corresponding tactic failed:
  (expose_names; refine lt_of_tsub_lt_tsub_right ?_)

It may be possible to correct this proof by adding type annotations, explicitly specifying implicit arguments, or eliminating unnecessary function abstractions.
Try this:
  [apply] refine one_lt_div'.mp ?_
  -- Remaining subgoals:
  -- ⊢ Group ℝ
  -- ⊢ MulRightStrictMono ℝ
  -- ⊢ 1 < Mf.DP.fixedEpochCenterGap point h query / 0
Try this:
  [apply] refine sub_neg.mp ?_
  -- Remaining subgoals:
  -- ⊢ 0 - Mf.DP.fixedEpochCenterGap point h query < 0
Try this:
  [apply] refine (div_lt_div_iff_right ?_).mp ?_
  -- Remaining subgoals:
  -- ⊢ Group ℝ
  -- ⊢ ℝ
  -- ⊢ MulRightStrictMono ℝ
  -- ⊢ 0 / ?_ < Mf.DP.fixedEpochCenterGap point h query / ?_
Try this:
  [apply] refine (div_lt_div_iff_left ?_).mp ?_
  -- Remaining subgoals:
  -- ⊢ Group ℝ
  -- ⊢ ℝ
  -- ⊢ MulLeftStrictMono ℝ
  -- ⊢ MulRightStrictMono ℝ
  -- ⊢ ?_ / Mf.DP.fixedEpochCenterGap point h query < ?_ / 0
Try this:
  [apply] refine lt_add_neg_iff_lt.mp ?_
  -- Remaining subgoals:
  -- ⊢ 0 < Mf.DP.fixedEpochCenterGap point h query + -0
found a partial proof, but the corresponding tactic failed:
  (expose_names; refine lt_of_inv_lt_inv ?_)

It may be possible to correct this proof by adding type annotations, explicitly specifying implicit arguments, or eliminating unnecessary function abstractions.
Try this:
  [apply] refine lt_of_neg_lt_neg ?_
  -- Remaining subgoals:
  -- ⊢ -Mf.DP.fixedEpochCenterGap point h query < -0
Try this:
  [apply] refine sub_pos.mp ?_
  -- Remaining subgoals:
  -- ⊢ 0 < Mf.DP.fixedEpochCenterGap point h query - 0
Try this:
  [apply] refine inv_lt_inv_iff.mp ?_
  -- Remaining subgoals:
  -- ⊢ Group ℝ
  -- ⊢ MulLeftStrictMono ℝ
  -- ⊢ MulRightStrictMono ℝ
  -- ⊢ (Mf.DP.fixedEpochCenterGap point h query)⁻¹ < 0⁻¹
Try this:
  [apply] refine lt_mul_inv_iff_lt.mp ?_
  -- Remaining subgoals:
  -- ⊢ Group ℝ
  -- ⊢ MulRightStrictMono ℝ
  -- ⊢ 1 < Mf.DP.fixedEpochCenterGap point h query * 0⁻¹
Try this:
  [apply] refine lt_of_sub_neg ?_
  -- Remaining subgoals:
  -- ⊢ 0 - Mf.DP.fixedEpochCenterGap point h query < 0
Try this:
  [apply] refine add_neg_neg_iff.mp ?_
  -- Remaining subgoals:
  -- ⊢ 0 + -Mf.DP.fixedEpochCenterGap point h query < 0
Try this:
  [apply] refine (sub_lt_sub_iff_left ?_).mp ?_
  -- Remaining subgoals:
  -- ⊢ ℝ
  -- ⊢ ?_ - Mf.DP.fixedEpochCenterGap point h query < ?_ - 0
Try this:
  [apply] refine lt_neg_add_iff_lt.mp ?_
  -- Remaining subgoals:
  -- ⊢ 0 < -0 + Mf.DP.fixedEpochCenterGap point h query
Try this:
  [apply] refine inv_mul_lt_one_iff.mp ?_
  -- Remaining subgoals:
  -- ⊢ Group ℝ
  -- ⊢ MulLeftStrictMono ℝ
  -- ⊢ (Mf.DP.fixedEpochCenterGap point h query)⁻¹ * 0 < 1
Try this:
  [apply] refine inv_mul_lt_one_iff_lt.mp ?_
  -- Remaining subgoals:
  -- ⊢ Group ℝ
  -- ⊢ MulRightStrictMono ℝ
  -- ⊢ 0 * (Mf.DP.fixedEpochCenterGap point h query)⁻¹ < 1
Try this:
  [apply] refine neg_add_neg_iff_lt.mp ?_
  -- Remaining subgoals:
  -- ⊢ 0 + -Mf.DP.fixedEpochCenterGap point h query < 0
Try this:
  [apply] refine div_lt_one'.mp ?_
  -- Remaining subgoals:
  -- ⊢ Group ℝ
  -- ⊢ MulRightStrictMono ℝ
  -- ⊢ 0 / Mf.DP.fixedEpochCenterGap point h query < 1
Try this:
  [apply] refine neg_lt_neg_iff.mp ?_
  -- Remaining subgoals:
  -- ⊢ -Mf.DP.fixedEpochCenterGap point h query < -0
Try this:
  [apply] refine sub_lt_zero.mp ?_
  -- Remaining subgoals:
  -- ⊢ 0 - Mf.DP.fixedEpochCenterGap point h query < 0
Try this:
  [apply] refine (sub_lt_sub_iff_right ?_).mp ?_
  -- Remaining subgoals:
  -- ⊢ ℝ
  -- ⊢ 0 - ?_ < Mf.DP.fixedEpochCenterGap point h query - ?_
Try this:
  [apply] refine mul_inv_lt_one_iff.mp ?_
  -- Remaining subgoals:
  -- ⊢ Group ℝ
  -- ⊢ MulRightStrictMono ℝ
  -- ⊢ 0 * (Mf.DP.fixedEpochCenterGap point h query)⁻¹ < 1
Try this:
  [apply] refine lt_inv_mul_iff_lt.mp ?_
  -- Remaining subgoals:
  -- ⊢ Group ℝ
  -- ⊢ MulLeftStrictMono ℝ
  -- ⊢ 1 < 0⁻¹ * Mf.DP.fixedEpochCenterGap point h query
Try this:
  [apply] refine neg_add_neg_iff.mp ?_
  -- Remaining subgoals:
  -- ⊢ -Mf.DP.fixedEpochCenterGap point h query + 0 < 0
Try this:
  [apply] refine lt_of_sub_pos ?_
  -- Remaining subgoals:
  -- ⊢ 0 < Mf.DP.fixedEpochCenterGap point h query - 0
found a partial proof, but the corresponding tactic failed:
  (expose_names; refine lt_of_mul_lt_mul_of_nonneg_left ?_ ?_)

It may be possible to correct this proof by adding type annotations, explicitly specifying implicit arguments, or eliminating unnecessary function abstractions.
found a partial proof, but the corresponding tactic failed:
  (expose_names; refine (mul_lt_mul_iff_of_pos_left ?_).mp ?_)

It may be possible to correct this proof by adding type annotations, explicitly specifying implicit arguments, or eliminating unnecessary function abstractions.
found a partial proof, but the corresponding tactic failed:
  (expose_names; refine lt_of_mul_lt_mul_of_nonneg_right ?_ ?_)

It may be possible to correct this proof by adding type annotations, explicitly specifying implicit arguments, or eliminating unnecessary function abstractions.
found a partial proof, but the corresponding tactic failed:
  (expose_names; refine (mul_lt_mul_iff_of_pos_right ?_).mp ?_)

It may be possible to correct this proof by adding type annotations, explicitly specifying implicit arguments, or eliminating unnecessary function abstractions.
found a partial proof, but the corresponding tactic failed:
  (expose_names; refine (mul_lt_mul_iff_left₀ ?_).mp ?_)

It may be possible to correct this proof by adding type annotations, explicitly specifying implicit arguments, or eliminating unnecessary function abstractions.
found a partial proof, but the corresponding tactic failed:
  (expose_names; refine lt_of_mul_lt_mul_left ?_ ?_)

It may be possible to correct this proof by adding type annotations, explicitly specifying implicit arguments, or eliminating unnecessary function abstractions.
found a partial proof, but the corresponding tactic failed:
  (expose_names; refine (mul_lt_mul_iff_right₀ ?_).mp ?_)

It may be possible to correct this proof by adding type annotations, explicitly specifying implicit arguments, or eliminating unnecessary function abstractions.
found a partial proof, but the corresponding tactic failed:
  (expose_names; refine lt_of_mul_lt_mul_right ?_ ?_)

It may be possible to correct this proof by adding type annotations, explicitly specifying implicit arguments, or eliminating unnecessary function abstractions.
Try this:
  [apply] refine (sq_lt_sq₀ ?_ ?_).mp ?_
  -- Remaining subgoals:
  -- ⊢ 0 ≤ 0
  -- ⊢ 0 ≤ Mf.DP.fixedEpochCenterGap point h query
  -- ⊢ 0 ^ 2 < Mf.DP.fixedEpochCenterGap point h query ^ 2
Try this:
  [apply] refine (one_lt_div₀ ?_).mp ?_
  -- Remaining subgoals:
  -- ⊢ 0 < 0
  -- ⊢ 1 < Mf.DP.fixedEpochCenterGap point h query / 0
Try this:
  [apply] refine (inv_lt_inv₀ ?_ ?_).mp ?_
  -- Remaining subgoals:
  -- ⊢ 0 < Mf.DP.fixedEpochCenterGap point h query
  -- ⊢ 0 < 0
  -- ⊢ (Mf.DP.fixedEpochCenterGap point h query)⁻¹ < 0⁻¹
Try this:
  [apply] refine lt_of_mul_self_lt_mul_self₀ ?_ ?_
  -- Remaining subgoals:
  -- ⊢ 0 ≤ Mf.DP.fixedEpochCenterGap point h query
  -- ⊢ 0 * 0 < Mf.DP.fixedEpochCenterGap point h query * Mf.DP.fixedEpochCenterGap point h query
Try this:
  [apply] refine (one_lt_inv_mul₀ ?_).mp ?_
  -- Remaining subgoals:
  -- ⊢ 0 < 0
  -- ⊢ 1 < 0⁻¹ * Mf.DP.fixedEpochCenterGap point h query
found a partial proof, but the corresponding tactic failed:
  (expose_names; refine (zpow_lt_zpow_iff_left₀ ?_ ?_ ?_).mp ?_)

It may be possible to correct this proof by adding type annotations, explicitly specifying implicit arguments, or eliminating unnecessary function abstractions.
found a partial proof, but the corresponding tactic failed:
  (expose_names; refine (div_lt_div_iff_of_pos_right ?_).mp ?_)

It may be possible to correct this proof by adding type annotations, explicitly specifying implicit arguments, or eliminating unnecessary function abstractions.
found a partial proof, but the corresponding tactic failed:
  (expose_names; refine (pow_lt_pow_iff_left₀ ?_ ?_ ?_).mp ?_)

It may be possible to correct this proof by adding type annotations, explicitly specifying implicit arguments, or eliminating unnecessary function abstractions.
Try this:
  [apply] refine lt_of_pow_lt_pow_left₀ ?_ ?_ ?_
  -- Remaining subgoals:
  -- ⊢ ℕ
  -- ⊢ 0 ≤ Mf.DP.fixedEpochCenterGap point h query
  -- ⊢ 0 ^ ?_ < Mf.DP.fixedEpochCenterGap point h query ^ ?_
found a partial proof, but the corresponding tactic failed:
  (expose_names; refine (div_lt_div_iff_of_pos_left ?_ ?_ ?_).mp ?_)

It may be possible to correct this proof by adding type annotations, explicitly specifying implicit arguments, or eliminating unnecessary function abstractions.
Try this:
  [apply] refine (div_lt_one₀ ?_).mp ?_
  -- Remaining subgoals:
  -- ⊢ 0 < Mf.DP.fixedEpochCenterGap point h query
  -- ⊢ 0 / Mf.DP.fixedEpochCenterGap point h query < 1
Try this:
  [apply] refine (inv_mul_lt_one₀ ?_).mp ?_
  -- Remaining subgoals:
  -- ⊢ 0 < Mf.DP.fixedEpochCenterGap point h query
  -- ⊢ (Mf.DP.fixedEpochCenterGap point h query)⁻¹ * 0 < 1
Try this:
  [apply] refine lt_iff_exists_one_lt_mul.mpr ?_
  -- Remaining subgoals:
  -- ⊢ ExistsMulOfLE ℝ
  -- ⊢ MulLeftStrictMono ℝ
  -- ⊢ MulLeftReflectLT ℝ
  -- ⊢ ∃ c, 1 < c ∧ 0 * c = Mf.DP.fixedEpochCenterGap point h query
Try this:
  [apply] refine lt_iff_exists_pos_add.mpr ?_
  -- Remaining subgoals:
  -- ⊢ ∃ c, 0 < c ∧ 0 + c = Mf.DP.fixedEpochCenterGap point h query
found a partial proof, but the corresponding tactic failed:
  (expose_names; refine (mul_lt_mul_right_of_neg ?_).mp ?_)

It may be possible to correct this proof by adding type annotations, explicitly specifying implicit arguments, or eliminating unnecessary function abstractions.
found a partial proof, but the corresponding tactic failed:
  (expose_names; refine lt_of_mul_lt_mul_of_nonpos_left ?_ ?_)

It may be possible to correct this proof by adding type annotations, explicitly specifying implicit arguments, or eliminating unnecessary function abstractions.
found a partial proof, but the corresponding tactic failed:
  (expose_names; refine lt_of_mul_lt_mul_of_nonpos_right ?_ ?_)

It may be possible to correct this proof by adding type annotations, explicitly specifying implicit arguments, or eliminating unnecessary function abstractions.
found a partial proof, but the corresponding tactic failed:
  (expose_names; refine (mul_lt_mul_left_of_neg ?_).mp ?_)

It may be possible to correct this proof by adding type annotations, explicitly specifying implicit arguments, or eliminating unnecessary function abstractions.
Try this:
  [apply] refine (mul_self_lt_mul_self_iff ?_ ?_).mpr ?_
  -- Remaining subgoals:
  -- ⊢ 0 ≤ 0
  -- ⊢ 0 ≤ Mf.DP.fixedEpochCenterGap point h query
  -- ⊢ 0 * 0 < Mf.DP.fixedEpochCenterGap point h query * Mf.DP.fixedEpochCenterGap point h query
found a partial proof, but the corresponding tactic failed:
  (expose_names; refine OrderedCommGroup.lt_of_mul_lt_mul_left ?_)

It may be possible to correct this proof by adding type annotations, explicitly specifying implicit arguments, or eliminating unnecessary function abstractions.
found a partial proof, but the corresponding tactic failed:
  (expose_names; refine OrderedCommGroup.lt_of_add_lt_add_left ?_)

It may be possible to correct this proof by adding type annotations, explicitly specifying implicit arguments, or eliminating unnecessary function abstractions.
found a partial proof, but the corresponding tactic failed:
  (expose_names; refine (map_inv_lt_map_inv_iff ?_).mp ?_)

It may be possible to correct this proof by adding type annotations, explicitly specifying implicit arguments, or eliminating unnecessary function abstractions.
found a partial proof, but the corresponding tactic failed:
  (expose_names; refine (OrderEmbedding.lt_iff_lt ?_).mp ?_)

It may be possible to correct this proof by adding type annotations, explicitly specifying implicit arguments, or eliminating unnecessary function abstractions.
found a partial proof, but the corresponding tactic failed:
  (expose_names; refine (OrderIso.lt_iff_lt ?_).mp ?_)

It may be possible to correct this proof by adding type annotations, explicitly specifying implicit arguments, or eliminating unnecessary function abstractions.
found a partial proof, but the corresponding tactic failed:
  (expose_names; refine (map_lt_map_iff ?_).mp ?_)

It may be possible to correct this proof by adding type annotations, explicitly specifying implicit arguments, or eliminating unnecessary function abstractions.
Try this:
  [apply] refine lt_of_nsmul_lt_nsmul_right ?_ ?_
  -- Remaining subgoals:
  -- ⊢ ℕ
  -- ⊢ ?_ • 0 < ?_ • Mf.DP.fixedEpochCenterGap point h query
found a partial proof, but the corresponding tactic failed:
  (expose_names; refine lt_of_pow_lt_pow_left' ?_ ?_)

It may be possible to correct this proof by adding type annotations, explicitly specifying implicit arguments, or eliminating unnecessary function abstractions.
Try this:
  [apply] refine lt_of_abs_lt ?_
  -- Remaining subgoals:
  -- ⊢ |0| < Mf.DP.fixedEpochCenterGap point h query
found a partial proof, but the corresponding tactic failed:
  (expose_names; refine lt_of_mabs_lt ?_)

It may be possible to correct this proof by adding type annotations, explicitly specifying implicit arguments, or eliminating unnecessary function abstractions.
Try this:
  [apply] refine Set.mem_Ioi.mp ?_
  -- Remaining subgoals:
  -- ⊢ Mf.DP.fixedEpochCenterGap point h query ∈ Set.Ioi 0
Try this:
  [apply] refine Set.mem_Iio.mp ?_
  -- Remaining subgoals:
  -- ⊢ 0 ∈ Set.Iio (Mf.DP.fixedEpochCenterGap point h query)
Try this:
  [apply] refine lt_iff_exists_mul.mpr ?_
  -- Remaining subgoals:
  -- ⊢ CanonicallyOrderedMul ℝ
  -- ⊢ MulLeftStrictMono ℝ
  -- ⊢ ∃ c > 1, Mf.DP.fixedEpochCenterGap point h query = 0 * c
Try this:
  [apply] refine lt_iff_exists_add.mpr ?_
  -- Remaining subgoals:
  -- ⊢ CanonicallyOrderedAdd ℝ
  -- ⊢ ∃ c > 0, Mf.DP.fixedEpochCenterGap point h query = 0 + c
Try this:
  [apply] refine WithBot.coe_lt_coe.mp ?_
  -- Remaining subgoals:
  -- ⊢ ↑0 < ↑(Mf.DP.fixedEpochCenterGap point h query)
Try this:
  [apply] refine WithTop.coe_lt_coe.mp ?_
  -- Remaining subgoals:
  -- ⊢ ↑0 < ↑(Mf.DP.fixedEpochCenterGap point h query)
Try this:
  [apply] refine Additive.ofMul_lt.mp ?_
  -- Remaining subgoals:
  -- ⊢ Additive.ofMul 0 < Additive.ofMul (Mf.DP.fixedEpochCenterGap point h query)
Try this:
  [apply] refine Multiplicative.ofAdd_lt.mp ?_
  -- Remaining subgoals:
  -- ⊢ Multiplicative.ofAdd 0 < Multiplicative.ofAdd (Mf.DP.fixedEpochCenterGap point h query)
Try this:
  [apply] refine WithZero.coe_lt_coe.mp ?_
  -- Remaining subgoals:
  -- ⊢ ↑0 < ↑(Mf.DP.fixedEpochCenterGap point h query)
Try this:
  [apply] refine WithZero.exp_lt_exp.mp ?_
  -- Remaining subgoals:
  -- ⊢ WithZero.exp 0 < WithZero.exp (Mf.DP.fixedEpochCenterGap point h query)
found a partial proof, but the corresponding tactic failed:
  (expose_names; refine lt_of_tsub_lt_tsub_right_of_le ?_ ?_)

It may be possible to correct this proof by adding type annotations, explicitly specifying implicit arguments, or eliminating unnecessary function abstractions.
found a partial proof, but the corresponding tactic failed:
  (expose_names; refine (tsub_lt_tsub_iff_left_of_le_of_le ?_ ?_).mp ?_)

It may be possible to correct this proof by adding type annotations, explicitly specifying implicit arguments, or eliminating unnecessary function abstractions.
found a partial proof, but the corresponding tactic failed:
  (expose_names; refine AddLECancellable.lt_of_tsub_lt_tsub_left_of_le ?_ ?_ ?_)

It may be possible to correct this proof by adding type annotations, explicitly specifying implicit arguments, or eliminating unnecessary function abstractions.
found a partial proof, but the corresponding tactic failed:
  (expose_names; refine (AddLECancellable.tsub_lt_tsub_iff_left_of_le_of_le ?_ ?_ ?_ ?_).mp ?_)

It may be possible to correct this proof by adding type annotations, explicitly specifying implicit arguments, or eliminating unnecessary function abstractions.
found a partial proof, but the corresponding tactic failed:
  (expose_names; refine lt_of_tsub_lt_tsub_left_of_le ?_ ?_)

It may be possible to correct this proof by adding type annotations, explicitly specifying implicit arguments, or eliminating unnecessary function abstractions.
found a partial proof, but the corresponding tactic failed:
  (expose_names; refine (AddLECancellable.tsub_lt_tsub_iff_right ?_ ?_).mp ?_)

It may be possible to correct this proof by adding type annotations, explicitly specifying implicit arguments, or eliminating unnecessary function abstractions.
Try this:
  [apply] refine tsub_pos_iff_lt.mp ?_
  -- Remaining subgoals:
  -- ⊢ CanonicallyOrderedAdd ℝ
  -- ⊢ 0 < Mf.DP.fixedEpochCenterGap point h query - 0
found a partial proof, but the corresponding tactic failed:
  (expose_names; refine (AddLECancellable.tsub_lt_tsub_iff_left_of_le ?_ ?_ ?_).mp ?_)

It may be possible to correct this proof by adding type annotations, explicitly specifying implicit arguments, or eliminating unnecessary function abstractions.
found a partial proof, but the corresponding tactic failed:
  (expose_names; refine (tsub_lt_tsub_iff_left_of_le ?_).mp ?_)

It may be possible to correct this proof by adding type annotations, explicitly specifying implicit arguments, or eliminating unnecessary function abstractions.
found a partial proof, but the corresponding tactic failed:
  (expose_names; refine (tsub_lt_tsub_iff_right ?_).mp ?_)

It may be possible to correct this proof by adding type annotations, explicitly specifying implicit arguments, or eliminating unnecessary function abstractions.
found a partial proof, but the corresponding tactic failed:
  (expose_names; refine (Odd.pow_lt_pow ?_).mp ?_)

It may be possible to correct this proof by adding type annotations, explicitly specifying implicit arguments, or eliminating unnecessary function abstractions.
found a partial proof, but the corresponding tactic failed:
  (expose_names; refine AntisymmRel.trans_lt ?_ ?_)

It may be possible to correct this proof by adding type annotations, explicitly specifying implicit arguments, or eliminating unnecessary function abstractions.
found a partial proof, but the corresponding tactic failed:
  (expose_names; refine lt_of_lt_of_antisymmRel ?_ ?_)

It may be possible to correct this proof by adding type annotations, explicitly specifying implicit arguments, or eliminating unnecessary function abstractions.
found a partial proof, but the corresponding tactic failed:
  (expose_names; refine lt_of_antisymmRel_of_lt ?_ ?_)

It may be possible to correct this proof by adding type annotations, explicitly specifying implicit arguments, or eliminating unnecessary function abstractions.
found a partial proof, but the corresponding tactic failed:
  (expose_names; refine (AntisymmRel.lt_congr_left ?_).mp ?_)

It may be possible to correct this proof by adding type annotations, explicitly specifying implicit arguments, or eliminating unnecessary function abstractions.
found a partial proof, but the corresponding tactic failed:
  (expose_names; refine (AntisymmRel.lt_congr_left ?_).mpr ?_)

It may be possible to correct this proof by adding type annotations, explicitly specifying implicit arguments, or eliminating unnecessary function abstractions.
found a partial proof, but the corresponding tactic failed:
  (expose_names; refine (AntisymmRel.lt_congr_right ?_).mp ?_)

It may be possible to correct this proof by adding type annotations, explicitly specifying implicit arguments, or eliminating unnecessary function abstractions.
found a partial proof, but the corresponding tactic failed:
  (expose_names; refine (AntisymmRel.lt_congr_right ?_).mpr ?_)

It may be possible to correct this proof by adding type annotations, explicitly specifying implicit arguments, or eliminating unnecessary function abstractions.
found a partial proof, but the corresponding tactic failed:
  (expose_names; refine LT.lt.trans_antisymmRel ?_ ?_)

It may be possible to correct this proof by adding type annotations, explicitly specifying implicit arguments, or eliminating unnecessary function abstractions.
Try this:
  [apply] refine toAntisymmetrization_lt_toAntisymmetrization_iff.mp ?_
  -- Remaining subgoals:
  -- ⊢ toAntisymmetrization (fun x1 x2 => x1 ≤ x2) 0 <
    toAntisymmetrization (fun x1 x2 => x1 ≤ x2) (Mf.DP.fixedEpochCenterGap point h query)
found a partial proof, but the corresponding tactic failed:
  (expose_names; refine (AntisymmRel.lt_congr ?_ ?_).mp ?_)

It may be possible to correct this proof by adding type annotations, explicitly specifying implicit arguments, or eliminating unnecessary function abstractions.
found a partial proof, but the corresponding tactic failed:
  (expose_names; refine (AntisymmRel.lt_congr ?_ ?_).mpr ?_)

It may be possible to correct this proof by adding type annotations, explicitly specifying implicit arguments, or eliminating unnecessary function abstractions.
found a partial proof, but the corresponding tactic failed:
  (expose_names; refine (Set.Icc_subset_Ioi_iff ?_).mp ?_)

It may be possible to correct this proof by adding type annotations, explicitly specifying implicit arguments, or eliminating unnecessary function abstractions.
found a partial proof, but the corresponding tactic failed:
  (expose_names; refine (Set.Icc_subset_Iio_iff ?_).mp ?_)

It may be possible to correct this proof by adding type annotations, explicitly specifying implicit arguments, or eliminating unnecessary function abstractions.
Try this:
  [apply] refine Set.nonempty_Ioo.mp ?_
  -- Remaining subgoals:
  -- ⊢ (Set.Ioo 0 (Mf.DP.fixedEpochCenterGap point h query)).Nonempty
Try this:
  [apply] refine Set.nonempty_Ioc.mp ?_
  -- Remaining subgoals:
  -- ⊢ (Set.Ioc 0 (Mf.DP.fixedEpochCenterGap point h query)).Nonempty
Try this:
  [apply] refine Set.Ici_ssubset_Ici.mp ?_
  -- Remaining subgoals:
  -- ⊢ Set.Ici (Mf.DP.fixedEpochCenterGap point h query) ⊂ Set.Ici 0
Try this:
  [apply] refine Set.Iic_subset_Iio.mp ?_
  -- Remaining subgoals:
  -- ⊢ Set.Iic 0 ⊆ Set.Iio (Mf.DP.fixedEpochCenterGap point h query)
Try this:
  [apply] refine Set.right_mem_Ioc.mp ?_
  -- Remaining subgoals:
  -- ⊢ Mf.DP.fixedEpochCenterGap point h query ∈ Set.Ioc 0 (Mf.DP.fixedEpochCenterGap point h query)
Try this:
  [apply] refine Set.nonempty_Ico.mp ?_
  -- Remaining subgoals:
  -- ⊢ (Set.Ico 0 (Mf.DP.fixedEpochCenterGap point h query)).Nonempty
Try this:
  [apply] refine Set.left_mem_Ico.mp ?_
  -- Remaining subgoals:
  -- ⊢ 0 ∈ Set.Ico 0 (Mf.DP.fixedEpochCenterGap point h query)
Try this:
  [apply] refine Set.Iic_ssubset_Iic.mp ?_
  -- Remaining subgoals:
  -- ⊢ Set.Iic 0 ⊂ Set.Iic (Mf.DP.fixedEpochCenterGap point h query)
Try this:
  [apply] refine Set.Ici_subset_Ioi.mp ?_
  -- Remaining subgoals:
  -- ⊢ Set.Ici (Mf.DP.fixedEpochCenterGap point h query) ⊆ Set.Ioi 0
found a partial proof, but the corresponding tactic failed:
  (expose_names; refine (isLUB_lt_iff ?_).mpr ?_)

It may be possible to correct this proof by adding type annotations, explicitly specifying implicit arguments, or eliminating unnecessary function abstractions.
found a partial proof, but the corresponding tactic failed:
  (expose_names; refine (IsLeast.lt_iff ?_).mpr ?_)

It may be possible to correct this proof by adding type annotations, explicitly specifying implicit arguments, or eliminating unnecessary function abstractions.
found a partial proof, but the corresponding tactic failed:
  (expose_names; refine (lt_isGLB_iff ?_).mpr ?_)

It may be possible to correct this proof by adding type annotations, explicitly specifying implicit arguments, or eliminating unnecessary function abstractions.
found a partial proof, but the corresponding tactic failed:
  (expose_names; refine (IsGreatest.lt_iff ?_).mpr ?_)

It may be possible to correct this proof by adding type annotations, explicitly specifying implicit arguments, or eliminating unnecessary function abstractions.
found a partial proof, but the corresponding tactic failed:
  (expose_names; refine (isGLB_lt_iff ?_).mpr ?_)

It may be possible to correct this proof by adding type annotations, explicitly specifying implicit arguments, or eliminating unnecessary function abstractions.
found a partial proof, but the corresponding tactic failed:
  (expose_names; refine isGLB_lt_isLUB_of_ne ?_ ?_ ?_ ?_ ?_)

It may be possible to correct this proof by adding type annotations, explicitly specifying implicit arguments, or eliminating unnecessary function abstractions.
found a partial proof, but the corresponding tactic failed:
  (expose_names; refine (lt_isLUB_iff ?_).mpr ?_)

It may be possible to correct this proof by adding type annotations, explicitly specifying implicit arguments, or eliminating unnecessary function abstractions.
Try this:
  [apply] refine lt_of_neg_of_one_div_lt_one_div ?_ ?_
  -- Remaining subgoals:
  -- ⊢ 0 < 0
  -- ⊢ 1 / Mf.DP.fixedEpochCenterGap point h query < 1 / 0
Try this:
  [apply] refine (inv_lt_inv_of_neg ?_ ?_).mp ?_
  -- Remaining subgoals:
  -- ⊢ Mf.DP.fixedEpochCenterGap point h query < 0
  -- ⊢ 0 < 0
  -- ⊢ (Mf.DP.fixedEpochCenterGap point h query)⁻¹ < 0⁻¹
Try this:
  [apply] refine (one_lt_div ?_).mp ?_
  -- Remaining subgoals:
  -- ⊢ 0 < 0
  -- ⊢ 1 < Mf.DP.fixedEpochCenterGap point h query / 0
Try this:
  [apply] refine (one_lt_div_of_neg ?_).mp ?_
  -- Remaining subgoals:
  -- ⊢ Mf.DP.fixedEpochCenterGap point h query < 0
  -- ⊢ 1 < 0 / Mf.DP.fixedEpochCenterGap point h query
Try this:
  [apply] refine (one_div_lt_one_div ?_ ?_).mp ?_
  -- Remaining subgoals:
  -- ⊢ 0 < Mf.DP.fixedEpochCenterGap point h query
  -- ⊢ 0 < 0
  -- ⊢ 1 / Mf.DP.fixedEpochCenterGap point h query < 1 / 0
Try this:
  [apply] refine (one_div_lt_one_div_of_neg ?_ ?_).mp ?_
  -- Remaining subgoals:
  -- ⊢ Mf.DP.fixedEpochCenterGap point h query < 0
  -- ⊢ 0 < 0
  -- ⊢ 1 / Mf.DP.fixedEpochCenterGap point h query < 1 / 0
found a partial proof, but the corresponding tactic failed:
  (expose_names; refine (div_lt_div_right_of_neg ?_).mp ?_)

It may be possible to correct this proof by adding type annotations, explicitly specifying implicit arguments, or eliminating unnecessary function abstractions.
Try this:
  [apply] refine left_lt_add_div_two.mp ?_
  -- Remaining subgoals:
  -- ⊢ 0 < (0 + Mf.DP.fixedEpochCenterGap point h query) / 2
Try this:
  [apply] refine (div_lt_one ?_).mp ?_
  -- Remaining subgoals:
  -- ⊢ 0 < Mf.DP.fixedEpochCenterGap point h query
  -- ⊢ 0 / Mf.DP.fixedEpochCenterGap point h query < 1
Try this:
  [apply] refine lt_of_one_div_lt_one_div ?_ ?_
  -- Remaining subgoals:
  -- ⊢ 0 < Mf.DP.fixedEpochCenterGap point h query
  -- ⊢ 1 / Mf.DP.fixedEpochCenterGap point h query < 1 / 0
Try this:
  [apply] refine (div_lt_one_of_neg ?_).mp ?_
  -- Remaining subgoals:
  -- ⊢ 0 < 0
  -- ⊢ Mf.DP.fixedEpochCenterGap point h query / 0 < 1
Try this:
  [apply] refine add_div_two_lt_right.mp ?_
  -- Remaining subgoals:
  -- ⊢ (0 + Mf.DP.fixedEpochCenterGap point h query) / 2 < Mf.DP.fixedEpochCenterGap point h query
Try this:
  [apply] refine Set.Iio_ssubset_Iio_iff.mp ?_
  -- Remaining subgoals:
  -- ⊢ Set.Iio 0 ⊂ Set.Iio (Mf.DP.fixedEpochCenterGap point h query)
Try this:
  [apply] refine Set.notMem_Ici.mp ?_
  -- Remaining subgoals:
  -- ⊢ 0 ∉ Set.Ici (Mf.DP.fixedEpochCenterGap point h query)
Try this:
  [apply] refine Set.Ioi_ssubset_Ioi_iff.mp ?_
  -- Remaining subgoals:
  -- ⊢ Set.Ioi (Mf.DP.fixedEpochCenterGap point h query) ⊂ Set.Ioi 0
Try this:
  [apply] refine Set.notMem_Iic.mp ?_
  -- Remaining subgoals:
  -- ⊢ Mf.DP.fixedEpochCenterGap point h query ∉ Set.Iic 0
Try this:
  [apply] refine Set.right_mem_uIoc.mp ?_
  -- Remaining subgoals:
  -- ⊢ Mf.DP.fixedEpochCenterGap point h query ∈ Set.uIoc 0 (Mf.DP.fixedEpochCenterGap point h query)
Try this:
  [apply] refine Set.left_mem_uIoc.mp ?_
  -- Remaining subgoals:
  -- ⊢ Mf.DP.fixedEpochCenterGap point h query ∈ Set.uIoc (Mf.DP.fixedEpochCenterGap point h query) 0
found a partial proof, but the corresponding tactic failed:
  (expose_names; refine SetLike.coe_ssubset_coe.mp ?_)

It may be possible to correct this proof by adding type annotations, explicitly specifying implicit arguments, or eliminating unnecessary function abstractions.
found a partial proof, but the corresponding tactic failed:
  (expose_names; refine SetLike.lt_iff_le_and_exists.mpr ?_)

It may be possible to correct this proof by adding type annotations, explicitly specifying implicit arguments, or eliminating unnecessary function abstractions.
found a partial proof, but the corresponding tactic failed:
  (expose_names; refine (IsChain.not_le ?_ ?_ ?_).mp ?_)

It may be possible to correct this proof by adding type annotations, explicitly specifying implicit arguments, or eliminating unnecessary function abstractions.
found a partial proof, but the corresponding tactic failed:
  (expose_names; refine IsChain.lt_of_not_ge ?_ ?_ ?_ ?_)

It may be possible to correct this proof by adding type annotations, explicitly specifying implicit arguments, or eliminating unnecessary function abstractions.
found a partial proof, but the corresponding tactic failed:
  (expose_names; refine (zsmul_lt_zsmul_iff_right ?_).mp ?_)

It may be possible to correct this proof by adding type annotations, explicitly specifying implicit arguments, or eliminating unnecessary function abstractions.
found a partial proof, but the corresponding tactic failed:
  (expose_names; refine (zpow_lt_zpow_iff_left ?_).mp ?_)

It may be possible to correct this proof by adding type annotations, explicitly specifying implicit arguments, or eliminating unnecessary function abstractions.
found a partial proof, but the corresponding tactic failed:
  (expose_names; refine (CovBy.le_iff_lt_left ?_).mp ?_)

It may be possible to correct this proof by adding type annotations, explicitly specifying implicit arguments, or eliminating unnecessary function abstractions.
found a partial proof, but the corresponding tactic failed:
  (expose_names; refine (CovBy.lt_iff_le_right ?_).mpr ?_)

It may be possible to correct this proof by adding type annotations, explicitly specifying implicit arguments, or eliminating unnecessary function abstractions.
found a partial proof, but the corresponding tactic failed:
  (expose_names; refine (CovBy.le_iff_lt_right ?_).mp ?_)

It may be possible to correct this proof by adding type annotations, explicitly specifying implicit arguments, or eliminating unnecessary function abstractions.
Try this:
  [apply] refine CovBy.lt ?_
  -- Remaining subgoals:
  -- ⊢ 0 ⋖ Mf.DP.fixedEpochCenterGap point h query
found a partial proof, but the corresponding tactic failed:
  (expose_names; refine (CovBy.lt_iff_le_left ?_).mpr ?_)

It may be possible to correct this proof by adding type annotations, explicitly specifying implicit arguments, or eliminating unnecessary function abstractions.
found a partial proof, but the corresponding tactic failed:
  (expose_names; refine (LocallyFiniteOrderBot.finset_mem_Iio (Mf.DP.fixedEpochCenterGap point h query) 0).mp ?_)

It may be possible to correct this proof by adding type annotations, explicitly specifying implicit arguments, or eliminating unnecessary function abstractions.
Try this:
  [apply] refine Finset.mem_Ioi.mp ?_
  -- Remaining subgoals:
  -- ⊢ LocallyFiniteOrderTop ℝ
  -- ⊢ Mf.DP.fixedEpochCenterGap point h query ∈ Finset.Ioi 0
Try this:
  [apply] refine Finset.mem_Iio.mp ?_
  -- Remaining subgoals:
  -- ⊢ LocallyFiniteOrderBot ℝ
  -- ⊢ 0 ∈ Finset.Iio (Mf.DP.fixedEpochCenterGap point h query)
found a partial proof, but the corresponding tactic failed:
  (expose_names; refine (LocallyFiniteOrderTop.finset_mem_Ioi 0 (Mf.DP.fixedEpochCenterGap point h query)).mp ?_)

It may be possible to correct this proof by adding type annotations, explicitly specifying implicit arguments, or eliminating unnecessary function abstractions.
Try this:
  [apply] refine Finset.Iic_ssubset_Iic.mp ?_
  -- Remaining subgoals:
  -- ⊢ LocallyFiniteOrderBot ℝ
  -- ⊢ Finset.Iic 0 ⊂ Finset.Iic (Mf.DP.fixedEpochCenterGap point h query)
Try this:
  [apply] refine Finset.nonempty_Ioc.mp ?_
  -- Remaining subgoals:
  -- ⊢ LocallyFiniteOrder ℝ
  -- ⊢ (Finset.Ioc 0 (Mf.DP.fixedEpochCenterGap point h query)).Nonempty
Try this:
  [apply] refine Finset.Ici_ssubset_Ici.mp ?_
  -- Remaining subgoals:
  -- ⊢ LocallyFiniteOrderTop ℝ
  -- ⊢ Finset.Ici (Mf.DP.fixedEpochCenterGap point h query) ⊂ Finset.Ici 0
Try this:
  [apply] refine Finset.nonempty_Ioo.mp ?_
  -- Remaining subgoals:
  -- ⊢ LocallyFiniteOrder ℝ
  -- ⊢ (Finset.Ioo 0 (Mf.DP.fixedEpochCenterGap point h query)).Nonempty
Try this:
  [apply] refine Finset.left_mem_Ico.mp ?_
  -- Remaining subgoals:
  -- ⊢ LocallyFiniteOrder ℝ
  -- ⊢ 0 ∈ Finset.Ico 0 (Mf.DP.fixedEpochCenterGap point h query)
Try this:
  [apply] refine Finset.nonempty_Ico.mp ?_
  -- Remaining subgoals:
  -- ⊢ LocallyFiniteOrder ℝ
  -- ⊢ (Finset.Ico 0 (Mf.DP.fixedEpochCenterGap point h query)).Nonempty
Try this:
  [apply] refine Finset.right_mem_Ioc.mp ?_
  -- Remaining subgoals:
  -- ⊢ LocallyFiniteOrder ℝ
  -- ⊢ Mf.DP.fixedEpochCenterGap point h query ∈ Finset.Ioc 0 (Mf.DP.fixedEpochCenterGap point h query)
Try this:
  [apply] refine lt_iff_transGen_covBy.mpr ?_
  -- Remaining subgoals:
  -- ⊢ LocallyFiniteOrder ℝ
  -- ⊢ Relation.TransGen (fun x1 x2 => x1 ⋖ x2) 0 (Mf.DP.fixedEpochCenterGap point h query)
Try this:
  [apply] refine Multiset.mem_Ioi.mp ?_
  -- Remaining subgoals:
  -- ⊢ LocallyFiniteOrderTop ℝ
  -- ⊢ Mf.DP.fixedEpochCenterGap point h query ∈ Multiset.Ioi 0
Try this:
  [apply] refine Multiset.mem_Iio.mp ?_
  -- Remaining subgoals:
  -- ⊢ LocallyFiniteOrderBot ℝ
  -- ⊢ 0 ∈ Multiset.Iio (Mf.DP.fixedEpochCenterGap point h query)
Try this:
  [apply] refine Multiset.left_mem_Ico.mp ?_
  -- Remaining subgoals:
  -- ⊢ LocallyFiniteOrder ℝ
  -- ⊢ 0 ∈ Multiset.Ico 0 (Mf.DP.fixedEpochCenterGap point h query)
Try this:
  [apply] refine Multiset.right_mem_Ioc.mp ?_
  -- Remaining subgoals:
  -- ⊢ LocallyFiniteOrder ℝ
  -- ⊢ Mf.DP.fixedEpochCenterGap point h query ∈ Multiset.Ioc 0 (Mf.DP.fixedEpochCenterGap point h query)
Try this:
  [apply] refine (Order.pred_lt_pred_iff_of_not_isMin ?_ ?_).mp ?_
  -- Remaining subgoals:
  -- ⊢ PredOrder ℝ
  -- ⊢ ¬IsMin 0
  -- ⊢ ¬IsMin (Mf.DP.fixedEpochCenterGap point h query)
  -- ⊢ Order.pred 0 < Order.pred (Mf.DP.fixedEpochCenterGap point h query)
Try this:
  [apply] refine Order.le_pred_iff.mp ?_
  -- Remaining subgoals:
  -- ⊢ PredOrder ℝ
  -- ⊢ 0 ≤ Order.pred (Mf.DP.fixedEpochCenterGap point h query)
Try this:
  [apply] refine (Order.succ_lt_succ_iff_of_not_isMax ?_ ?_).mp ?_
  -- Remaining subgoals:
  -- ⊢ SuccOrder ℝ
  -- ⊢ ¬IsMax 0
  -- ⊢ ¬IsMax (Mf.DP.fixedEpochCenterGap point h query)
  -- ⊢ Order.succ 0 < Order.succ (Mf.DP.fixedEpochCenterGap point h query)
Try this:
  [apply] refine (Order.succ_le_iff_of_not_isMax ?_).mp ?_
  -- Remaining subgoals:
  -- ⊢ SuccOrder ℝ
  -- ⊢ ¬IsMax 0
  -- ⊢ Order.succ 0 ≤ Mf.DP.fixedEpochCenterGap point h query
Try this:
  [apply] refine Order.pred_lt_pred_iff.mp ?_
  -- Remaining subgoals:
  -- ⊢ PredOrder ℝ
  -- ⊢ Order.pred 0 < Order.pred (Mf.DP.fixedEpochCenterGap point h query)
Try this:
  [apply] refine Order.succ_lt_succ_iff.mp ?_
  -- Remaining subgoals:
  -- ⊢ SuccOrder ℝ
  -- ⊢ Order.succ 0 < Order.succ (Mf.DP.fixedEpochCenterGap point h query)
found a partial proof, but the corresponding tactic failed:
  (expose_names; refine Order.lt_of_succ_lt_succ ?_)

It may be possible to correct this proof by adding type annotations, explicitly specifying implicit arguments, or eliminating unnecessary function abstractions.
Try this:
  [apply] refine (Order.succ_le_iff_of_not_isMax' ?_).mp ?_
  -- Remaining subgoals:
  -- ⊢ SuccOrder ℝ
  -- ⊢ ¬IsMax (Mf.DP.fixedEpochCenterGap point h query)
  -- ⊢ Order.succ 0 ≤ Mf.DP.fixedEpochCenterGap point h query
Try this:
  [apply] refine Order.succ_le_iff.mp ?_
  -- Remaining subgoals:
  -- ⊢ SuccOrder ℝ
  -- ⊢ Order.succ 0 ≤ Mf.DP.fixedEpochCenterGap point h query
found a partial proof, but the corresponding tactic failed:
  (expose_names; refine Order.lt_of_pred_lt_pred ?_)

It may be possible to correct this proof by adding type annotations, explicitly specifying implicit arguments, or eliminating unnecessary function abstractions.
Try this:
  [apply] refine (Order.le_pred_iff_of_not_isMin' ?_).mp ?_
  -- Remaining subgoals:
  -- ⊢ PredOrder ℝ
  -- ⊢ ¬IsMin 0
  -- ⊢ 0 ≤ Order.pred (Mf.DP.fixedEpochCenterGap point h query)
Try this:
  [apply] refine (Order.le_pred_iff_of_not_isMin ?_).mp ?_
  -- Remaining subgoals:
  -- ⊢ PredOrder ℝ
  -- ⊢ ¬IsMin (Mf.DP.fixedEpochCenterGap point h query)
  -- ⊢ 0 ≤ Order.pred (Mf.DP.fixedEpochCenterGap point h query)
Try this:
  [apply] refine (Order.IsPredPrelimit.lt_pred_iff ?_).mp ?_
  -- Remaining subgoals:
  -- ⊢ PredOrder ℝ
  -- ⊢ Order.IsPredPrelimit 0
  -- ⊢ 0 < Order.pred (Mf.DP.fixedEpochCenterGap point h query)
Try this:
  [apply] refine (Order.IsSuccLimit.succ_lt_iff ?_).mp ?_
  -- Remaining subgoals:
  -- ⊢ SuccOrder ℝ
  -- ⊢ Order.IsSuccLimit (Mf.DP.fixedEpochCenterGap point h query)
  -- ⊢ Order.succ 0 < Mf.DP.fixedEpochCenterGap point h query
Try this:
  [apply] refine (Order.IsPredPrelimit.lt_iff_exists_lt ?_).mpr ?_
  -- Remaining subgoals:
  -- ⊢ Order.IsPredPrelimit 0
  -- ⊢ ∃ c, 0 < c ∧ c < Mf.DP.fixedEpochCenterGap point h query
Try this:
  [apply] refine (Order.IsSuccLimit.lt_iff_exists_lt ?_).mpr ?_
  -- Remaining subgoals:
  -- ⊢ Order.IsSuccLimit (Mf.DP.fixedEpochCenterGap point h query)
  -- ⊢ ∃ c < Mf.DP.fixedEpochCenterGap point h query, 0 < c
Try this:
  [apply] refine (Order.IsSuccPrelimit.succ_lt_iff ?_).mp ?_
  -- Remaining subgoals:
  -- ⊢ SuccOrder ℝ
  -- ⊢ Order.IsSuccPrelimit (Mf.DP.fixedEpochCenterGap point h query)
  -- ⊢ Order.succ 0 < Mf.DP.fixedEpochCenterGap point h query
Try this:
  [apply] refine (Order.IsPredLimit.lt_iff_exists_lt ?_).mpr ?_
  -- Remaining subgoals:
  -- ⊢ Order.IsPredLimit 0
  -- ⊢ ∃ c, 0 < c ∧ c < Mf.DP.fixedEpochCenterGap point h query
Try this:
  [apply] refine (Order.IsPredLimit.lt_pred_iff ?_).mp ?_
  -- Remaining subgoals:
  -- ⊢ PredOrder ℝ
  -- ⊢ Order.IsPredLimit 0
  -- ⊢ 0 < Order.pred (Mf.DP.fixedEpochCenterGap point h query)
Try this:
  [apply] refine (Order.IsSuccPrelimit.lt_iff_exists_lt ?_).mpr ?_
  -- Remaining subgoals:
  -- ⊢ Order.IsSuccPrelimit (Mf.DP.fixedEpochCenterGap point h query)
  -- ⊢ ∃ c < Mf.DP.fixedEpochCenterGap point h query, 0 < c
Try this:
  [apply] refine (Order.add_one_le_iff_of_not_isMax ?_).mp ?_
  -- Remaining subgoals:
  -- ⊢ SuccAddOrder ℝ
  -- ⊢ ¬IsMax 0
  -- ⊢ 0 + 1 ≤ Mf.DP.fixedEpochCenterGap point h query
Try this:
  [apply] refine Order.add_one_le_iff.mp ?_
  -- Remaining subgoals:
  -- ⊢ SuccAddOrder ℝ
  -- ⊢ 0 + 1 ≤ Mf.DP.fixedEpochCenterGap point h query
Try this:
  [apply] refine (Order.le_sub_one_iff_of_not_isMin ?_).mp ?_
  -- Remaining subgoals:
  -- ⊢ PredSubOrder ℝ
  -- ⊢ ¬IsMin (Mf.DP.fixedEpochCenterGap point h query)
  -- ⊢ 0 ≤ Mf.DP.fixedEpochCenterGap point h query - 1
Try this:
  [apply] refine (Order.add_one_le_iff_of_not_isMax' ?_).mp ?_
  -- Remaining subgoals:
  -- ⊢ SuccAddOrder ℝ
  -- ⊢ ¬IsMax (Mf.DP.fixedEpochCenterGap point h query)
  -- ⊢ 0 + 1 ≤ Mf.DP.fixedEpochCenterGap point h query
Try this:
  [apply] refine Order.le_sub_one_iff.mp ?_
  -- Remaining subgoals:
  -- ⊢ PredSubOrder ℝ
  -- ⊢ 0 ≤ Mf.DP.fixedEpochCenterGap point h query - 1
found a partial proof, but the corresponding tactic failed:
  (expose_names; refine Sum.inl_lt_inl_iff.mp ?_)

It may be possible to correct this proof by adding type annotations, explicitly specifying implicit arguments, or eliminating unnecessary function abstractions.
found a partial proof, but the corresponding tactic failed:
  (expose_names; refine Sum.inr_lt_inr_iff.mp ?_)

It may be possible to correct this proof by adding type annotations, explicitly specifying implicit arguments, or eliminating unnecessary function abstractions.
found a partial proof, but the corresponding tactic failed:
  (expose_names; refine Sum.Lex.inr_lt_inr_iff.mp ?_)

It may be possible to correct this proof by adding type annotations, explicitly specifying implicit arguments, or eliminating unnecessary function abstractions.
found a partial proof, but the corresponding tactic failed:
  (expose_names; refine Sum.Lex.inl_lt_inl_iff.mp ?_)

It may be possible to correct this proof by adding type annotations, explicitly specifying implicit arguments, or eliminating unnecessary function abstractions.
found a partial proof, but the corresponding tactic failed:
  (expose_names; refine (InitialSeg.lt_iff_lt ?_).mp ?_)

It may be possible to correct this proof by adding type annotations, explicitly specifying implicit arguments, or eliminating unnecessary function abstractions.
found a partial proof, but the corresponding tactic failed:
  (expose_names; refine (PrincipalSeg.lt_iff_lt ?_).mp ?_)

It may be possible to correct this proof by adding type annotations, explicitly specifying implicit arguments, or eliminating unnecessary function abstractions.
Try this:
  [apply] refine (IsCoatom.lt_iff ?_).mpr ?_
  -- Remaining subgoals:
  -- ⊢ OrderTop ℝ
  -- ⊢ IsCoatom 0
  -- ⊢ Mf.DP.fixedEpochCenterGap point h query = ⊤
Try this:
  [apply] refine (IsAtom.lt_iff ?_).mpr ?_
  -- Remaining subgoals:
  -- ⊢ OrderBot ℝ
  -- ⊢ IsAtom (Mf.DP.fixedEpochCenterGap point h query)
  -- ⊢ 0 = ⊥
found a partial proof, but the corresponding tactic failed:
  (expose_names; refine toZ_lt_toZ.mp ?_)

It may be possible to correct this proof by adding type annotations, explicitly specifying implicit arguments, or eliminating unnecessary function abstractions.
found a partial proof, but the corresponding tactic failed:
  (expose_names; refine lt_of_smul_lt_smul_of_nonpos ?_ ?_)

It may be possible to correct this proof by adding type annotations, explicitly specifying implicit arguments, or eliminating unnecessary function abstractions.
found a partial proof, but the corresponding tactic failed:
  (expose_names; refine lt_of_smul_lt_smul_right ?_ ?_)

It may be possible to correct this proof by adding type annotations, explicitly specifying implicit arguments, or eliminating unnecessary function abstractions.
found a partial proof, but the corresponding tactic failed:
  (expose_names; refine lt_of_smul_lt_smul_left ?_ ?_)

It may be possible to correct this proof by adding type annotations, explicitly specifying implicit arguments, or eliminating unnecessary function abstractions.
found a partial proof, but the corresponding tactic failed:
  (expose_names; refine (smul_lt_smul_iff_of_pos_right ?_).mp ?_)

It may be possible to correct this proof by adding type annotations, explicitly specifying implicit arguments, or eliminating unnecessary function abstractions.
found a partial proof, but the corresponding tactic failed:
  (expose_names; refine (smul_lt_smul_iff_of_neg_left ?_).mp ?_)

It may be possible to correct this proof by adding type annotations, explicitly specifying implicit arguments, or eliminating unnecessary function abstractions.
found a partial proof, but the corresponding tactic failed:
  (expose_names; refine lt_of_smul_lt_smul_of_nonneg_right ?_ ?_)

It may be possible to correct this proof by adding type annotations, explicitly specifying implicit arguments, or eliminating unnecessary function abstractions.
found a partial proof, but the corresponding tactic failed:
  (expose_names; refine PosSMulReflectLT.lt_of_smul_lt_smul_left ?_ ?_)

It may be possible to correct this proof by adding type annotations, explicitly specifying implicit arguments, or eliminating unnecessary function abstractions.
found a partial proof, but the corresponding tactic failed:
  (expose_names; refine (smul_lt_smul_iff_of_pos_left ?_).mp ?_)

It may be possible to correct this proof by adding type annotations, explicitly specifying implicit arguments, or eliminating unnecessary function abstractions.
found a partial proof, but the corresponding tactic failed:
  (expose_names; refine SMulPosReflectLT.lt_of_smul_lt_smul_right ?_ ?_)

It may be possible to correct this proof by adding type annotations, explicitly specifying implicit arguments, or eliminating unnecessary function abstractions.
found a partial proof, but the corresponding tactic failed:
  (expose_names; refine lt_of_smul_lt_smul_of_nonneg_left ?_ ?_)

It may be possible to correct this proof by adding type annotations, explicitly specifying implicit arguments, or eliminating unnecessary function abstractions.
Try this:
  [apply] refine (Order.IsNormal.lt_iff_exists_lt ?_ ?_).mpr ?_
  -- Remaining subgoals:
  -- ⊢ Order.IsNormal (Mf.DP.fixedEpochCenterGap point h)
  -- ⊢ Order.IsSuccLimit query
  -- ⊢ ∃ a' < query, 0 < Mf.DP.fixedEpochCenterGap point h a'
Try this:
  [apply] refine StarOrderedRing.lt_iff.mpr ?_
  -- Remaining subgoals:
  -- ⊢ ∃ p,
    p ≠ 0 ∧ p ∈ AddSubmonoid.closure (Set.range fun s => star s * s) ∧ Mf.DP.fixedEpochCenterGap point h query = 0 + p
Try this:
  [apply] refine star_lt_star_iff.mp ?_
  -- Remaining subgoals:
  -- ⊢ star 0 < star (Mf.DP.fixedEpochCenterGap point h query)
Try this:
  [apply] refine Pi.lt_toLex_update_self_iff.mp ?_
  -- Remaining subgoals:
  -- ⊢ LinearOrder (OfNat ℝ 0)
  -- ⊢ WellFoundedLT (OfNat ℝ 0)
  -- ⊢ toLex (@OfNat.ofNat ℝ 0) <
    toLex (Function.update (@OfNat.ofNat ℝ 0) Zero.toOfNat0 (Mf.DP.fixedEpochCenterGap point h query))
Try this:
  [apply] refine Pi.lt_toColex_update_self_iff.mp ?_
  -- Remaining subgoals:
  -- ⊢ LinearOrder (OfNat ℝ 0)
  -- ⊢ WellFoundedGT (OfNat ℝ 0)
  -- ⊢ toColex (@OfNat.ofNat ℝ 0) <
    toColex (Function.update (@OfNat.ofNat ℝ 0) Zero.toOfNat0 (Mf.DP.fixedEpochCenterGap point h query))
Try this:
  [apply] refine Finsupp.Colex.single_lt_iff.mp ?_
  -- Remaining subgoals:
  -- ⊢ (toColex fun₀ | 0 => 1) < toColex fun₀ | Mf.DP.fixedEpochCenterGap point h query => 1
Try this:
  [apply] refine Finsupp.Lex.single_lt_iff.mp ?_
  -- Remaining subgoals:
  -- ⊢ (toLex fun₀ | Mf.DP.fixedEpochCenterGap point h query => 1) < toLex fun₀ | 0 => 1
Try this:
  [apply] refine LowerSet.mem_Iio_iff.mp ?_
  -- Remaining subgoals:
  -- ⊢ 0 ∈ LowerSet.Iio (Mf.DP.fixedEpochCenterGap point h query)
Try this:
  [apply] refine UpperSet.mem_Ioi_iff.mp ?_
  -- Remaining subgoals:
  -- ⊢ Mf.DP.fixedEpochCenterGap point h query ∈ UpperSet.Ioi 0
found a partial proof, but the corresponding tactic failed:
  (expose_names; refine IsPreconnected.lt_of_ne (fun u => ?_) ?_ ?_ ?_ ?_)

It may be possible to correct this proof by adding type annotations, explicitly specifying implicit arguments, or eliminating unnecessary function abstractions.
found a partial proof, but the corresponding tactic failed:
  (expose_names; refine IsPreconnected.gt_of_ne (fun u => ?_) ?_ ?_ ?_ ?_)

It may be possible to correct this proof by adding type annotations, explicitly specifying implicit arguments, or eliminating unnecessary function abstractions.
found a partial proof, but the corresponding tactic failed:
  (expose_names; refine (RightOrdContinuous.lt_iff (fun ⦃s⦄ => ?_) ?_).mp ?_)

It may be possible to correct this proof by adding type annotations, explicitly specifying implicit arguments, or eliminating unnecessary function abstractions.
found a partial proof, but the corresponding tactic failed:
  (expose_names; refine (LeftOrdContinuous.lt_iff (fun ⦃s⦄ => ?_) ?_).mp ?_)

It may be possible to correct this proof by adding type annotations, explicitly specifying implicit arguments, or eliminating unnecessary function abstractions.
Try this:
  [apply] refine JordanHolderLattice.lt_of_isMaximal ?_
  -- Remaining subgoals:
  -- ⊢ JordanHolderLattice.IsMaximal 0 (Mf.DP.fixedEpochCenterGap point h query)
Try this:
  [apply] refine WithBotTop.coe_lt_coe.mp ?_
  -- Remaining subgoals:
  -- ⊢ WithBotTop.coe 0 < WithBotTop.coe (Mf.DP.fixedEpochCenterGap point h query)
Try this:
  [apply] refine CauSeq.const_lt.mp ?_
  -- Remaining subgoals:
  -- ⊢ CauSeq.const abs 0 < CauSeq.const abs (Mf.DP.fixedEpochCenterGap point h query)
found a partial proof, but the corresponding tactic failed:
  (expose_names; refine lt_hasProd ?_ Zero.toOfNat0 ?_ ?_ ?_ ?_)

It may be possible to correct this proof by adding type annotations, explicitly specifying implicit arguments, or eliminating unnecessary function abstractions.
found a partial proof, but the corresponding tactic failed:
  (expose_names; refine hasProd_strict_mono ?_ ?_ ?_)

It may be possible to correct this proof by adding type annotations, explicitly specifying implicit arguments, or eliminating unnecessary function abstractions.
found a partial proof, but the corresponding tactic failed:
  (expose_names; refine hasProd_lt ?_ ?_ ?_ ?_)

It may be possible to correct this proof by adding type annotations, explicitly specifying implicit arguments, or eliminating unnecessary function abstractions.
found a partial proof, but the corresponding tactic failed:
  (expose_names; refine lt_hasSum ?_ Zero.toOfNat0 ?_ ?_ ?_ ?_)

It may be possible to correct this proof by adding type annotations, explicitly specifying implicit arguments, or eliminating unnecessary function abstractions.
found a partial proof, but the corresponding tactic failed:
  (expose_names; refine hasSum_strict_mono (fun ⦃U⦄ => ?_) ?_ ?_)

It may be possible to correct this proof by adding type annotations, explicitly specifying implicit arguments, or eliminating unnecessary function abstractions.
found a partial proof, but the corresponding tactic failed:
  (expose_names; refine hasSum_lt ?_ ?_ ?_ ?_)

It may be possible to correct this proof by adding type annotations, explicitly specifying implicit arguments, or eliminating unnecessary function abstractions.
found a partial proof, but the corresponding tactic failed:
  (expose_names; refine (MeasureTheory.Measure.measure_Ioo_pos ?_).mp ?_)

It may be possible to correct this proof by adding type annotations, explicitly specifying implicit arguments, or eliminating unnecessary function abstractions.
Try this:
  [apply] refine RCLike.lt_iff_re_im.mpr ?_
  -- Remaining subgoals:
  -- ⊢ RCLike.re 0 < RCLike.re (Mf.DP.fixedEpochCenterGap point h query) ∧
    RCLike.im 0 = RCLike.im (Mf.DP.fixedEpochCenterGap point h query)
found a partial proof, but the corresponding tactic failed:
  (expose_names; refine algebraMap_lt_algebraMap.mp ?_)

It may be possible to correct this proof by adding type annotations, explicitly specifying implicit arguments, or eliminating unnecessary function abstractions.
Try this:
  [apply] refine Finsupp.DegLex.single_lt_iff.mp ?_
  -- Remaining subgoals:
  -- ⊢ (toDegLex fun₀ | Mf.DP.fixedEpochCenterGap point h query => 1) < toDegLex fun₀ | 0 => 1
Try this:
  [apply] refine MonomialOrder.degLex_single_lt_iff.mp ?_
  -- Remaining subgoals:
  -- ⊢ WellFoundedGT ℝ
  -- ⊢ (MonomialOrder.degLex.toSyn fun₀ | Mf.DP.fixedEpochCenterGap point h query => 1) <
    MonomialOrder.degLex.toSyn fun₀ | 0 => 1
found a partial proof, but the corresponding tactic failed:
  (expose_names; refine MulArchimedeanClass.lt_of_mk_lt_mk_of_le_one (fun n => ?_) ?_)

It may be possible to correct this proof by adding type annotations, explicitly specifying implicit arguments, or eliminating unnecessary function abstractions.
Try this:
  [apply] refine ArchimedeanClass.lt_of_mk_lt_mk_of_nonpos ?_ ?_
  -- Remaining subgoals:
  -- ⊢ ArchimedeanClass.mk 0 < ArchimedeanClass.mk (Mf.DP.fixedEpochCenterGap point h query)
  -- ⊢ 0 ≤ 0
found a partial proof, but the corresponding tactic failed:
  (expose_names; refine MulArchimedeanClass.lt_of_mk_lt_mk_of_one_le (fun n => ?_) ?_)

It may be possible to correct this proof by adding type annotations, explicitly specifying implicit arguments, or eliminating unnecessary function abstractions.
Try this:
  [apply] refine ArchimedeanClass.lt_of_mk_lt_mk_of_nonneg ?_ ?_
  -- Remaining subgoals:
  -- ⊢ ArchimedeanClass.mk (Mf.DP.fixedEpochCenterGap point h query) < ArchimedeanClass.mk 0
  -- ⊢ 0 ≤ Mf.DP.fixedEpochCenterGap point h query
found a partial proof, but the corresponding tactic failed:
  (expose_names; refine Quotient.lt_of_mk_lt_mk ?_)

It may be possible to correct this proof by adding type annotations, explicitly specifying implicit arguments, or eliminating unnecessary function abstractions.
Try this:
  [apply] refine (ArchimedeanClass.FiniteElement.mk_lt_mk 0 (Mf.DP.fixedEpochCenterGap point h query) ?_ ?_).mp ?_
  -- Remaining subgoals:
  -- ⊢ 0 ≤ ArchimedeanClass.mk 0
  -- ⊢ 0 ≤ ArchimedeanClass.mk (Mf.DP.fixedEpochCenterGap point h query)
  -- ⊢ ArchimedeanClass.FiniteElement.mk 0 ?_ <
    ArchimedeanClass.FiniteElement.mk (Mf.DP.fixedEpochCenterGap point h query) ?_
Try this:
  [apply] refine equivShrink_lt_equivShrink.mp ?_
  -- Remaining subgoals:
  -- ⊢ (equivShrink ℝ) 0 < (equivShrink ℝ) (Mf.DP.fixedEpochCenterGap point h query)
found a partial proof, but the corresponding tactic failed:
  (expose_names; refine (lineMap_lt_lineMap_iff_of_lt ?_).mp ?_)

It may be possible to correct this proof by adding type annotations, explicitly specifying implicit arguments, or eliminating unnecessary function abstractions.
found a partial proof, but the corresponding tactic failed:
  (expose_names; refine (right_lt_lineMap_iff_lt ?_).mp ?_)

It may be possible to correct this proof by adding type annotations, explicitly specifying implicit arguments, or eliminating unnecessary function abstractions.
found a partial proof, but the corresponding tactic failed:
  (expose_names; refine (left_lt_lineMap_iff_lt ?_).mp ?_)

It may be possible to correct this proof by adding type annotations, explicitly specifying implicit arguments, or eliminating unnecessary function abstractions.
found a partial proof, but the corresponding tactic failed:
  (expose_names; refine (lineMap_lt_lineMap_iff_of_lt' ?_).mp ?_)

It may be possible to correct this proof by adding type annotations, explicitly specifying implicit arguments, or eliminating unnecessary function abstractions.
found a partial proof, but the corresponding tactic failed:
  (expose_names; refine (lineMap_lt_right_iff_lt ?_).mp ?_)

It may be possible to correct this proof by adding type annotations, explicitly specifying implicit arguments, or eliminating unnecessary function abstractions.
found a partial proof, but the corresponding tactic failed:
  (expose_names; refine (lineMap_lt_left_iff_lt ?_).mp ?_)

It may be possible to correct this proof by adding type annotations, explicitly specifying implicit arguments, or eliminating unnecessary function abstractions.
found a partial proof, but the corresponding tactic failed:
  (expose_names; refine grade_lt_grade_iff.mp ?_)

It may be possible to correct this proof by adding type annotations, explicitly specifying implicit arguments, or eliminating unnecessary function abstractions.
found a partial proof, but the corresponding tactic failed:
  (expose_names; refine Filter.Germ.const_lt_iff.mp ?_)

It may be possible to correct this proof by adding type annotations, explicitly specifying implicit arguments, or eliminating unnecessary function abstractions.
found a partial proof, but the corresponding tactic failed:
  (expose_names; refine (Finset.Colex.erase_lt_erase ?_ ?_).mp ?_)

It may be possible to correct this proof by adding type annotations, explicitly specifying implicit arguments, or eliminating unnecessary function abstractions.
Try this:
  [apply] refine Finset.Colex.singleton_lt_singleton.mp ?_
  -- Remaining subgoals:
  -- ⊢ toColex {0} < toColex {Mf.DP.fixedEpochCenterGap point h query}
found a partial proof, but the corresponding tactic failed:
  (expose_names; refine (Finset.Colex.insert_lt_insert (fun a => ?_) ?_).mp ?_)

It may be possible to correct this proof by adding type annotations, explicitly specifying implicit arguments, or eliminating unnecessary function abstractions.
found a partial proof, but the corresponding tactic failed:
  (expose_names; refine (Finset.Colex.cons_lt_cons ?_ ?_).mp ?_)

It may be possible to correct this proof by adding type annotations, explicitly specifying implicit arguments, or eliminating unnecessary function abstractions.
found a partial proof, but the corresponding tactic failed:
  (expose_names; refine Finset.Colex.forall_lt_mono (fun ⦃a⦄ => ?_) ?_ 0 ?_)

It may be possible to correct this proof by adding type annotations, explicitly specifying implicit arguments, or eliminating unnecessary function abstractions.
found a partial proof, but the corresponding tactic failed:
  (expose_names; refine Ordnode.Bounded.to_lt ?_)

It may be possible to correct this proof by adding type annotations, explicitly specifying implicit arguments, or eliminating unnecessary function abstractions.
Try this:
  [apply] refine DedekindCut.principal_lt_principal.mp ?_
  -- Remaining subgoals:
  -- ⊢ DedekindCut.principal 0 < DedekindCut.principal (Mf.DP.fixedEpochCenterGap point h query)
Try this:
  [apply] refine Topology.WithLower.toLower_lt_toLower.mp ?_
  -- Remaining subgoals:
  -- ⊢ Topology.WithLower.toLower 0 < Topology.WithLower.toLower (Mf.DP.fixedEpochCenterGap point h query)
Try this:
  [apply] refine Topology.WithUpper.toUpper_lt_toUpper.mp ?_
  -- Remaining subgoals:
  -- ⊢ Topology.WithUpper.toUpper 0 < Topology.WithUpper.toUpper (Mf.DP.fixedEpochCenterGap point h query)
Try this:
  [apply] refine Iio_mem_nhdsSet_Iic_iff.mp ?_
  -- Remaining subgoals:
  -- ⊢ Set.Iio (Mf.DP.fixedEpochCenterGap point h query) ∈ nhdsSet (Set.Iic 0)
Try this:
  [apply] refine Iic_mem_nhdsSet_Iic_iff.mp ?_
  -- Remaining subgoals:
  -- ⊢ Set.Iic (Mf.DP.fixedEpochCenterGap point h query) ∈ nhdsSet (Set.Iic 0)
Try this:
  [apply] refine Ici_mem_nhdsSet_Ici_iff.mp ?_
  -- Remaining subgoals:
  -- ⊢ Set.Ici 0 ∈ nhdsSet (Set.Ici (Mf.DP.fixedEpochCenterGap point h query))
Try this:
  [apply] refine Ioi_mem_nhdsSet_Ici_iff.mp ?_
  -- Remaining subgoals:
  -- ⊢ Set.Ioi 0 ∈ nhdsSet (Set.Ici (Mf.DP.fixedEpochCenterGap point h query))
/home/codex/.cache/ladon-core-discovery-r50/native-context-b-apply.lean:3:0: warning: declaration uses `sorry`
/home/codex/.cache/ladon-core-discovery-r50/native-context-b-apply.lean:3:87: warning: Variable name `hNonFull` is not explicitly referenced.

Hint: The binding can be removed (if unused) or named `_` (if used implicitly). Alternatively, prefix the name with `_` to silence this warning:
  [apply] _hNonFull

Note: This linter can be disabled with `set_option linter.unusedVariables false`
/home/codex/.cache/ladon-core-discovery-r50/native-context-b-apply.lean:3:128: warning: Variable name `hh` is not explicitly referenced.

Hint: The binding can be removed (if unused) or named `_` (if used implicitly). Alternatively, prefix the name with `_` to silence this warning:
  [apply] _hh

Note: This linter can be disabled with `set_option linter.unusedVariables false`
/home/codex/.cache/ladon-core-discovery-r50/native-context-b-apply.lean:3:141: warning: Variable name `hBoundaryNonneg` is not explicitly referenced.

Hint: The binding can be removed (if unused) or named `_` (if used implicitly). Alternatively, prefix the name with `_` to silence this warning:
  [apply] _hBoundaryNonneg

Note: This linter can be disabled with `set_option linter.unusedVariables false`
/home/codex/.cache/ladon-core-discovery-r50/native-context-b-apply.lean:3:174: warning: Variable name `hBoundaryQuery` is not explicitly referenced.

Hint: The binding can be removed (if unused) or named `_` (if used implicitly). Alternatively, prefix the name with `_` to silence this warning:
  [apply] _hBoundaryQuery

Note: This linter can be disabled with `set_option linter.unusedVariables false`
