+ /home/codex/miniconda3/bin/uv lock --check
Using CPython 3.11.15 interpreter at: /home/codex/miniconda3/bin/python3.11
Resolved 18 packages in 0.43ms
+ /home/codex/miniconda3/bin/uv sync --locked --no-editable
Using CPython 3.11.15 interpreter at: /home/codex/miniconda3/bin/python3.11
Creating virtual environment at: /tmp/ladon-clean-gate-5ildz9cy/environment
Resolved 18 packages in 0.50ms
   Building ladon @ file:///tmp/ladon-candidate-29ly8axa/source
      Built ladon @ file:///tmp/ladon-candidate-29ly8axa/source
Downloading ruff (10.5MiB)
Downloading pygments (1.2MiB)
 Downloaded pygments
 Downloaded ruff
Prepared 18 packages in 796ms
Installed 18 packages in 2ms
 + attrs==26.1.0
 + colorama==0.4.6
 + iniconfig==2.3.0
 + jsonschema==4.26.0
 + jsonschema-specifications==2025.9.1
 + ladon==0.2.0 (from file:///tmp/ladon-candidate-29ly8axa/source)
 + mando==0.7.1
 + packaging==26.2
 + pluggy==1.6.0
 + pygments==2.20.0
 + pytest==9.0.3
 + radon==6.0.1
 + referencing==0.37.0
 + rpds-py==2026.6.3
 + ruff==0.16.3
 + six==1.17.0
 + typing-extensions==4.16.0
 + vulture==2.16
+ /home/codex/miniconda3/bin/uv run --locked --no-sync python -m pytest --collect-only -q
+ /home/codex/projects/ladon/.venv/bin/python3 -m pytest --collect-only -q
+ /home/codex/.elan/bin/lake build
✔ [2/5] Built LadonFixture.Core (128ms)
✔ [3/5] Built LadonFixture.Helper (128ms)
⚠ [4/5] Built LadonFixture (131ms)
warning: LadonFixture.lean:12:23: Variable name `y` is not explicitly referenced.

The binding can be removed (if unused) or named `_` (if used implicitly).

Note: This linter can be disabled with `set_option linter.unusedVariables false`
Build completed successfully (5 jobs).
+ /home/codex/miniconda3/bin/uv run --locked --no-sync python scripts/python_quality.py --strict

== strict radon/vulture checks ==
radon/vulture: clean

== scoped ruff ==
+ /tmp/ladon-clean-gate-5ildz9cy/environment/bin/python3 -m ruff check src tests scripts
All checks passed!

== compileall ==

== pytest ==
+ /tmp/ladon-clean-gate-5ildz9cy/environment/bin/python3 -m pytest -q tests
........................................................................ [  2%]
..........................................F............................. [  5%]
........................................................................ [  7%]
........................................................................ [ 10%]
........................................................................ [ 12%]
........................................................................ [ 15%]
.......................FF............................................... [ 18%]
........................................................................ [ 20%]
........................................................................ [ 23%]
........................................................................ [ 25%]
........................................................................ [ 28%]
........................................................................ [ 31%]
........................................................................ [ 33%]
........................................................................ [ 36%]
........................................................................ [ 38%]
........................................................................ [ 41%]
........................................................................ [ 43%]
........................................................................ [ 46%]
........................................................................ [ 49%]
........................................................................ [ 51%]
........................................................................ [ 54%]
........................................................................ [ 56%]
........................................................................ [ 59%]
........................................................................ [ 62%]
........................................................................ [ 64%]
........................................................................ [ 67%]
........................................................................ [ 69%]
........................................................................ [ 72%]
........................................................................ [ 75%]
.....................................................FFFFFFFFF.F....FFF. [ 77%]
........................................................................ [ 80%]
........................................................................ [ 82%]
........................................................................ [ 85%]
........................................................................ [ 87%]
........................................................................ [ 90%]
........................................................................ [ 93%]
........................................................................ [ 95%]
....EEEEFEEEEEEEF.FF..FF..EEEEEEE.FF.FF.........F....................... [ 98%]
................................................                         [100%]
==================================== ERRORS ====================================
_____ ERROR at setup of test_materialization_preserves_prefix_and_imports ______

tmp_path = PosixPath('/tmp/pytest-of-codex/pytest-715/test_materialization_preserves0')

    @pytest.fixture
    def planned_repository(tmp_path: Path) -> tuple[Path, TheoremPlan]:
        root = tmp_path / "repository"
        shutil.copytree(FIXTURE, root)
        build = subprocess.run(
            ["lake", "build"],
            cwd=root,
            text=True,
            capture_output=True,
            check=False,
            timeout=120,
        )
        if build.returncode != 0:
            pytest.fail(build.stderr or build.stdout)
>       return root, plan_theorem_capsule(root, "CapsuleFixture.chosen")
                     ^^^^^^^^^^^^^^^^^^^^^^^^^^^^^^^^^^^^^^^^^^^^^^^^^^^

tests/test_theorem_capsule_materialization.py:38: 
_ _ _ _ _ _ _ _ _ _ _ _ _ _ _ _ _ _ _ _ _ _ _ _ _ _ _ _ _ _ _ _ _ _ _ _ _ _ _ _ 
/tmp/ladon-clean-gate-5ildz9cy/environment/lib/python3.11/site-packages/ladon/theorem_capsule_planning.py:86: in plan_theorem_capsule
    helper = _run_exact_helper(
_ _ _ _ _ _ _ _ _ _ _ _ _ _ _ _ _ _ _ _ _ _ _ _ _ _ _ _ _ _ _ _ _ _ _ _ _ _ _ _ 

repo_root = PosixPath('/tmp/pytest-of-codex/pytest-715/test_materialization_preserves0/repository')
entry = CapsuleSource(module='CapsuleFixture', path='CapsuleFixture.lean', content=b'import CapsuleFixture.Base\nimport Capsul...:= by\n  trivial\n\nend LocalContext\n\nend CapsuleFixture\n', imports=('CapsuleFixture.Base', 'CapsuleFixture.Large'))
theorem_name = 'CapsuleFixture.chosen'
layout = CapsuleLayout(root=PosixPath('/tmp/pytest-of-codex/pytest-715/test_materialization_preserves0/repository'), source_map...': 'CapsuleFixture/Large.lean'}, fingerprint='sha256:05a9715980f86be61dcaa12764c192a1249f24c557357c093da96a9c1e5f3dcc')

    def _run_exact_helper(
        repo_root: Path,
        entry: CapsuleSource,
        theorem_name: str,
        layout: CapsuleLayout,
        *,
        helper_path: Path,
        timeout_seconds: float,
        max_rss_bytes: int | None,
        cancel_event: threading.Event | None,
    ) -> dict[str, Any]:
        try:
            execution = prepare_direct_lean_execution(
                repo_root,
                entry.module,
                None,
                require_compiled_module=True,
            )
        except ValueError as exc:
            raise CapsuleOperationalError(str(exc)) from exc
        with tempfile.TemporaryDirectory(prefix="ladon-theorem-plan-") as temporary:
            module_file = Path(temporary) / "repository-modules.txt"
            module_file.write_text(
                "\n".join(layout.modules) + "\n",
                encoding="utf-8",
            )
            process = run_bounded_target_process(
                [
                    *execution.command,
                    "--run",
                    str(helper_path),
                    entry.module,
                    entry.path,
                    theorem_name,
                    str(module_file),
                ],
                cwd=repo_root,
                env=execution.environment,
                timeout_seconds=timeout_seconds,
                max_output_bytes=HELPER_OUTPUT_LIMIT_BYTES,
                max_rss_bytes=max_rss_bytes,
                cancel_event=cancel_event,
            )
        if process.output_limited:
            raise CapsuleOperationalError(
                "Lean theorem dependency stream exceeded the finite output limit"
            )
        if process.memory_limited:
            raise CapsuleOperationalError(
                "Lean theorem helper exceeded the finite process-tree RSS limit"
            )
        if not process.succeeded:
            outcome = "timed out" if process.timed_out else "failed"
            detail = (process.stderr or process.stdout).strip()[:2000]
>           raise CapsuleOperationalError(
                f"Lean theorem helper {outcome} for {entry.path}: {detail}"
            )
E           ladon.theorem_capsule_models.CapsuleOperationalError: Lean theorem helper failed for CapsuleFixture.lean: info: Version 4.2.4 of elan is available! Use `elan self update` to update.
E           info: downloading https://releases.lean-lang.org/lean4/v4.32.1/lean-4.32.1-linux.tar.zst
E           
E           thread 'main' panicked at library/std/src/io/stdio.rs:1165:9:
E           failed printing to stdout: Quota exceeded (os error 122)
E           note: run with `RUST_BACKTRACE=1` environment variable to display a backtrace

/tmp/ladon-clean-gate-5ildz9cy/environment/lib/python3.11/site-packages/ladon/theorem_capsule_planning.py:197: CapsuleOperationalError
___________ ERROR at setup of test_materialization_is_deterministic ____________

tmp_path = PosixPath('/tmp/pytest-of-codex/pytest-715/test_materialization_is_determ0')

    @pytest.fixture
    def planned_repository(tmp_path: Path) -> tuple[Path, TheoremPlan]:
        root = tmp_path / "repository"
        shutil.copytree(FIXTURE, root)
        build = subprocess.run(
            ["lake", "build"],
            cwd=root,
            text=True,
            capture_output=True,
            check=False,
            timeout=120,
        )
        if build.returncode != 0:
            pytest.fail(build.stderr or build.stdout)
>       return root, plan_theorem_capsule(root, "CapsuleFixture.chosen")
                     ^^^^^^^^^^^^^^^^^^^^^^^^^^^^^^^^^^^^^^^^^^^^^^^^^^^

tests/test_theorem_capsule_materialization.py:38: 
_ _ _ _ _ _ _ _ _ _ _ _ _ _ _ _ _ _ _ _ _ _ _ _ _ _ _ _ _ _ _ _ _ _ _ _ _ _ _ _ 
/tmp/ladon-clean-gate-5ildz9cy/environment/lib/python3.11/site-packages/ladon/theorem_capsule_planning.py:86: in plan_theorem_capsule
    helper = _run_exact_helper(
_ _ _ _ _ _ _ _ _ _ _ _ _ _ _ _ _ _ _ _ _ _ _ _ _ _ _ _ _ _ _ _ _ _ _ _ _ _ _ _ 

repo_root = PosixPath('/tmp/pytest-of-codex/pytest-715/test_materialization_is_determ0/repository')
entry = CapsuleSource(module='CapsuleFixture', path='CapsuleFixture.lean', content=b'import CapsuleFixture.Base\nimport Capsul...:= by\n  trivial\n\nend LocalContext\n\nend CapsuleFixture\n', imports=('CapsuleFixture.Base', 'CapsuleFixture.Large'))
theorem_name = 'CapsuleFixture.chosen'
layout = CapsuleLayout(root=PosixPath('/tmp/pytest-of-codex/pytest-715/test_materialization_is_determ0/repository'), source_map...': 'CapsuleFixture/Large.lean'}, fingerprint='sha256:05a9715980f86be61dcaa12764c192a1249f24c557357c093da96a9c1e5f3dcc')

    def _run_exact_helper(
        repo_root: Path,
        entry: CapsuleSource,
        theorem_name: str,
        layout: CapsuleLayout,
        *,
        helper_path: Path,
        timeout_seconds: float,
        max_rss_bytes: int | None,
        cancel_event: threading.Event | None,
    ) -> dict[str, Any]:
        try:
            execution = prepare_direct_lean_execution(
                repo_root,
                entry.module,
                None,
                require_compiled_module=True,
            )
        except ValueError as exc:
            raise CapsuleOperationalError(str(exc)) from exc
        with tempfile.TemporaryDirectory(prefix="ladon-theorem-plan-") as temporary:
            module_file = Path(temporary) / "repository-modules.txt"
            module_file.write_text(
                "\n".join(layout.modules) + "\n",
                encoding="utf-8",
            )
            process = run_bounded_target_process(
                [
                    *execution.command,
                    "--run",
                    str(helper_path),
                    entry.module,
                    entry.path,
                    theorem_name,
                    str(module_file),
                ],
                cwd=repo_root,
                env=execution.environment,
                timeout_seconds=timeout_seconds,
                max_output_bytes=HELPER_OUTPUT_LIMIT_BYTES,
                max_rss_bytes=max_rss_bytes,
                cancel_event=cancel_event,
            )
        if process.output_limited:
            raise CapsuleOperationalError(
                "Lean theorem dependency stream exceeded the finite output limit"
            )
        if process.memory_limited:
            raise CapsuleOperationalError(
                "Lean theorem helper exceeded the finite process-tree RSS limit"
            )
        if not process.succeeded:
            outcome = "timed out" if process.timed_out else "failed"
            detail = (process.stderr or process.stdout).strip()[:2000]
>           raise CapsuleOperationalError(
                f"Lean theorem helper {outcome} for {entry.path}: {detail}"
            )
E           ladon.theorem_capsule_models.CapsuleOperationalError: Lean theorem helper failed for CapsuleFixture.lean: info: Version 4.2.4 of elan is available! Use `elan self update` to update.
E           info: downloading https://releases.lean-lang.org/lean4/v4.32.1/lean-4.32.1-linux.tar.zst
E           
E           thread 'main' panicked at library/std/src/io/stdio.rs:1165:9:
E           failed printing to stdout: Quota exceeded (os error 122)
E           note: run with `RUST_BACKTRACE=1` environment variable to display a backtrace

/tmp/ladon-clean-gate-5ildz9cy/environment/lib/python3.11/site-packages/ladon/theorem_capsule_planning.py:197: CapsuleOperationalError
________________ ERROR at setup of test_reproducible_tar_output ________________

tmp_path = PosixPath('/tmp/pytest-of-codex/pytest-715/test_reproducible_tar_output0')

    @pytest.fixture
    def planned_repository(tmp_path: Path) -> tuple[Path, TheoremPlan]:
        root = tmp_path / "repository"
        shutil.copytree(FIXTURE, root)
        build = subprocess.run(
            ["lake", "build"],
            cwd=root,
            text=True,
            capture_output=True,
            check=False,
            timeout=120,
        )
        if build.returncode != 0:
            pytest.fail(build.stderr or build.stdout)
>       return root, plan_theorem_capsule(root, "CapsuleFixture.chosen")
                     ^^^^^^^^^^^^^^^^^^^^^^^^^^^^^^^^^^^^^^^^^^^^^^^^^^^

tests/test_theorem_capsule_materialization.py:38: 
_ _ _ _ _ _ _ _ _ _ _ _ _ _ _ _ _ _ _ _ _ _ _ _ _ _ _ _ _ _ _ _ _ _ _ _ _ _ _ _ 
/tmp/ladon-clean-gate-5ildz9cy/environment/lib/python3.11/site-packages/ladon/theorem_capsule_planning.py:86: in plan_theorem_capsule
    helper = _run_exact_helper(
_ _ _ _ _ _ _ _ _ _ _ _ _ _ _ _ _ _ _ _ _ _ _ _ _ _ _ _ _ _ _ _ _ _ _ _ _ _ _ _ 

repo_root = PosixPath('/tmp/pytest-of-codex/pytest-715/test_reproducible_tar_output0/repository')
entry = CapsuleSource(module='CapsuleFixture', path='CapsuleFixture.lean', content=b'import CapsuleFixture.Base\nimport Capsul...:= by\n  trivial\n\nend LocalContext\n\nend CapsuleFixture\n', imports=('CapsuleFixture.Base', 'CapsuleFixture.Large'))
theorem_name = 'CapsuleFixture.chosen'
layout = CapsuleLayout(root=PosixPath('/tmp/pytest-of-codex/pytest-715/test_reproducible_tar_output0/repository'), source_map=L...': 'CapsuleFixture/Large.lean'}, fingerprint='sha256:05a9715980f86be61dcaa12764c192a1249f24c557357c093da96a9c1e5f3dcc')

    def _run_exact_helper(
        repo_root: Path,
        entry: CapsuleSource,
        theorem_name: str,
        layout: CapsuleLayout,
        *,
        helper_path: Path,
        timeout_seconds: float,
        max_rss_bytes: int | None,
        cancel_event: threading.Event | None,
    ) -> dict[str, Any]:
        try:
            execution = prepare_direct_lean_execution(
                repo_root,
                entry.module,
                None,
                require_compiled_module=True,
            )
        except ValueError as exc:
            raise CapsuleOperationalError(str(exc)) from exc
        with tempfile.TemporaryDirectory(prefix="ladon-theorem-plan-") as temporary:
            module_file = Path(temporary) / "repository-modules.txt"
            module_file.write_text(
                "\n".join(layout.modules) + "\n",
                encoding="utf-8",
            )
            process = run_bounded_target_process(
                [
                    *execution.command,
                    "--run",
                    str(helper_path),
                    entry.module,
                    entry.path,
                    theorem_name,
                    str(module_file),
                ],
                cwd=repo_root,
                env=execution.environment,
                timeout_seconds=timeout_seconds,
                max_output_bytes=HELPER_OUTPUT_LIMIT_BYTES,
                max_rss_bytes=max_rss_bytes,
                cancel_event=cancel_event,
            )
        if process.output_limited:
            raise CapsuleOperationalError(
                "Lean theorem dependency stream exceeded the finite output limit"
            )
        if process.memory_limited:
            raise CapsuleOperationalError(
                "Lean theorem helper exceeded the finite process-tree RSS limit"
            )
        if not process.succeeded:
            outcome = "timed out" if process.timed_out else "failed"
            detail = (process.stderr or process.stdout).strip()[:2000]
>           raise CapsuleOperationalError(
                f"Lean theorem helper {outcome} for {entry.path}: {detail}"
            )
E           ladon.theorem_capsule_models.CapsuleOperationalError: Lean theorem helper failed for CapsuleFixture.lean: info: Version 4.2.4 of elan is available! Use `elan self update` to update.
E           info: downloading https://releases.lean-lang.org/lean4/v4.32.1/lean-4.32.1-linux.tar.zst
E           
E           thread 'main' panicked at library/std/src/io/stdio.rs:1165:9:
E           failed printing to stdout: Quota exceeded (os error 122)
E           note: run with `RUST_BACKTRACE=1` environment variable to display a backtrace

/tmp/ladon-clean-gate-5ildz9cy/environment/lib/python3.11/site-packages/ladon/theorem_capsule_planning.py:197: CapsuleOperationalError
________________ ERROR at setup of test_reproducible_zip_output ________________

tmp_path = PosixPath('/tmp/pytest-of-codex/pytest-715/test_reproducible_zip_output0')

    @pytest.fixture
    def planned_repository(tmp_path: Path) -> tuple[Path, TheoremPlan]:
        root = tmp_path / "repository"
        shutil.copytree(FIXTURE, root)
        build = subprocess.run(
            ["lake", "build"],
            cwd=root,
            text=True,
            capture_output=True,
            check=False,
            timeout=120,
        )
        if build.returncode != 0:
            pytest.fail(build.stderr or build.stdout)
>       return root, plan_theorem_capsule(root, "CapsuleFixture.chosen")
                     ^^^^^^^^^^^^^^^^^^^^^^^^^^^^^^^^^^^^^^^^^^^^^^^^^^^

tests/test_theorem_capsule_materialization.py:38: 
_ _ _ _ _ _ _ _ _ _ _ _ _ _ _ _ _ _ _ _ _ _ _ _ _ _ _ _ _ _ _ _ _ _ _ _ _ _ _ _ 
/tmp/ladon-clean-gate-5ildz9cy/environment/lib/python3.11/site-packages/ladon/theorem_capsule_planning.py:86: in plan_theorem_capsule
    helper = _run_exact_helper(
_ _ _ _ _ _ _ _ _ _ _ _ _ _ _ _ _ _ _ _ _ _ _ _ _ _ _ _ _ _ _ _ _ _ _ _ _ _ _ _ 

repo_root = PosixPath('/tmp/pytest-of-codex/pytest-715/test_reproducible_zip_output0/repository')
entry = CapsuleSource(module='CapsuleFixture', path='CapsuleFixture.lean', content=b'import CapsuleFixture.Base\nimport Capsul...:= by\n  trivial\n\nend LocalContext\n\nend CapsuleFixture\n', imports=('CapsuleFixture.Base', 'CapsuleFixture.Large'))
theorem_name = 'CapsuleFixture.chosen'
layout = CapsuleLayout(root=PosixPath('/tmp/pytest-of-codex/pytest-715/test_reproducible_zip_output0/repository'), source_map=L...': 'CapsuleFixture/Large.lean'}, fingerprint='sha256:05a9715980f86be61dcaa12764c192a1249f24c557357c093da96a9c1e5f3dcc')

    def _run_exact_helper(
        repo_root: Path,
        entry: CapsuleSource,
        theorem_name: str,
        layout: CapsuleLayout,
        *,
        helper_path: Path,
        timeout_seconds: float,
        max_rss_bytes: int | None,
        cancel_event: threading.Event | None,
    ) -> dict[str, Any]:
        try:
            execution = prepare_direct_lean_execution(
                repo_root,
                entry.module,
                None,
                require_compiled_module=True,
            )
        except ValueError as exc:
            raise CapsuleOperationalError(str(exc)) from exc
        with tempfile.TemporaryDirectory(prefix="ladon-theorem-plan-") as temporary:
            module_file = Path(temporary) / "repository-modules.txt"
            module_file.write_text(
                "\n".join(layout.modules) + "\n",
                encoding="utf-8",
            )
            process = run_bounded_target_process(
                [
                    *execution.command,
                    "--run",
                    str(helper_path),
                    entry.module,
                    entry.path,
                    theorem_name,
                    str(module_file),
                ],
                cwd=repo_root,
                env=execution.environment,
                timeout_seconds=timeout_seconds,
                max_output_bytes=HELPER_OUTPUT_LIMIT_BYTES,
                max_rss_bytes=max_rss_bytes,
                cancel_event=cancel_event,
            )
        if process.output_limited:
            raise CapsuleOperationalError(
                "Lean theorem dependency stream exceeded the finite output limit"
            )
        if process.memory_limited:
            raise CapsuleOperationalError(
                "Lean theorem helper exceeded the finite process-tree RSS limit"
            )
        if not process.succeeded:
            outcome = "timed out" if process.timed_out else "failed"
            detail = (process.stderr or process.stdout).strip()[:2000]
>           raise CapsuleOperationalError(
                f"Lean theorem helper {outcome} for {entry.path}: {detail}"
            )
E           ladon.theorem_capsule_models.CapsuleOperationalError: Lean theorem helper failed for CapsuleFixture.lean: info: Version 4.2.4 of elan is available! Use `elan self update` to update.
E           info: downloading https://releases.lean-lang.org/lean4/v4.32.1/lean-4.32.1-linux.tar.zst
E           
E           thread 'main' panicked at library/std/src/io/stdio.rs:1165:9:
E           failed printing to stdout: Quota exceeded (os error 122)
E           note: run with `RUST_BACKTRACE=1` environment variable to display a backtrace

/tmp/ladon-clean-gate-5ildz9cy/environment/lib/python3.11/site-packages/ladon/theorem_capsule_planning.py:197: CapsuleOperationalError
__________ ERROR at setup of test_materialization_rejects_stale_plan ___________

tmp_path = PosixPath('/tmp/pytest-of-codex/pytest-715/test_materialization_rejects_s0')

    @pytest.fixture
    def planned_repository(tmp_path: Path) -> tuple[Path, TheoremPlan]:
        root = tmp_path / "repository"
        shutil.copytree(FIXTURE, root)
        build = subprocess.run(
            ["lake", "build"],
            cwd=root,
            text=True,
            capture_output=True,
            check=False,
            timeout=120,
        )
        if build.returncode != 0:
            pytest.fail(build.stderr or build.stdout)
>       return root, plan_theorem_capsule(root, "CapsuleFixture.chosen")
                     ^^^^^^^^^^^^^^^^^^^^^^^^^^^^^^^^^^^^^^^^^^^^^^^^^^^

tests/test_theorem_capsule_materialization.py:38: 
_ _ _ _ _ _ _ _ _ _ _ _ _ _ _ _ _ _ _ _ _ _ _ _ _ _ _ _ _ _ _ _ _ _ _ _ _ _ _ _ 
/tmp/ladon-clean-gate-5ildz9cy/environment/lib/python3.11/site-packages/ladon/theorem_capsule_planning.py:86: in plan_theorem_capsule
    helper = _run_exact_helper(
_ _ _ _ _ _ _ _ _ _ _ _ _ _ _ _ _ _ _ _ _ _ _ _ _ _ _ _ _ _ _ _ _ _ _ _ _ _ _ _ 

repo_root = PosixPath('/tmp/pytest-of-codex/pytest-715/test_materialization_rejects_s0/repository')
entry = CapsuleSource(module='CapsuleFixture', path='CapsuleFixture.lean', content=b'import CapsuleFixture.Base\nimport Capsul...:= by\n  trivial\n\nend LocalContext\n\nend CapsuleFixture\n', imports=('CapsuleFixture.Base', 'CapsuleFixture.Large'))
theorem_name = 'CapsuleFixture.chosen'
layout = CapsuleLayout(root=PosixPath('/tmp/pytest-of-codex/pytest-715/test_materialization_rejects_s0/repository'), source_map...': 'CapsuleFixture/Large.lean'}, fingerprint='sha256:05a9715980f86be61dcaa12764c192a1249f24c557357c093da96a9c1e5f3dcc')

    def _run_exact_helper(
        repo_root: Path,
        entry: CapsuleSource,
        theorem_name: str,
        layout: CapsuleLayout,
        *,
        helper_path: Path,
        timeout_seconds: float,
        max_rss_bytes: int | None,
        cancel_event: threading.Event | None,
    ) -> dict[str, Any]:
        try:
            execution = prepare_direct_lean_execution(
                repo_root,
                entry.module,
                None,
                require_compiled_module=True,
            )
        except ValueError as exc:
            raise CapsuleOperationalError(str(exc)) from exc
        with tempfile.TemporaryDirectory(prefix="ladon-theorem-plan-") as temporary:
            module_file = Path(temporary) / "repository-modules.txt"
            module_file.write_text(
                "\n".join(layout.modules) + "\n",
                encoding="utf-8",
            )
            process = run_bounded_target_process(
                [
                    *execution.command,
                    "--run",
                    str(helper_path),
                    entry.module,
                    entry.path,
                    theorem_name,
                    str(module_file),
                ],
                cwd=repo_root,
                env=execution.environment,
                timeout_seconds=timeout_seconds,
                max_output_bytes=HELPER_OUTPUT_LIMIT_BYTES,
                max_rss_bytes=max_rss_bytes,
                cancel_event=cancel_event,
            )
        if process.output_limited:
            raise CapsuleOperationalError(
                "Lean theorem dependency stream exceeded the finite output limit"
            )
        if process.memory_limited:
            raise CapsuleOperationalError(
                "Lean theorem helper exceeded the finite process-tree RSS limit"
            )
        if not process.succeeded:
            outcome = "timed out" if process.timed_out else "failed"
            detail = (process.stderr or process.stdout).strip()[:2000]
>           raise CapsuleOperationalError(
                f"Lean theorem helper {outcome} for {entry.path}: {detail}"
            )
E           ladon.theorem_capsule_models.CapsuleOperationalError: Lean theorem helper failed for CapsuleFixture.lean: info: Version 4.2.4 of elan is available! Use `elan self update` to update.
E           info: downloading https://releases.lean-lang.org/lean4/v4.32.1/lean-4.32.1-linux.tar.zst
E           
E           thread 'main' panicked at library/std/src/io/stdio.rs:1165:9:
E           failed printing to stdout: Quota exceeded (os error 122)
E           note: run with `RUST_BACKTRACE=1` environment variable to display a backtrace

/tmp/ladon-clean-gate-5ildz9cy/environment/lib/python3.11/site-packages/ladon/theorem_capsule_planning.py:197: CapsuleOperationalError
___ ERROR at setup of test_materialization_rejects_output_inside_repository ____

tmp_path = PosixPath('/tmp/pytest-of-codex/pytest-715/test_materialization_rejects_o0')

    @pytest.fixture
    def planned_repository(tmp_path: Path) -> tuple[Path, TheoremPlan]:
        root = tmp_path / "repository"
        shutil.copytree(FIXTURE, root)
        build = subprocess.run(
            ["lake", "build"],
            cwd=root,
            text=True,
            capture_output=True,
            check=False,
            timeout=120,
        )
        if build.returncode != 0:
            pytest.fail(build.stderr or build.stdout)
>       return root, plan_theorem_capsule(root, "CapsuleFixture.chosen")
                     ^^^^^^^^^^^^^^^^^^^^^^^^^^^^^^^^^^^^^^^^^^^^^^^^^^^

tests/test_theorem_capsule_materialization.py:38: 
_ _ _ _ _ _ _ _ _ _ _ _ _ _ _ _ _ _ _ _ _ _ _ _ _ _ _ _ _ _ _ _ _ _ _ _ _ _ _ _ 
/tmp/ladon-clean-gate-5ildz9cy/environment/lib/python3.11/site-packages/ladon/theorem_capsule_planning.py:86: in plan_theorem_capsule
    helper = _run_exact_helper(
_ _ _ _ _ _ _ _ _ _ _ _ _ _ _ _ _ _ _ _ _ _ _ _ _ _ _ _ _ _ _ _ _ _ _ _ _ _ _ _ 

repo_root = PosixPath('/tmp/pytest-of-codex/pytest-715/test_materialization_rejects_o0/repository')
entry = CapsuleSource(module='CapsuleFixture', path='CapsuleFixture.lean', content=b'import CapsuleFixture.Base\nimport Capsul...:= by\n  trivial\n\nend LocalContext\n\nend CapsuleFixture\n', imports=('CapsuleFixture.Base', 'CapsuleFixture.Large'))
theorem_name = 'CapsuleFixture.chosen'
layout = CapsuleLayout(root=PosixPath('/tmp/pytest-of-codex/pytest-715/test_materialization_rejects_o0/repository'), source_map...': 'CapsuleFixture/Large.lean'}, fingerprint='sha256:05a9715980f86be61dcaa12764c192a1249f24c557357c093da96a9c1e5f3dcc')

    def _run_exact_helper(
        repo_root: Path,
        entry: CapsuleSource,
        theorem_name: str,
        layout: CapsuleLayout,
        *,
        helper_path: Path,
        timeout_seconds: float,
        max_rss_bytes: int | None,
        cancel_event: threading.Event | None,
    ) -> dict[str, Any]:
        try:
            execution = prepare_direct_lean_execution(
                repo_root,
                entry.module,
                None,
                require_compiled_module=True,
            )
        except ValueError as exc:
            raise CapsuleOperationalError(str(exc)) from exc
        with tempfile.TemporaryDirectory(prefix="ladon-theorem-plan-") as temporary:
            module_file = Path(temporary) / "repository-modules.txt"
            module_file.write_text(
                "\n".join(layout.modules) + "\n",
                encoding="utf-8",
            )
            process = run_bounded_target_process(
                [
                    *execution.command,
                    "--run",
                    str(helper_path),
                    entry.module,
                    entry.path,
                    theorem_name,
                    str(module_file),
                ],
                cwd=repo_root,
                env=execution.environment,
                timeout_seconds=timeout_seconds,
                max_output_bytes=HELPER_OUTPUT_LIMIT_BYTES,
                max_rss_bytes=max_rss_bytes,
                cancel_event=cancel_event,
            )
        if process.output_limited:
            raise CapsuleOperationalError(
                "Lean theorem dependency stream exceeded the finite output limit"
            )
        if process.memory_limited:
            raise CapsuleOperationalError(
                "Lean theorem helper exceeded the finite process-tree RSS limit"
            )
        if not process.succeeded:
            outcome = "timed out" if process.timed_out else "failed"
            detail = (process.stderr or process.stdout).strip()[:2000]
>           raise CapsuleOperationalError(
                f"Lean theorem helper {outcome} for {entry.path}: {detail}"
            )
E           ladon.theorem_capsule_models.CapsuleOperationalError: Lean theorem helper failed for CapsuleFixture.lean: info: Version 4.2.4 of elan is available! Use `elan self update` to update.
E           info: downloading https://releases.lean-lang.org/lean4/v4.32.1/lean-4.32.1-linux.tar.zst
E           
E           thread 'main' panicked at library/std/src/io/stdio.rs:1165:9:
E           failed printing to stdout: Quota exceeded (os error 122)
E           note: run with `RUST_BACKTRACE=1` environment variable to display a backtrace

/tmp/ladon-clean-gate-5ildz9cy/environment/lib/python3.11/site-packages/ladon/theorem_capsule_planning.py:197: CapsuleOperationalError
_______ ERROR at setup of test_materialization_rejects_unsafe_plan_path ________

tmp_path = PosixPath('/tmp/pytest-of-codex/pytest-715/test_materialization_rejects_u0')

    @pytest.fixture
    def planned_repository(tmp_path: Path) -> tuple[Path, TheoremPlan]:
        root = tmp_path / "repository"
        shutil.copytree(FIXTURE, root)
        build = subprocess.run(
            ["lake", "build"],
            cwd=root,
            text=True,
            capture_output=True,
            check=False,
            timeout=120,
        )
        if build.returncode != 0:
            pytest.fail(build.stderr or build.stdout)
>       return root, plan_theorem_capsule(root, "CapsuleFixture.chosen")
                     ^^^^^^^^^^^^^^^^^^^^^^^^^^^^^^^^^^^^^^^^^^^^^^^^^^^

tests/test_theorem_capsule_materialization.py:38: 
_ _ _ _ _ _ _ _ _ _ _ _ _ _ _ _ _ _ _ _ _ _ _ _ _ _ _ _ _ _ _ _ _ _ _ _ _ _ _ _ 
/tmp/ladon-clean-gate-5ildz9cy/environment/lib/python3.11/site-packages/ladon/theorem_capsule_planning.py:86: in plan_theorem_capsule
    helper = _run_exact_helper(
_ _ _ _ _ _ _ _ _ _ _ _ _ _ _ _ _ _ _ _ _ _ _ _ _ _ _ _ _ _ _ _ _ _ _ _ _ _ _ _ 

repo_root = PosixPath('/tmp/pytest-of-codex/pytest-715/test_materialization_rejects_u0/repository')
entry = CapsuleSource(module='CapsuleFixture', path='CapsuleFixture.lean', content=b'import CapsuleFixture.Base\nimport Capsul...:= by\n  trivial\n\nend LocalContext\n\nend CapsuleFixture\n', imports=('CapsuleFixture.Base', 'CapsuleFixture.Large'))
theorem_name = 'CapsuleFixture.chosen'
layout = CapsuleLayout(root=PosixPath('/tmp/pytest-of-codex/pytest-715/test_materialization_rejects_u0/repository'), source_map...': 'CapsuleFixture/Large.lean'}, fingerprint='sha256:05a9715980f86be61dcaa12764c192a1249f24c557357c093da96a9c1e5f3dcc')

    def _run_exact_helper(
        repo_root: Path,
        entry: CapsuleSource,
        theorem_name: str,
        layout: CapsuleLayout,
        *,
        helper_path: Path,
        timeout_seconds: float,
        max_rss_bytes: int | None,
        cancel_event: threading.Event | None,
    ) -> dict[str, Any]:
        try:
            execution = prepare_direct_lean_execution(
                repo_root,
                entry.module,
                None,
                require_compiled_module=True,
            )
        except ValueError as exc:
            raise CapsuleOperationalError(str(exc)) from exc
        with tempfile.TemporaryDirectory(prefix="ladon-theorem-plan-") as temporary:
            module_file = Path(temporary) / "repository-modules.txt"
            module_file.write_text(
                "\n".join(layout.modules) + "\n",
                encoding="utf-8",
            )
            process = run_bounded_target_process(
                [
                    *execution.command,
                    "--run",
                    str(helper_path),
                    entry.module,
                    entry.path,
                    theorem_name,
                    str(module_file),
                ],
                cwd=repo_root,
                env=execution.environment,
                timeout_seconds=timeout_seconds,
                max_output_bytes=HELPER_OUTPUT_LIMIT_BYTES,
                max_rss_bytes=max_rss_bytes,
                cancel_event=cancel_event,
            )
        if process.output_limited:
            raise CapsuleOperationalError(
                "Lean theorem dependency stream exceeded the finite output limit"
            )
        if process.memory_limited:
            raise CapsuleOperationalError(
                "Lean theorem helper exceeded the finite process-tree RSS limit"
            )
        if not process.succeeded:
            outcome = "timed out" if process.timed_out else "failed"
            detail = (process.stderr or process.stdout).strip()[:2000]
>           raise CapsuleOperationalError(
                f"Lean theorem helper {outcome} for {entry.path}: {detail}"
            )
E           ladon.theorem_capsule_models.CapsuleOperationalError: Lean theorem helper failed for CapsuleFixture.lean: info: Version 4.2.4 of elan is available! Use `elan self update` to update.
E           info: downloading https://releases.lean-lang.org/lean4/v4.32.1/lean-4.32.1-linux.tar.zst
E           
E           thread 'main' panicked at library/std/src/io/stdio.rs:1165:9:
E           failed printing to stdout: Quota exceeded (os error 122)
E           note: run with `RUST_BACKTRACE=1` environment variable to display a backtrace

/tmp/ladon-clean-gate-5ildz9cy/environment/lib/python3.11/site-packages/ladon/theorem_capsule_planning.py:197: CapsuleOperationalError
____ ERROR at setup of test_materialization_rejects_symlinked_planned_input ____

tmp_path = PosixPath('/tmp/pytest-of-codex/pytest-715/test_materialization_rejects_s1')

    @pytest.fixture
    def planned_repository(tmp_path: Path) -> tuple[Path, TheoremPlan]:
        root = tmp_path / "repository"
        shutil.copytree(FIXTURE, root)
        build = subprocess.run(
            ["lake", "build"],
            cwd=root,
            text=True,
            capture_output=True,
            check=False,
            timeout=120,
        )
        if build.returncode != 0:
            pytest.fail(build.stderr or build.stdout)
>       return root, plan_theorem_capsule(root, "CapsuleFixture.chosen")
                     ^^^^^^^^^^^^^^^^^^^^^^^^^^^^^^^^^^^^^^^^^^^^^^^^^^^

tests/test_theorem_capsule_materialization.py:38: 
_ _ _ _ _ _ _ _ _ _ _ _ _ _ _ _ _ _ _ _ _ _ _ _ _ _ _ _ _ _ _ _ _ _ _ _ _ _ _ _ 
/tmp/ladon-clean-gate-5ildz9cy/environment/lib/python3.11/site-packages/ladon/theorem_capsule_planning.py:86: in plan_theorem_capsule
    helper = _run_exact_helper(
_ _ _ _ _ _ _ _ _ _ _ _ _ _ _ _ _ _ _ _ _ _ _ _ _ _ _ _ _ _ _ _ _ _ _ _ _ _ _ _ 

repo_root = PosixPath('/tmp/pytest-of-codex/pytest-715/test_materialization_rejects_s1/repository')
entry = CapsuleSource(module='CapsuleFixture', path='CapsuleFixture.lean', content=b'import CapsuleFixture.Base\nimport Capsul...:= by\n  trivial\n\nend LocalContext\n\nend CapsuleFixture\n', imports=('CapsuleFixture.Base', 'CapsuleFixture.Large'))
theorem_name = 'CapsuleFixture.chosen'
layout = CapsuleLayout(root=PosixPath('/tmp/pytest-of-codex/pytest-715/test_materialization_rejects_s1/repository'), source_map...': 'CapsuleFixture/Large.lean'}, fingerprint='sha256:05a9715980f86be61dcaa12764c192a1249f24c557357c093da96a9c1e5f3dcc')

    def _run_exact_helper(
        repo_root: Path,
        entry: CapsuleSource,
        theorem_name: str,
        layout: CapsuleLayout,
        *,
        helper_path: Path,
        timeout_seconds: float,
        max_rss_bytes: int | None,
        cancel_event: threading.Event | None,
    ) -> dict[str, Any]:
        try:
            execution = prepare_direct_lean_execution(
                repo_root,
                entry.module,
                None,
                require_compiled_module=True,
            )
        except ValueError as exc:
            raise CapsuleOperationalError(str(exc)) from exc
        with tempfile.TemporaryDirectory(prefix="ladon-theorem-plan-") as temporary:
            module_file = Path(temporary) / "repository-modules.txt"
            module_file.write_text(
                "\n".join(layout.modules) + "\n",
                encoding="utf-8",
            )
            process = run_bounded_target_process(
                [
                    *execution.command,
                    "--run",
                    str(helper_path),
                    entry.module,
                    entry.path,
                    theorem_name,
                    str(module_file),
                ],
                cwd=repo_root,
                env=execution.environment,
                timeout_seconds=timeout_seconds,
                max_output_bytes=HELPER_OUTPUT_LIMIT_BYTES,
                max_rss_bytes=max_rss_bytes,
                cancel_event=cancel_event,
            )
        if process.output_limited:
            raise CapsuleOperationalError(
                "Lean theorem dependency stream exceeded the finite output limit"
            )
        if process.memory_limited:
            raise CapsuleOperationalError(
                "Lean theorem helper exceeded the finite process-tree RSS limit"
            )
        if not process.succeeded:
            outcome = "timed out" if process.timed_out else "failed"
            detail = (process.stderr or process.stdout).strip()[:2000]
>           raise CapsuleOperationalError(
                f"Lean theorem helper {outcome} for {entry.path}: {detail}"
            )
E           ladon.theorem_capsule_models.CapsuleOperationalError: Lean theorem helper failed for CapsuleFixture.lean: info: Version 4.2.4 of elan is available! Use `elan self update` to update.
E           info: downloading https://releases.lean-lang.org/lean4/v4.32.1/lean-4.32.1-linux.tar.zst
E           
E           thread 'main' panicked at library/std/src/io/stdio.rs:1165:9:
E           failed printing to stdout: Quota exceeded (os error 122)
E           note: run with `RUST_BACKTRACE=1` environment variable to display a backtrace

/tmp/ladon-clean-gate-5ildz9cy/environment/lib/python3.11/site-packages/ladon/theorem_capsule_planning.py:197: CapsuleOperationalError
____ ERROR at setup of test_materialization_rejects_casefold_path_collision ____

tmp_path = PosixPath('/tmp/pytest-of-codex/pytest-715/test_materialization_rejects_c0')

    @pytest.fixture
    def planned_repository(tmp_path: Path) -> tuple[Path, TheoremPlan]:
        root = tmp_path / "repository"
        shutil.copytree(FIXTURE, root)
        build = subprocess.run(
            ["lake", "build"],
            cwd=root,
            text=True,
            capture_output=True,
            check=False,
            timeout=120,
        )
        if build.returncode != 0:
            pytest.fail(build.stderr or build.stdout)
>       return root, plan_theorem_capsule(root, "CapsuleFixture.chosen")
                     ^^^^^^^^^^^^^^^^^^^^^^^^^^^^^^^^^^^^^^^^^^^^^^^^^^^

tests/test_theorem_capsule_materialization.py:38: 
_ _ _ _ _ _ _ _ _ _ _ _ _ _ _ _ _ _ _ _ _ _ _ _ _ _ _ _ _ _ _ _ _ _ _ _ _ _ _ _ 
/tmp/ladon-clean-gate-5ildz9cy/environment/lib/python3.11/site-packages/ladon/theorem_capsule_planning.py:86: in plan_theorem_capsule
    helper = _run_exact_helper(
_ _ _ _ _ _ _ _ _ _ _ _ _ _ _ _ _ _ _ _ _ _ _ _ _ _ _ _ _ _ _ _ _ _ _ _ _ _ _ _ 

repo_root = PosixPath('/tmp/pytest-of-codex/pytest-715/test_materialization_rejects_c0/repository')
entry = CapsuleSource(module='CapsuleFixture', path='CapsuleFixture.lean', content=b'import CapsuleFixture.Base\nimport Capsul...:= by\n  trivial\n\nend LocalContext\n\nend CapsuleFixture\n', imports=('CapsuleFixture.Base', 'CapsuleFixture.Large'))
theorem_name = 'CapsuleFixture.chosen'
layout = CapsuleLayout(root=PosixPath('/tmp/pytest-of-codex/pytest-715/test_materialization_rejects_c0/repository'), source_map...': 'CapsuleFixture/Large.lean'}, fingerprint='sha256:05a9715980f86be61dcaa12764c192a1249f24c557357c093da96a9c1e5f3dcc')

    def _run_exact_helper(
        repo_root: Path,
        entry: CapsuleSource,
        theorem_name: str,
        layout: CapsuleLayout,
        *,
        helper_path: Path,
        timeout_seconds: float,
        max_rss_bytes: int | None,
        cancel_event: threading.Event | None,
    ) -> dict[str, Any]:
        try:
            execution = prepare_direct_lean_execution(
                repo_root,
                entry.module,
                None,
                require_compiled_module=True,
            )
        except ValueError as exc:
            raise CapsuleOperationalError(str(exc)) from exc
        with tempfile.TemporaryDirectory(prefix="ladon-theorem-plan-") as temporary:
            module_file = Path(temporary) / "repository-modules.txt"
            module_file.write_text(
                "\n".join(layout.modules) + "\n",
                encoding="utf-8",
            )
            process = run_bounded_target_process(
                [
                    *execution.command,
                    "--run",
                    str(helper_path),
                    entry.module,
                    entry.path,
                    theorem_name,
                    str(module_file),
                ],
                cwd=repo_root,
                env=execution.environment,
                timeout_seconds=timeout_seconds,
                max_output_bytes=HELPER_OUTPUT_LIMIT_BYTES,
                max_rss_bytes=max_rss_bytes,
                cancel_event=cancel_event,
            )
        if process.output_limited:
            raise CapsuleOperationalError(
                "Lean theorem dependency stream exceeded the finite output limit"
            )
        if process.memory_limited:
            raise CapsuleOperationalError(
                "Lean theorem helper exceeded the finite process-tree RSS limit"
            )
        if not process.succeeded:
            outcome = "timed out" if process.timed_out else "failed"
            detail = (process.stderr or process.stdout).strip()[:2000]
>           raise CapsuleOperationalError(
                f"Lean theorem helper {outcome} for {entry.path}: {detail}"
            )
E           ladon.theorem_capsule_models.CapsuleOperationalError: Lean theorem helper failed for CapsuleFixture.lean: info: Version 4.2.4 of elan is available! Use `elan self update` to update.
E           info: downloading https://releases.lean-lang.org/lean4/v4.32.1/lean-4.32.1-linux.tar.zst
E           
E           thread 'main' panicked at library/std/src/io/stdio.rs:1165:9:
E           failed printing to stdout: Quota exceeded (os error 122)
E           note: run with `RUST_BACKTRACE=1` environment variable to display a backtrace

/tmp/ladon-clean-gate-5ildz9cy/environment/lib/python3.11/site-packages/ladon/theorem_capsule_planning.py:197: CapsuleOperationalError
_____ ERROR at setup of test_materialization_refuses_existing_destination ______

tmp_path = PosixPath('/tmp/pytest-of-codex/pytest-715/test_materialization_refuses_e0')

    @pytest.fixture
    def planned_repository(tmp_path: Path) -> tuple[Path, TheoremPlan]:
        root = tmp_path / "repository"
        shutil.copytree(FIXTURE, root)
        build = subprocess.run(
            ["lake", "build"],
            cwd=root,
            text=True,
            capture_output=True,
            check=False,
            timeout=120,
        )
        if build.returncode != 0:
            pytest.fail(build.stderr or build.stdout)
>       return root, plan_theorem_capsule(root, "CapsuleFixture.chosen")
                     ^^^^^^^^^^^^^^^^^^^^^^^^^^^^^^^^^^^^^^^^^^^^^^^^^^^

tests/test_theorem_capsule_materialization.py:38: 
_ _ _ _ _ _ _ _ _ _ _ _ _ _ _ _ _ _ _ _ _ _ _ _ _ _ _ _ _ _ _ _ _ _ _ _ _ _ _ _ 
/tmp/ladon-clean-gate-5ildz9cy/environment/lib/python3.11/site-packages/ladon/theorem_capsule_planning.py:86: in plan_theorem_capsule
    helper = _run_exact_helper(
_ _ _ _ _ _ _ _ _ _ _ _ _ _ _ _ _ _ _ _ _ _ _ _ _ _ _ _ _ _ _ _ _ _ _ _ _ _ _ _ 

repo_root = PosixPath('/tmp/pytest-of-codex/pytest-715/test_materialization_refuses_e0/repository')
entry = CapsuleSource(module='CapsuleFixture', path='CapsuleFixture.lean', content=b'import CapsuleFixture.Base\nimport Capsul...:= by\n  trivial\n\nend LocalContext\n\nend CapsuleFixture\n', imports=('CapsuleFixture.Base', 'CapsuleFixture.Large'))
theorem_name = 'CapsuleFixture.chosen'
layout = CapsuleLayout(root=PosixPath('/tmp/pytest-of-codex/pytest-715/test_materialization_refuses_e0/repository'), source_map...': 'CapsuleFixture/Large.lean'}, fingerprint='sha256:05a9715980f86be61dcaa12764c192a1249f24c557357c093da96a9c1e5f3dcc')

    def _run_exact_helper(
        repo_root: Path,
        entry: CapsuleSource,
        theorem_name: str,
        layout: CapsuleLayout,
        *,
        helper_path: Path,
        timeout_seconds: float,
        max_rss_bytes: int | None,
        cancel_event: threading.Event | None,
    ) -> dict[str, Any]:
        try:
            execution = prepare_direct_lean_execution(
                repo_root,
                entry.module,
                None,
                require_compiled_module=True,
            )
        except ValueError as exc:
            raise CapsuleOperationalError(str(exc)) from exc
        with tempfile.TemporaryDirectory(prefix="ladon-theorem-plan-") as temporary:
            module_file = Path(temporary) / "repository-modules.txt"
            module_file.write_text(
                "\n".join(layout.modules) + "\n",
                encoding="utf-8",
            )
            process = run_bounded_target_process(
                [
                    *execution.command,
                    "--run",
                    str(helper_path),
                    entry.module,
                    entry.path,
                    theorem_name,
                    str(module_file),
                ],
                cwd=repo_root,
                env=execution.environment,
                timeout_seconds=timeout_seconds,
                max_output_bytes=HELPER_OUTPUT_LIMIT_BYTES,
                max_rss_bytes=max_rss_bytes,
                cancel_event=cancel_event,
            )
        if process.output_limited:
            raise CapsuleOperationalError(
                "Lean theorem dependency stream exceeded the finite output limit"
            )
        if process.memory_limited:
            raise CapsuleOperationalError(
                "Lean theorem helper exceeded the finite process-tree RSS limit"
            )
        if not process.succeeded:
            outcome = "timed out" if process.timed_out else "failed"
            detail = (process.stderr or process.stdout).strip()[:2000]
>           raise CapsuleOperationalError(
                f"Lean theorem helper {outcome} for {entry.path}: {detail}"
            )
E           ladon.theorem_capsule_models.CapsuleOperationalError: Lean theorem helper failed for CapsuleFixture.lean: info: Version 4.2.4 of elan is available! Use `elan self update` to update.
E           info: downloading https://releases.lean-lang.org/lean4/v4.32.1/lean-4.32.1-linux.tar.zst
E           
E           thread 'main' panicked at library/std/src/io/stdio.rs:1165:9:
E           failed printing to stdout: Quota exceeded (os error 122)
E           note: run with `RUST_BACKTRACE=1` environment variable to display a backtrace

/tmp/ladon-clean-gate-5ildz9cy/environment/lib/python3.11/site-packages/ladon/theorem_capsule_planning.py:197: CapsuleOperationalError
______ ERROR at setup of test_materialization_cleans_interrupted_staging _______

tmp_path = PosixPath('/tmp/pytest-of-codex/pytest-715/test_materialization_cleans_in0')

    @pytest.fixture
    def planned_repository(tmp_path: Path) -> tuple[Path, TheoremPlan]:
        root = tmp_path / "repository"
        shutil.copytree(FIXTURE, root)
        build = subprocess.run(
            ["lake", "build"],
            cwd=root,
            text=True,
            capture_output=True,
            check=False,
            timeout=120,
        )
        if build.returncode != 0:
            pytest.fail(build.stderr or build.stdout)
>       return root, plan_theorem_capsule(root, "CapsuleFixture.chosen")
                     ^^^^^^^^^^^^^^^^^^^^^^^^^^^^^^^^^^^^^^^^^^^^^^^^^^^

tests/test_theorem_capsule_materialization.py:38: 
_ _ _ _ _ _ _ _ _ _ _ _ _ _ _ _ _ _ _ _ _ _ _ _ _ _ _ _ _ _ _ _ _ _ _ _ _ _ _ _ 
/tmp/ladon-clean-gate-5ildz9cy/environment/lib/python3.11/site-packages/ladon/theorem_capsule_planning.py:86: in plan_theorem_capsule
    helper = _run_exact_helper(
_ _ _ _ _ _ _ _ _ _ _ _ _ _ _ _ _ _ _ _ _ _ _ _ _ _ _ _ _ _ _ _ _ _ _ _ _ _ _ _ 

repo_root = PosixPath('/tmp/pytest-of-codex/pytest-715/test_materialization_cleans_in0/repository')
entry = CapsuleSource(module='CapsuleFixture', path='CapsuleFixture.lean', content=b'import CapsuleFixture.Base\nimport Capsul...:= by\n  trivial\n\nend LocalContext\n\nend CapsuleFixture\n', imports=('CapsuleFixture.Base', 'CapsuleFixture.Large'))
theorem_name = 'CapsuleFixture.chosen'
layout = CapsuleLayout(root=PosixPath('/tmp/pytest-of-codex/pytest-715/test_materialization_cleans_in0/repository'), source_map...': 'CapsuleFixture/Large.lean'}, fingerprint='sha256:05a9715980f86be61dcaa12764c192a1249f24c557357c093da96a9c1e5f3dcc')

    def _run_exact_helper(
        repo_root: Path,
        entry: CapsuleSource,
        theorem_name: str,
        layout: CapsuleLayout,
        *,
        helper_path: Path,
        timeout_seconds: float,
        max_rss_bytes: int | None,
        cancel_event: threading.Event | None,
    ) -> dict[str, Any]:
        try:
            execution = prepare_direct_lean_execution(
                repo_root,
                entry.module,
                None,
                require_compiled_module=True,
            )
        except ValueError as exc:
            raise CapsuleOperationalError(str(exc)) from exc
        with tempfile.TemporaryDirectory(prefix="ladon-theorem-plan-") as temporary:
            module_file = Path(temporary) / "repository-modules.txt"
            module_file.write_text(
                "\n".join(layout.modules) + "\n",
                encoding="utf-8",
            )
            process = run_bounded_target_process(
                [
                    *execution.command,
                    "--run",
                    str(helper_path),
                    entry.module,
                    entry.path,
                    theorem_name,
                    str(module_file),
                ],
                cwd=repo_root,
                env=execution.environment,
                timeout_seconds=timeout_seconds,
                max_output_bytes=HELPER_OUTPUT_LIMIT_BYTES,
                max_rss_bytes=max_rss_bytes,
                cancel_event=cancel_event,
            )
        if process.output_limited:
            raise CapsuleOperationalError(
                "Lean theorem dependency stream exceeded the finite output limit"
            )
        if process.memory_limited:
            raise CapsuleOperationalError(
                "Lean theorem helper exceeded the finite process-tree RSS limit"
            )
        if not process.succeeded:
            outcome = "timed out" if process.timed_out else "failed"
            detail = (process.stderr or process.stdout).strip()[:2000]
>           raise CapsuleOperationalError(
                f"Lean theorem helper {outcome} for {entry.path}: {detail}"
            )
E           ladon.theorem_capsule_models.CapsuleOperationalError: Lean theorem helper failed for CapsuleFixture.lean: info: Version 4.2.4 of elan is available! Use `elan self update` to update.
E           info: downloading https://releases.lean-lang.org/lean4/v4.32.1/lean-4.32.1-linux.tar.zst
E           
E           thread 'main' panicked at library/std/src/io/stdio.rs:1165:9:
E           failed printing to stdout: Quota exceeded (os error 122)
E           note: run with `RUST_BACKTRACE=1` environment variable to display a backtrace

/tmp/ladon-clean-gate-5ildz9cy/environment/lib/python3.11/site-packages/ladon/theorem_capsule_planning.py:197: CapsuleOperationalError
__ ERROR at setup of test_replay_verifies_after_original_checkout_is_renamed ___

tmp_path = PosixPath('/tmp/pytest-of-codex/pytest-715/test_replay_verifies_after_ori0')

    @pytest.fixture
    def capsule_fixture(tmp_path: Path) -> tuple[Path, Path]:
        repository = tmp_path / "repository"
        shutil.copytree(FIXTURE, repository)
        build = subprocess.run(
            ["lake", "build"],
            cwd=repository,
            text=True,
            capture_output=True,
            check=False,
            timeout=120,
        )
        if build.returncode != 0:
            pytest.fail(build.stderr or build.stdout)
>       plan = plan_theorem_capsule(repository, "CapsuleFixture.chosen")
               ^^^^^^^^^^^^^^^^^^^^^^^^^^^^^^^^^^^^^^^^^^^^^^^^^^^^^^^^^

tests/test_theorem_capsule_replay.py:36: 
_ _ _ _ _ _ _ _ _ _ _ _ _ _ _ _ _ _ _ _ _ _ _ _ _ _ _ _ _ _ _ _ _ _ _ _ _ _ _ _ 
/tmp/ladon-clean-gate-5ildz9cy/environment/lib/python3.11/site-packages/ladon/theorem_capsule_planning.py:86: in plan_theorem_capsule
    helper = _run_exact_helper(
_ _ _ _ _ _ _ _ _ _ _ _ _ _ _ _ _ _ _ _ _ _ _ _ _ _ _ _ _ _ _ _ _ _ _ _ _ _ _ _ 

repo_root = PosixPath('/tmp/pytest-of-codex/pytest-715/test_replay_verifies_after_ori0/repository')
entry = CapsuleSource(module='CapsuleFixture', path='CapsuleFixture.lean', content=b'import CapsuleFixture.Base\nimport Capsul...:= by\n  trivial\n\nend LocalContext\n\nend CapsuleFixture\n', imports=('CapsuleFixture.Base', 'CapsuleFixture.Large'))
theorem_name = 'CapsuleFixture.chosen'
layout = CapsuleLayout(root=PosixPath('/tmp/pytest-of-codex/pytest-715/test_replay_verifies_after_ori0/repository'), source_map...': 'CapsuleFixture/Large.lean'}, fingerprint='sha256:05a9715980f86be61dcaa12764c192a1249f24c557357c093da96a9c1e5f3dcc')

    def _run_exact_helper(
        repo_root: Path,
        entry: CapsuleSource,
        theorem_name: str,
        layout: CapsuleLayout,
        *,
        helper_path: Path,
        timeout_seconds: float,
        max_rss_bytes: int | None,
        cancel_event: threading.Event | None,
    ) -> dict[str, Any]:
        try:
            execution = prepare_direct_lean_execution(
                repo_root,
                entry.module,
                None,
                require_compiled_module=True,
            )
        except ValueError as exc:
            raise CapsuleOperationalError(str(exc)) from exc
        with tempfile.TemporaryDirectory(prefix="ladon-theorem-plan-") as temporary:
            module_file = Path(temporary) / "repository-modules.txt"
            module_file.write_text(
                "\n".join(layout.modules) + "\n",
                encoding="utf-8",
            )
            process = run_bounded_target_process(
                [
                    *execution.command,
                    "--run",
                    str(helper_path),
                    entry.module,
                    entry.path,
                    theorem_name,
                    str(module_file),
                ],
                cwd=repo_root,
                env=execution.environment,
                timeout_seconds=timeout_seconds,
                max_output_bytes=HELPER_OUTPUT_LIMIT_BYTES,
                max_rss_bytes=max_rss_bytes,
                cancel_event=cancel_event,
            )
        if process.output_limited:
            raise CapsuleOperationalError(
                "Lean theorem dependency stream exceeded the finite output limit"
            )
        if process.memory_limited:
            raise CapsuleOperationalError(
                "Lean theorem helper exceeded the finite process-tree RSS limit"
            )
        if not process.succeeded:
            outcome = "timed out" if process.timed_out else "failed"
            detail = (process.stderr or process.stdout).strip()[:2000]
>           raise CapsuleOperationalError(
                f"Lean theorem helper {outcome} for {entry.path}: {detail}"
            )
E           ladon.theorem_capsule_models.CapsuleOperationalError: Lean theorem helper failed for CapsuleFixture.lean: info: Version 4.2.4 of elan is available! Use `elan self update` to update.
E           info: downloading https://releases.lean-lang.org/lean4/v4.32.1/lean-4.32.1-linux.tar.zst
E           
E           thread 'main' panicked at library/std/src/io/stdio.rs:1165:9:
E           failed printing to stdout: Quota exceeded (os error 122)
E           note: run with `RUST_BACKTRACE=1` environment variable to display a backtrace

/tmp/ladon-clean-gate-5ildz9cy/environment/lib/python3.11/site-packages/ladon/theorem_capsule_planning.py:197: CapsuleOperationalError
______ ERROR at setup of test_replay_rejects_mutated_content_before_lean _______

tmp_path = PosixPath('/tmp/pytest-of-codex/pytest-715/test_replay_rejects_mutated_co0')

    @pytest.fixture
    def capsule_fixture(tmp_path: Path) -> tuple[Path, Path]:
        repository = tmp_path / "repository"
        shutil.copytree(FIXTURE, repository)
        build = subprocess.run(
            ["lake", "build"],
            cwd=repository,
            text=True,
            capture_output=True,
            check=False,
            timeout=120,
        )
        if build.returncode != 0:
            pytest.fail(build.stderr or build.stdout)
>       plan = plan_theorem_capsule(repository, "CapsuleFixture.chosen")
               ^^^^^^^^^^^^^^^^^^^^^^^^^^^^^^^^^^^^^^^^^^^^^^^^^^^^^^^^^

tests/test_theorem_capsule_replay.py:36: 
_ _ _ _ _ _ _ _ _ _ _ _ _ _ _ _ _ _ _ _ _ _ _ _ _ _ _ _ _ _ _ _ _ _ _ _ _ _ _ _ 
/tmp/ladon-clean-gate-5ildz9cy/environment/lib/python3.11/site-packages/ladon/theorem_capsule_planning.py:86: in plan_theorem_capsule
    helper = _run_exact_helper(
_ _ _ _ _ _ _ _ _ _ _ _ _ _ _ _ _ _ _ _ _ _ _ _ _ _ _ _ _ _ _ _ _ _ _ _ _ _ _ _ 

repo_root = PosixPath('/tmp/pytest-of-codex/pytest-715/test_replay_rejects_mutated_co0/repository')
entry = CapsuleSource(module='CapsuleFixture', path='CapsuleFixture.lean', content=b'import CapsuleFixture.Base\nimport Capsul...:= by\n  trivial\n\nend LocalContext\n\nend CapsuleFixture\n', imports=('CapsuleFixture.Base', 'CapsuleFixture.Large'))
theorem_name = 'CapsuleFixture.chosen'
layout = CapsuleLayout(root=PosixPath('/tmp/pytest-of-codex/pytest-715/test_replay_rejects_mutated_co0/repository'), source_map...': 'CapsuleFixture/Large.lean'}, fingerprint='sha256:05a9715980f86be61dcaa12764c192a1249f24c557357c093da96a9c1e5f3dcc')

    def _run_exact_helper(
        repo_root: Path,
        entry: CapsuleSource,
        theorem_name: str,
        layout: CapsuleLayout,
        *,
        helper_path: Path,
        timeout_seconds: float,
        max_rss_bytes: int | None,
        cancel_event: threading.Event | None,
    ) -> dict[str, Any]:
        try:
            execution = prepare_direct_lean_execution(
                repo_root,
                entry.module,
                None,
                require_compiled_module=True,
            )
        except ValueError as exc:
            raise CapsuleOperationalError(str(exc)) from exc
        with tempfile.TemporaryDirectory(prefix="ladon-theorem-plan-") as temporary:
            module_file = Path(temporary) / "repository-modules.txt"
            module_file.write_text(
                "\n".join(layout.modules) + "\n",
                encoding="utf-8",
            )
            process = run_bounded_target_process(
                [
                    *execution.command,
                    "--run",
                    str(helper_path),
                    entry.module,
                    entry.path,
                    theorem_name,
                    str(module_file),
                ],
                cwd=repo_root,
                env=execution.environment,
                timeout_seconds=timeout_seconds,
                max_output_bytes=HELPER_OUTPUT_LIMIT_BYTES,
                max_rss_bytes=max_rss_bytes,
                cancel_event=cancel_event,
            )
        if process.output_limited:
            raise CapsuleOperationalError(
                "Lean theorem dependency stream exceeded the finite output limit"
            )
        if process.memory_limited:
            raise CapsuleOperationalError(
                "Lean theorem helper exceeded the finite process-tree RSS limit"
            )
        if not process.succeeded:
            outcome = "timed out" if process.timed_out else "failed"
            detail = (process.stderr or process.stdout).strip()[:2000]
>           raise CapsuleOperationalError(
                f"Lean theorem helper {outcome} for {entry.path}: {detail}"
            )
E           ladon.theorem_capsule_models.CapsuleOperationalError: Lean theorem helper failed for CapsuleFixture.lean: info: Version 4.2.4 of elan is available! Use `elan self update` to update.
E           info: downloading https://releases.lean-lang.org/lean4/v4.32.1/lean-4.32.1-linux.tar.zst
E           
E           thread 'main' panicked at library/std/src/io/stdio.rs:1165:9:
E           failed printing to stdout: Quota exceeded (os error 122)
E           note: run with `RUST_BACKTRACE=1` environment variable to display a backtrace

/tmp/ladon-clean-gate-5ildz9cy/environment/lib/python3.11/site-packages/ladon/theorem_capsule_planning.py:197: CapsuleOperationalError
____________ ERROR at setup of test_replay_rejects_undeclared_file _____________

tmp_path = PosixPath('/tmp/pytest-of-codex/pytest-715/test_replay_rejects_undeclared0')

    @pytest.fixture
    def capsule_fixture(tmp_path: Path) -> tuple[Path, Path]:
        repository = tmp_path / "repository"
        shutil.copytree(FIXTURE, repository)
        build = subprocess.run(
            ["lake", "build"],
            cwd=repository,
            text=True,
            capture_output=True,
            check=False,
            timeout=120,
        )
        if build.returncode != 0:
            pytest.fail(build.stderr or build.stdout)
>       plan = plan_theorem_capsule(repository, "CapsuleFixture.chosen")
               ^^^^^^^^^^^^^^^^^^^^^^^^^^^^^^^^^^^^^^^^^^^^^^^^^^^^^^^^^

tests/test_theorem_capsule_replay.py:36: 
_ _ _ _ _ _ _ _ _ _ _ _ _ _ _ _ _ _ _ _ _ _ _ _ _ _ _ _ _ _ _ _ _ _ _ _ _ _ _ _ 
/tmp/ladon-clean-gate-5ildz9cy/environment/lib/python3.11/site-packages/ladon/theorem_capsule_planning.py:86: in plan_theorem_capsule
    helper = _run_exact_helper(
_ _ _ _ _ _ _ _ _ _ _ _ _ _ _ _ _ _ _ _ _ _ _ _ _ _ _ _ _ _ _ _ _ _ _ _ _ _ _ _ 

repo_root = PosixPath('/tmp/pytest-of-codex/pytest-715/test_replay_rejects_undeclared0/repository')
entry = CapsuleSource(module='CapsuleFixture', path='CapsuleFixture.lean', content=b'import CapsuleFixture.Base\nimport Capsul...:= by\n  trivial\n\nend LocalContext\n\nend CapsuleFixture\n', imports=('CapsuleFixture.Base', 'CapsuleFixture.Large'))
theorem_name = 'CapsuleFixture.chosen'
layout = CapsuleLayout(root=PosixPath('/tmp/pytest-of-codex/pytest-715/test_replay_rejects_undeclared0/repository'), source_map...': 'CapsuleFixture/Large.lean'}, fingerprint='sha256:05a9715980f86be61dcaa12764c192a1249f24c557357c093da96a9c1e5f3dcc')

    def _run_exact_helper(
        repo_root: Path,
        entry: CapsuleSource,
        theorem_name: str,
        layout: CapsuleLayout,
        *,
        helper_path: Path,
        timeout_seconds: float,
        max_rss_bytes: int | None,
        cancel_event: threading.Event | None,
    ) -> dict[str, Any]:
        try:
            execution = prepare_direct_lean_execution(
                repo_root,
                entry.module,
                None,
                require_compiled_module=True,
            )
        except ValueError as exc:
            raise CapsuleOperationalError(str(exc)) from exc
        with tempfile.TemporaryDirectory(prefix="ladon-theorem-plan-") as temporary:
            module_file = Path(temporary) / "repository-modules.txt"
            module_file.write_text(
                "\n".join(layout.modules) + "\n",
                encoding="utf-8",
            )
            process = run_bounded_target_process(
                [
                    *execution.command,
                    "--run",
                    str(helper_path),
                    entry.module,
                    entry.path,
                    theorem_name,
                    str(module_file),
                ],
                cwd=repo_root,
                env=execution.environment,
                timeout_seconds=timeout_seconds,
                max_output_bytes=HELPER_OUTPUT_LIMIT_BYTES,
                max_rss_bytes=max_rss_bytes,
                cancel_event=cancel_event,
            )
        if process.output_limited:
            raise CapsuleOperationalError(
                "Lean theorem dependency stream exceeded the finite output limit"
            )
        if process.memory_limited:
            raise CapsuleOperationalError(
                "Lean theorem helper exceeded the finite process-tree RSS limit"
            )
        if not process.succeeded:
            outcome = "timed out" if process.timed_out else "failed"
            detail = (process.stderr or process.stdout).strip()[:2000]
>           raise CapsuleOperationalError(
                f"Lean theorem helper {outcome} for {entry.path}: {detail}"
            )
E           ladon.theorem_capsule_models.CapsuleOperationalError: Lean theorem helper failed for CapsuleFixture.lean: info: Version 4.2.4 of elan is available! Use `elan self update` to update.
E           info: downloading https://releases.lean-lang.org/lean4/v4.32.1/lean-4.32.1-linux.tar.zst
E           
E           thread 'main' panicked at library/std/src/io/stdio.rs:1165:9:
E           failed printing to stdout: Quota exceeded (os error 122)
E           note: run with `RUST_BACKTRACE=1` environment variable to display a backtrace

/tmp/ladon-clean-gate-5ildz9cy/environment/lib/python3.11/site-packages/ladon/theorem_capsule_planning.py:197: CapsuleOperationalError
_____ ERROR at setup of test_replay_rejects_undeclared_symlink_before_lean _____

tmp_path = PosixPath('/tmp/pytest-of-codex/pytest-715/test_replay_rejects_undeclared1')

    @pytest.fixture
    def capsule_fixture(tmp_path: Path) -> tuple[Path, Path]:
        repository = tmp_path / "repository"
        shutil.copytree(FIXTURE, repository)
        build = subprocess.run(
            ["lake", "build"],
            cwd=repository,
            text=True,
            capture_output=True,
            check=False,
            timeout=120,
        )
        if build.returncode != 0:
            pytest.fail(build.stderr or build.stdout)
>       plan = plan_theorem_capsule(repository, "CapsuleFixture.chosen")
               ^^^^^^^^^^^^^^^^^^^^^^^^^^^^^^^^^^^^^^^^^^^^^^^^^^^^^^^^^

tests/test_theorem_capsule_replay.py:36: 
_ _ _ _ _ _ _ _ _ _ _ _ _ _ _ _ _ _ _ _ _ _ _ _ _ _ _ _ _ _ _ _ _ _ _ _ _ _ _ _ 
/tmp/ladon-clean-gate-5ildz9cy/environment/lib/python3.11/site-packages/ladon/theorem_capsule_planning.py:86: in plan_theorem_capsule
    helper = _run_exact_helper(
_ _ _ _ _ _ _ _ _ _ _ _ _ _ _ _ _ _ _ _ _ _ _ _ _ _ _ _ _ _ _ _ _ _ _ _ _ _ _ _ 

repo_root = PosixPath('/tmp/pytest-of-codex/pytest-715/test_replay_rejects_undeclared1/repository')
entry = CapsuleSource(module='CapsuleFixture', path='CapsuleFixture.lean', content=b'import CapsuleFixture.Base\nimport Capsul...:= by\n  trivial\n\nend LocalContext\n\nend CapsuleFixture\n', imports=('CapsuleFixture.Base', 'CapsuleFixture.Large'))
theorem_name = 'CapsuleFixture.chosen'
layout = CapsuleLayout(root=PosixPath('/tmp/pytest-of-codex/pytest-715/test_replay_rejects_undeclared1/repository'), source_map...': 'CapsuleFixture/Large.lean'}, fingerprint='sha256:05a9715980f86be61dcaa12764c192a1249f24c557357c093da96a9c1e5f3dcc')

    def _run_exact_helper(
        repo_root: Path,
        entry: CapsuleSource,
        theorem_name: str,
        layout: CapsuleLayout,
        *,
        helper_path: Path,
        timeout_seconds: float,
        max_rss_bytes: int | None,
        cancel_event: threading.Event | None,
    ) -> dict[str, Any]:
        try:
            execution = prepare_direct_lean_execution(
                repo_root,
                entry.module,
                None,
                require_compiled_module=True,
            )
        except ValueError as exc:
            raise CapsuleOperationalError(str(exc)) from exc
        with tempfile.TemporaryDirectory(prefix="ladon-theorem-plan-") as temporary:
            module_file = Path(temporary) / "repository-modules.txt"
            module_file.write_text(
                "\n".join(layout.modules) + "\n",
                encoding="utf-8",
            )
            process = run_bounded_target_process(
                [
                    *execution.command,
                    "--run",
                    str(helper_path),
                    entry.module,
                    entry.path,
                    theorem_name,
                    str(module_file),
                ],
                cwd=repo_root,
                env=execution.environment,
                timeout_seconds=timeout_seconds,
                max_output_bytes=HELPER_OUTPUT_LIMIT_BYTES,
                max_rss_bytes=max_rss_bytes,
                cancel_event=cancel_event,
            )
        if process.output_limited:
            raise CapsuleOperationalError(
                "Lean theorem dependency stream exceeded the finite output limit"
            )
        if process.memory_limited:
            raise CapsuleOperationalError(
                "Lean theorem helper exceeded the finite process-tree RSS limit"
            )
        if not process.succeeded:
            outcome = "timed out" if process.timed_out else "failed"
            detail = (process.stderr or process.stdout).strip()[:2000]
>           raise CapsuleOperationalError(
                f"Lean theorem helper {outcome} for {entry.path}: {detail}"
            )
E           ladon.theorem_capsule_models.CapsuleOperationalError: Lean theorem helper failed for CapsuleFixture.lean: info: Version 4.2.4 of elan is available! Use `elan self update` to update.
E           info: downloading https://releases.lean-lang.org/lean4/v4.32.1/lean-4.32.1-linux.tar.zst
E           
E           thread 'main' panicked at library/std/src/io/stdio.rs:1165:9:
E           failed printing to stdout: Quota exceeded (os error 122)
E           note: run with `RUST_BACKTRACE=1` environment variable to display a backtrace

/tmp/ladon-clean-gate-5ildz9cy/environment/lib/python3.11/site-packages/ladon/theorem_capsule_planning.py:197: CapsuleOperationalError
_ ERROR at setup of test_replay_rejects_resigned_toolchain_drift_against_plan __

tmp_path = PosixPath('/tmp/pytest-of-codex/pytest-715/test_replay_rejects_resigned_t0')

    @pytest.fixture
    def capsule_fixture(tmp_path: Path) -> tuple[Path, Path]:
        repository = tmp_path / "repository"
        shutil.copytree(FIXTURE, repository)
        build = subprocess.run(
            ["lake", "build"],
            cwd=repository,
            text=True,
            capture_output=True,
            check=False,
            timeout=120,
        )
        if build.returncode != 0:
            pytest.fail(build.stderr or build.stdout)
>       plan = plan_theorem_capsule(repository, "CapsuleFixture.chosen")
               ^^^^^^^^^^^^^^^^^^^^^^^^^^^^^^^^^^^^^^^^^^^^^^^^^^^^^^^^^

tests/test_theorem_capsule_replay.py:36: 
_ _ _ _ _ _ _ _ _ _ _ _ _ _ _ _ _ _ _ _ _ _ _ _ _ _ _ _ _ _ _ _ _ _ _ _ _ _ _ _ 
/tmp/ladon-clean-gate-5ildz9cy/environment/lib/python3.11/site-packages/ladon/theorem_capsule_planning.py:86: in plan_theorem_capsule
    helper = _run_exact_helper(
_ _ _ _ _ _ _ _ _ _ _ _ _ _ _ _ _ _ _ _ _ _ _ _ _ _ _ _ _ _ _ _ _ _ _ _ _ _ _ _ 

repo_root = PosixPath('/tmp/pytest-of-codex/pytest-715/test_replay_rejects_resigned_t0/repository')
entry = CapsuleSource(module='CapsuleFixture', path='CapsuleFixture.lean', content=b'import CapsuleFixture.Base\nimport Capsul...:= by\n  trivial\n\nend LocalContext\n\nend CapsuleFixture\n', imports=('CapsuleFixture.Base', 'CapsuleFixture.Large'))
theorem_name = 'CapsuleFixture.chosen'
layout = CapsuleLayout(root=PosixPath('/tmp/pytest-of-codex/pytest-715/test_replay_rejects_resigned_t0/repository'), source_map...': 'CapsuleFixture/Large.lean'}, fingerprint='sha256:05a9715980f86be61dcaa12764c192a1249f24c557357c093da96a9c1e5f3dcc')

    def _run_exact_helper(
        repo_root: Path,
        entry: CapsuleSource,
        theorem_name: str,
        layout: CapsuleLayout,
        *,
        helper_path: Path,
        timeout_seconds: float,
        max_rss_bytes: int | None,
        cancel_event: threading.Event | None,
    ) -> dict[str, Any]:
        try:
            execution = prepare_direct_lean_execution(
                repo_root,
                entry.module,
                None,
                require_compiled_module=True,
            )
        except ValueError as exc:
            raise CapsuleOperationalError(str(exc)) from exc
        with tempfile.TemporaryDirectory(prefix="ladon-theorem-plan-") as temporary:
            module_file = Path(temporary) / "repository-modules.txt"
            module_file.write_text(
                "\n".join(layout.modules) + "\n",
                encoding="utf-8",
            )
            process = run_bounded_target_process(
                [
                    *execution.command,
                    "--run",
                    str(helper_path),
                    entry.module,
                    entry.path,
                    theorem_name,
                    str(module_file),
                ],
                cwd=repo_root,
                env=execution.environment,
                timeout_seconds=timeout_seconds,
                max_output_bytes=HELPER_OUTPUT_LIMIT_BYTES,
                max_rss_bytes=max_rss_bytes,
                cancel_event=cancel_event,
            )
        if process.output_limited:
            raise CapsuleOperationalError(
                "Lean theorem dependency stream exceeded the finite output limit"
            )
        if process.memory_limited:
            raise CapsuleOperationalError(
                "Lean theorem helper exceeded the finite process-tree RSS limit"
            )
        if not process.succeeded:
            outcome = "timed out" if process.timed_out else "failed"
            detail = (process.stderr or process.stdout).strip()[:2000]
>           raise CapsuleOperationalError(
                f"Lean theorem helper {outcome} for {entry.path}: {detail}"
            )
E           ladon.theorem_capsule_models.CapsuleOperationalError: Lean theorem helper failed for CapsuleFixture.lean: info: Version 4.2.4 of elan is available! Use `elan self update` to update.
E           info: downloading https://releases.lean-lang.org/lean4/v4.32.1/lean-4.32.1-linux.tar.zst
E           
E           thread 'main' panicked at library/std/src/io/stdio.rs:1165:9:
E           failed printing to stdout: Quota exceeded (os error 122)
E           note: run with `RUST_BACKTRACE=1` environment variable to display a backtrace

/tmp/ladon-clean-gate-5ildz9cy/environment/lib/python3.11/site-packages/ladon/theorem_capsule_planning.py:197: CapsuleOperationalError
_______ ERROR at setup of test_replay_detects_structural_identity_change _______

tmp_path = PosixPath('/tmp/pytest-of-codex/pytest-715/test_replay_detects_structural0')

    @pytest.fixture
    def capsule_fixture(tmp_path: Path) -> tuple[Path, Path]:
        repository = tmp_path / "repository"
        shutil.copytree(FIXTURE, repository)
        build = subprocess.run(
            ["lake", "build"],
            cwd=repository,
            text=True,
            capture_output=True,
            check=False,
            timeout=120,
        )
        if build.returncode != 0:
            pytest.fail(build.stderr or build.stdout)
>       plan = plan_theorem_capsule(repository, "CapsuleFixture.chosen")
               ^^^^^^^^^^^^^^^^^^^^^^^^^^^^^^^^^^^^^^^^^^^^^^^^^^^^^^^^^

tests/test_theorem_capsule_replay.py:36: 
_ _ _ _ _ _ _ _ _ _ _ _ _ _ _ _ _ _ _ _ _ _ _ _ _ _ _ _ _ _ _ _ _ _ _ _ _ _ _ _ 
/tmp/ladon-clean-gate-5ildz9cy/environment/lib/python3.11/site-packages/ladon/theorem_capsule_planning.py:86: in plan_theorem_capsule
    helper = _run_exact_helper(
_ _ _ _ _ _ _ _ _ _ _ _ _ _ _ _ _ _ _ _ _ _ _ _ _ _ _ _ _ _ _ _ _ _ _ _ _ _ _ _ 

repo_root = PosixPath('/tmp/pytest-of-codex/pytest-715/test_replay_detects_structural0/repository')
entry = CapsuleSource(module='CapsuleFixture', path='CapsuleFixture.lean', content=b'import CapsuleFixture.Base\nimport Capsul...:= by\n  trivial\n\nend LocalContext\n\nend CapsuleFixture\n', imports=('CapsuleFixture.Base', 'CapsuleFixture.Large'))
theorem_name = 'CapsuleFixture.chosen'
layout = CapsuleLayout(root=PosixPath('/tmp/pytest-of-codex/pytest-715/test_replay_detects_structural0/repository'), source_map...': 'CapsuleFixture/Large.lean'}, fingerprint='sha256:05a9715980f86be61dcaa12764c192a1249f24c557357c093da96a9c1e5f3dcc')

    def _run_exact_helper(
        repo_root: Path,
        entry: CapsuleSource,
        theorem_name: str,
        layout: CapsuleLayout,
        *,
        helper_path: Path,
        timeout_seconds: float,
        max_rss_bytes: int | None,
        cancel_event: threading.Event | None,
    ) -> dict[str, Any]:
        try:
            execution = prepare_direct_lean_execution(
                repo_root,
                entry.module,
                None,
                require_compiled_module=True,
            )
        except ValueError as exc:
            raise CapsuleOperationalError(str(exc)) from exc
        with tempfile.TemporaryDirectory(prefix="ladon-theorem-plan-") as temporary:
            module_file = Path(temporary) / "repository-modules.txt"
            module_file.write_text(
                "\n".join(layout.modules) + "\n",
                encoding="utf-8",
            )
            process = run_bounded_target_process(
                [
                    *execution.command,
                    "--run",
                    str(helper_path),
                    entry.module,
                    entry.path,
                    theorem_name,
                    str(module_file),
                ],
                cwd=repo_root,
                env=execution.environment,
                timeout_seconds=timeout_seconds,
                max_output_bytes=HELPER_OUTPUT_LIMIT_BYTES,
                max_rss_bytes=max_rss_bytes,
                cancel_event=cancel_event,
            )
        if process.output_limited:
            raise CapsuleOperationalError(
                "Lean theorem dependency stream exceeded the finite output limit"
            )
        if process.memory_limited:
            raise CapsuleOperationalError(
                "Lean theorem helper exceeded the finite process-tree RSS limit"
            )
        if not process.succeeded:
            outcome = "timed out" if process.timed_out else "failed"
            detail = (process.stderr or process.stdout).strip()[:2000]
>           raise CapsuleOperationalError(
                f"Lean theorem helper {outcome} for {entry.path}: {detail}"
            )
E           ladon.theorem_capsule_models.CapsuleOperationalError: Lean theorem helper failed for CapsuleFixture.lean: info: Version 4.2.4 of elan is available! Use `elan self update` to update.
E           info: downloading https://releases.lean-lang.org/lean4/v4.32.1/lean-4.32.1-linux.tar.zst
E           
E           thread 'main' panicked at library/std/src/io/stdio.rs:1165:9:
E           failed printing to stdout: Quota exceeded (os error 122)
E           note: run with `RUST_BACKTRACE=1` environment variable to display a backtrace

/tmp/ladon-clean-gate-5ildz9cy/environment/lib/python3.11/site-packages/ladon/theorem_capsule_planning.py:197: CapsuleOperationalError
__ ERROR at setup of test_replay_classifies_process_timeout_as_resource_limit __

tmp_path = PosixPath('/tmp/pytest-of-codex/pytest-715/test_replay_classifies_process0')

    @pytest.fixture
    def capsule_fixture(tmp_path: Path) -> tuple[Path, Path]:
        repository = tmp_path / "repository"
        shutil.copytree(FIXTURE, repository)
        build = subprocess.run(
            ["lake", "build"],
            cwd=repository,
            text=True,
            capture_output=True,
            check=False,
            timeout=120,
        )
        if build.returncode != 0:
            pytest.fail(build.stderr or build.stdout)
>       plan = plan_theorem_capsule(repository, "CapsuleFixture.chosen")
               ^^^^^^^^^^^^^^^^^^^^^^^^^^^^^^^^^^^^^^^^^^^^^^^^^^^^^^^^^

tests/test_theorem_capsule_replay.py:36: 
_ _ _ _ _ _ _ _ _ _ _ _ _ _ _ _ _ _ _ _ _ _ _ _ _ _ _ _ _ _ _ _ _ _ _ _ _ _ _ _ 
/tmp/ladon-clean-gate-5ildz9cy/environment/lib/python3.11/site-packages/ladon/theorem_capsule_planning.py:86: in plan_theorem_capsule
    helper = _run_exact_helper(
_ _ _ _ _ _ _ _ _ _ _ _ _ _ _ _ _ _ _ _ _ _ _ _ _ _ _ _ _ _ _ _ _ _ _ _ _ _ _ _ 

repo_root = PosixPath('/tmp/pytest-of-codex/pytest-715/test_replay_classifies_process0/repository')
entry = CapsuleSource(module='CapsuleFixture', path='CapsuleFixture.lean', content=b'import CapsuleFixture.Base\nimport Capsul...:= by\n  trivial\n\nend LocalContext\n\nend CapsuleFixture\n', imports=('CapsuleFixture.Base', 'CapsuleFixture.Large'))
theorem_name = 'CapsuleFixture.chosen'
layout = CapsuleLayout(root=PosixPath('/tmp/pytest-of-codex/pytest-715/test_replay_classifies_process0/repository'), source_map...': 'CapsuleFixture/Large.lean'}, fingerprint='sha256:05a9715980f86be61dcaa12764c192a1249f24c557357c093da96a9c1e5f3dcc')

    def _run_exact_helper(
        repo_root: Path,
        entry: CapsuleSource,
        theorem_name: str,
        layout: CapsuleLayout,
        *,
        helper_path: Path,
        timeout_seconds: float,
        max_rss_bytes: int | None,
        cancel_event: threading.Event | None,
    ) -> dict[str, Any]:
        try:
            execution = prepare_direct_lean_execution(
                repo_root,
                entry.module,
                None,
                require_compiled_module=True,
            )
        except ValueError as exc:
            raise CapsuleOperationalError(str(exc)) from exc
        with tempfile.TemporaryDirectory(prefix="ladon-theorem-plan-") as temporary:
            module_file = Path(temporary) / "repository-modules.txt"
            module_file.write_text(
                "\n".join(layout.modules) + "\n",
                encoding="utf-8",
            )
            process = run_bounded_target_process(
                [
                    *execution.command,
                    "--run",
                    str(helper_path),
                    entry.module,
                    entry.path,
                    theorem_name,
                    str(module_file),
                ],
                cwd=repo_root,
                env=execution.environment,
                timeout_seconds=timeout_seconds,
                max_output_bytes=HELPER_OUTPUT_LIMIT_BYTES,
                max_rss_bytes=max_rss_bytes,
                cancel_event=cancel_event,
            )
        if process.output_limited:
            raise CapsuleOperationalError(
                "Lean theorem dependency stream exceeded the finite output limit"
            )
        if process.memory_limited:
            raise CapsuleOperationalError(
                "Lean theorem helper exceeded the finite process-tree RSS limit"
            )
        if not process.succeeded:
            outcome = "timed out" if process.timed_out else "failed"
            detail = (process.stderr or process.stdout).strip()[:2000]
>           raise CapsuleOperationalError(
                f"Lean theorem helper {outcome} for {entry.path}: {detail}"
            )
E           ladon.theorem_capsule_models.CapsuleOperationalError: Lean theorem helper failed for CapsuleFixture.lean: info: Version 4.2.4 of elan is available! Use `elan self update` to update.
E           info: downloading https://releases.lean-lang.org/lean4/v4.32.1/lean-4.32.1-linux.tar.zst
E           
E           thread 'main' panicked at library/std/src/io/stdio.rs:1165:9:
E           failed printing to stdout: Quota exceeded (os error 122)
E           note: run with `RUST_BACKTRACE=1` environment variable to display a backtrace

/tmp/ladon-clean-gate-5ildz9cy/environment/lib/python3.11/site-packages/ladon/theorem_capsule_planning.py:197: CapsuleOperationalError
=================================== FAILURES ===================================
___________ test_real_helper_supplies_exact_check_and_axiom_results ____________

tmp_path = PosixPath('/tmp/pytest-of-codex/pytest-715/test_real_helper_supplies_exac0')

    @pytest.mark.skipif(shutil.which("lake") is None, reason="lake is unavailable")
    def test_real_helper_supplies_exact_check_and_axiom_results(
        tmp_path: Path,
    ) -> None:
        fixture = built_real_fixture(tmp_path)
        source_path = fixture / "LadonDeclarationFixture.lean"
>       payload = run_elaborated_helper(
            fixture,
            source_path,
            "LadonDeclarationFixture",
        )

tests/test_audit_enrichment.py:137: 
_ _ _ _ _ _ _ _ _ _ _ _ _ _ _ _ _ _ _ _ _ _ _ _ _ _ _ _ _ _ _ _ _ _ _ _ _ _ _ _ 

repo_root = PosixPath('/tmp/pytest-of-codex/pytest-715/test_real_helper_supplies_exac0/lean_declarations')
file_path = PosixPath('/tmp/pytest-of-codex/pytest-715/test_real_helper_supplies_exac0/lean_declarations/LadonDeclarationFixture.lean')
module = 'LadonDeclarationFixture'

    def run_elaborated_helper(
        repo_root: Path,
        file_path: Path,
        module: str,
        *,
        helper_path: Path = DEFAULT_ELABORATED_HELPER,
        timeout_seconds: float = 120.0,
        cancel_event: threading.Event | None = None,
    ) -> dict[str, Any]:
        """Run the elaborated helper and parse its JSON suffix."""
    
        relative = str(file_path.relative_to(repo_root))
        execution = prepare_direct_lean_execution(
            repo_root,
            module,
            None,
            require_compiled_module=True,
        )
        process = run_target_process(
            [
                *execution.command,
                "--run",
                str(helper_path),
                module,
                relative,
            ],
            cwd=repo_root,
            env=execution.environment,
            timeout_seconds=timeout_seconds,
            cancel_event=cancel_event,
        )
        if not process.succeeded:
            details = (process.stderr or process.stdout).strip()
            outcome = "timed out" if process.timed_out else "failed"
>           raise RuntimeError(
                f"Lean elaborated helper {outcome} for {relative}: {details}"
            )
E           RuntimeError: Lean elaborated helper failed for LadonDeclarationFixture.lean: info: Version 4.2.4 of elan is available! Use `elan self update` to update.
E           info: downloading https://releases.lean-lang.org/lean4/v4.32.1/lean-4.32.1-linux.tar.zst
E           info: installing /tmp/ladon-clean-gate-5ildz9cy/home/.elan/toolchains/leanprover--lean4---v4.32.1
E           error: failed to extract package
E           info: caused by: failed to unpack `lean-4.32.1-linux/lib/lean/Lean/Meta/Tactic/Simp/Arith/Nat/Basic.olean.private` into `/tmp/ladon-clean-gate-5ildz9cy/home/.elan/toolchains/leanprover--lean4---v4.32.tmp/lib/lean/Lean/Meta/Tactic/Simp/Arith/Nat/Basic.olean.private`
E           info: caused by: Quota exceeded (os error 122)

/tmp/ladon-clean-gate-5ildz9cy/environment/lib/python3.11/site-packages/ladon/elaborated_extraction.py:183: RuntimeError
_____ test_console_discovers_and_checks_imported_lemma[repository-stored] ______

tmp_path = PosixPath('/tmp/pytest-of-codex/pytest-715/test_console_discovers_and_che0')
scope = 'repository', freshness = 'stored'

    @pytest.mark.skipif(shutil.which("lake") is None, reason="Lean toolchain unavailable")
    @pytest.mark.parametrize(("scope", "freshness"), [("repository", "stored"), ("module", "verify")])
    def test_console_discovers_and_checks_imported_lemma(
        tmp_path: Path, scope: str, freshness: str,
    ) -> None:
        repository = tmp_path / "repo"
        repository.mkdir()
        fixture = Path(__file__).parent / "fixtures" / "lean_integration"
        shutil.copyfile(fixture / "lean-toolchain", repository / "lean-toolchain")
        (repository / "lakefile.toml").write_text(
            'name = "discovery_scope"\nversion = "0.1.0"\n'
            'defaultTargets = ["Main"]\n[[lean_lib]]\nname = "Main"\n'
            '[[lean_lib]]\nname = "Helpers"\n',
            encoding="utf-8",
        )
        (repository / "Helpers.lean").write_text(
            "namespace Helpers\ntheorem useful : True := True.intro\nend Helpers\n",
            encoding="utf-8",
        )
        (repository / "Main.lean").write_text(
            "import Helpers\nnamespace Main\ntheorem localFact : True := True.intro\nend Main\n",
            encoding="utf-8",
        )
        _run(["lake", "build"], repository)
        console = os.environ.get("LADON_CONSOLE", str(Path(sys.executable).with_name("ladon")))
        common = ["--repo-root", str(repository), "--format", "json"]
        _run([console, "proof-search", "index", "build", *common], tmp_path)
        command = [
            console, "proof-search", "discover", *common,
            "--module", "Main", "--goal", "True", "--pattern", "True",
            "--scope", scope, "--freshness", freshness,
            "--max-candidates", "1", "--scratch-mode", "advisory", "--projection", "audit",
        ]
        if scope == "module":
            command.extend(["--root", "Helpers"])
    
>       result = json.loads(_run(command, tmp_path).stdout)
                            ^^^^^^^^^^^^^^^^^^^^^^^

tests/test_discovery_scope_lean_integration.py:57: 
_ _ _ _ _ _ _ _ _ _ _ _ _ _ _ _ _ _ _ _ _ _ _ _ _ _ _ _ _ _ _ _ _ _ _ _ _ _ _ _ 

command = ['/tmp/ladon-clean-gate-5ildz9cy/environment/bin/ladon', 'proof-search', 'discover', '--repo-root', '/tmp/pytest-of-codex/pytest-715/test_console_discovers_and_che0/repo', '--format', ...]
cwd = PosixPath('/tmp/pytest-of-codex/pytest-715/test_console_discovers_and_che0')

    def _run(command: list[str], cwd: Path) -> subprocess.CompletedProcess[str]:
        completed = subprocess.run(
            command, cwd=cwd, text=True, capture_output=True, timeout=120, check=False,
        )
>       assert completed.returncode == 0, completed.stdout + completed.stderr
E       AssertionError: {"diagnostic":{"code":"toolchain-unavailable","message":"cannot inspect lake version: timed out","remediation":"Run 'ladon doctor --json' and correct the reported Lean/Lake posture."},"exitClass":"operational","exitCode":1,"operation":"discover","schema":"ladon-proof-search-terminal-v1","status":"failed"}
E         
E       assert 1 == 0
E        +  where 1 = CompletedProcess(args=['/tmp/ladon-clean-gate-5ildz9cy/environment/bin/ladon', 'proof-search', 'discover', '--repo-roo...ass":"operational","exitCode":1,"operation":"discover","schema":"ladon-proof-search-terminal-v1","status":"failed"}\n').returncode

tests/test_discovery_scope_lean_integration.py:17: AssertionError
_______ test_console_discovers_and_checks_imported_lemma[module-verify] ________

tmp_path = PosixPath('/tmp/pytest-of-codex/pytest-715/test_console_discovers_and_che1')
scope = 'module', freshness = 'verify'

    @pytest.mark.skipif(shutil.which("lake") is None, reason="Lean toolchain unavailable")
    @pytest.mark.parametrize(("scope", "freshness"), [("repository", "stored"), ("module", "verify")])
    def test_console_discovers_and_checks_imported_lemma(
        tmp_path: Path, scope: str, freshness: str,
    ) -> None:
        repository = tmp_path / "repo"
        repository.mkdir()
        fixture = Path(__file__).parent / "fixtures" / "lean_integration"
        shutil.copyfile(fixture / "lean-toolchain", repository / "lean-toolchain")
        (repository / "lakefile.toml").write_text(
            'name = "discovery_scope"\nversion = "0.1.0"\n'
            'defaultTargets = ["Main"]\n[[lean_lib]]\nname = "Main"\n'
            '[[lean_lib]]\nname = "Helpers"\n',
            encoding="utf-8",
        )
        (repository / "Helpers.lean").write_text(
            "namespace Helpers\ntheorem useful : True := True.intro\nend Helpers\n",
            encoding="utf-8",
        )
        (repository / "Main.lean").write_text(
            "import Helpers\nnamespace Main\ntheorem localFact : True := True.intro\nend Main\n",
            encoding="utf-8",
        )
        _run(["lake", "build"], repository)
        console = os.environ.get("LADON_CONSOLE", str(Path(sys.executable).with_name("ladon")))
        common = ["--repo-root", str(repository), "--format", "json"]
        _run([console, "proof-search", "index", "build", *common], tmp_path)
        command = [
            console, "proof-search", "discover", *common,
            "--module", "Main", "--goal", "True", "--pattern", "True",
            "--scope", scope, "--freshness", freshness,
            "--max-candidates", "1", "--scratch-mode", "advisory", "--projection", "audit",
        ]
        if scope == "module":
            command.extend(["--root", "Helpers"])
    
>       result = json.loads(_run(command, tmp_path).stdout)
                            ^^^^^^^^^^^^^^^^^^^^^^^

tests/test_discovery_scope_lean_integration.py:57: 
_ _ _ _ _ _ _ _ _ _ _ _ _ _ _ _ _ _ _ _ _ _ _ _ _ _ _ _ _ _ _ _ _ _ _ _ _ _ _ _ 

command = ['/tmp/ladon-clean-gate-5ildz9cy/environment/bin/ladon', 'proof-search', 'discover', '--repo-root', '/tmp/pytest-of-codex/pytest-715/test_console_discovers_and_che1/repo', '--format', ...]
cwd = PosixPath('/tmp/pytest-of-codex/pytest-715/test_console_discovers_and_che1')

    def _run(command: list[str], cwd: Path) -> subprocess.CompletedProcess[str]:
        completed = subprocess.run(
            command, cwd=cwd, text=True, capture_output=True, timeout=120, check=False,
        )
>       assert completed.returncode == 0, completed.stdout + completed.stderr
E       AssertionError: {"diagnostic":{"code":"toolchain-unavailable","message":"cannot inspect lake version: timed out","remediation":"Run 'ladon doctor --json' and correct the reported Lean/Lake posture."},"exitClass":"operational","exitCode":1,"operation":"discover","schema":"ladon-proof-search-terminal-v1","status":"failed"}
E         
E       assert 1 == 0
E        +  where 1 = CompletedProcess(args=['/tmp/ladon-clean-gate-5ildz9cy/environment/bin/ladon', 'proof-search', 'discover', '--repo-roo...ass":"operational","exitCode":1,"operation":"discover","schema":"ladon-proof-search-terminal-v1","status":"failed"}\n').returncode

tests/test_discovery_scope_lean_integration.py:17: AssertionError
______________ test_default_ambient_scratch_receipt_is_expandable ______________

tmp_path = PosixPath('/tmp/pytest-of-codex/pytest-715/test_default_ambient_scratch_r0')

    @pytest.mark.skipif(shutil.which('lake') is None, reason='Lean toolchain unavailable')
    def test_default_ambient_scratch_receipt_is_expandable(tmp_path: Path) -> None:
        store = tmp_path / 'evidence.sqlite'
        command = [sys.executable, '-m', 'ladon.entrypoint', 'proof-search', 'discover',
                   '--repo-root', str(FIXTURE), '--module', 'LadonFixture',
                   '--goal', '∀ value : Nat, value = value', '--candidate', 'LadonFixture.fixtureIdentity',
                   '--scratch-mode', 'advisory', '--toolchain-mode', 'ambient',
                   '--evidence-store', str(store), '--format', 'json']
        result = subprocess.run(command, cwd=ROOT, capture_output=True, text=True, timeout=60, check=False)
>       assert result.returncode == 0, result.stderr
E       AssertionError: {"diagnostic":{"code":"toolchain-unavailable","message":"cannot inspect lake version: failed or exceeded output bounds","remediation":"Run 'ladon doctor --json' and correct the reported Lean/Lake posture."},"exitClass":"operational","exitCode":1,"operation":"discover","schema":"ladon-proof-search-terminal-v1","status":"failed"}
E         
E       assert 1 == 0
E        +  where 1 = CompletedProcess(args=['/tmp/ladon-clean-gate-5ildz9cy/environment/bin/python3', '-m', 'ladon.entrypoint', 'proof-sear...ass":"operational","exitCode":1,"operation":"discover","schema":"ladon-proof-search-terminal-v1","status":"failed"}\n').returncode

tests/test_semantic_candidate_lean_integration.py:26: AssertionError
___________ test_installed_cli_emits_batch_closed_semantic_evidence ____________

    @pytest.mark.skipif(shutil.which("lake") is None, reason="Lean toolchain unavailable")
    def test_installed_cli_emits_batch_closed_semantic_evidence() -> None:
        completed = subprocess.run(
            [
                sys.executable,
                "-m",
                "ladon.entrypoint",
                "proof-search",
                "check",
                "candidate",
                "--repo-root",
                str(FIXTURE),
                "--module",
                "LadonFixture",
                "--goal",
                "∀ value : Nat, value = value",
                "--candidate",
                "LadonFixture.fixtureIdentity",
                "--timeout-seconds",
                "30",
                "--max-rss-mib",
                "4096",
                "--projection",
                "audit",
                "--format",
                "json",
            ],
            cwd=ROOT,
            text=True,
            capture_output=True,
            check=False,
        )
    
>       assert completed.returncode == 0, completed.stderr
E       AssertionError: {"diagnostic":{"code":"toolchain-unavailable","message":"cannot inspect lake version: failed or exceeded output bounds","remediation":"Run 'ladon doctor --json' and correct the reported Lean/Lake posture."},"exitClass":"operational","exitCode":1,"operation":"check.candidate","schema":"ladon-proof-search-terminal-v1","status":"failed"}
E         
E       assert 1 == 0
E        +  where 1 = CompletedProcess(args=['/tmp/ladon-clean-gate-5ildz9cy/environment/bin/python3', '-m', 'ladon.entrypoint', 'proof-sear...perational","exitCode":1,"operation":"check.candidate","schema":"ladon-proof-search-terminal-v1","status":"failed"}\n').returncode

tests/test_semantic_candidate_lean_integration.py:77: AssertionError
_______ test_installed_cli_default_projection_is_compact_and_expandable ________

tmp_path = PosixPath('/tmp/pytest-of-codex/pytest-715/test_installed_cli_default_pro0')

    @pytest.mark.skipif(shutil.which("lake") is None, reason="Lean toolchain unavailable")
    def test_installed_cli_default_projection_is_compact_and_expandable(tmp_path: Path) -> None:
        evidence_store = tmp_path / "semantic-evidence.sqlite"
        command = [
            sys.executable,
            "-m",
            "ladon.entrypoint",
            "proof-search",
            "check",
            "candidate",
            "--repo-root",
            str(FIXTURE),
            "--module",
            "LadonFixture",
            "--goal",
            "∀ value : Nat, value = value",
            "--candidate",
            "LadonFixture.fixtureIdentity",
            "--timeout-seconds",
            "30",
            "--max-rss-mib",
            "4096",
            "--evidence-store",
            str(evidence_store),
            "--format",
            "json",
        ]
    
        completed = subprocess.run(
            command,
            cwd=ROOT,
            text=True,
            capture_output=True,
            check=False,
        )
    
>       assert completed.returncode == 0, completed.stderr
E       AssertionError: {"diagnostic":{"code":"toolchain-unavailable","message":"cannot inspect lake version: failed or exceeded output bounds","remediation":"Run 'ladon doctor --json' and correct the reported Lean/Lake posture."},"exitClass":"operational","exitCode":1,"operation":"check.candidate","schema":"ladon-proof-search-terminal-v1","status":"failed"}
E         
E       assert 1 == 0
E        +  where 1 = CompletedProcess(args=['/tmp/ladon-clean-gate-5ildz9cy/environment/bin/python3', '-m', 'ladon.entrypoint', 'proof-sear...perational","exitCode":1,"operation":"check.candidate","schema":"ladon-proof-search-terminal-v1","status":"failed"}\n').returncode

tests/test_semantic_candidate_lean_integration.py:126: AssertionError
________ test_discovery_batches_candidates_and_replays_selected_scratch ________

    @pytest.mark.skipif(shutil.which("lake") is None, reason="Lean toolchain unavailable")
    def test_discovery_batches_candidates_and_replays_selected_scratch() -> None:
        completed = subprocess.run(
            [
                sys.executable,
                "-m",
                "ladon.entrypoint",
                "proof-search",
                "discover",
                "--repo-root",
                str(FIXTURE),
                "--module",
                "LadonFixture",
                "--goal",
                "∀ value : Nat, value = value",
                "--candidate",
                "LadonFixture.fixtureIdentity",
                "--candidate",
                "LadonFixture.noSuch",
                "--timeout-seconds",
                "30",
                "--max-rss-mib",
                "4096",
                "--scratch-mode",
                "advisory",
                "--projection",
                "audit",
                "--format",
                "json",
            ],
            cwd=ROOT,
            text=True,
            capture_output=True,
            check=False,
        )
>       assert completed.returncode == 0, completed.stderr
E       AssertionError: {"diagnostic":{"code":"toolchain-unavailable","message":"cannot inspect lake version: failed or exceeded output bounds","remediation":"Run 'ladon doctor --json' and correct the reported Lean/Lake posture."},"exitClass":"operational","exitCode":1,"operation":"discover","schema":"ladon-proof-search-terminal-v1","status":"failed"}
E         
E       assert 1 == 0
E        +  where 1 = CompletedProcess(args=['/tmp/ladon-clean-gate-5ildz9cy/environment/bin/python3', '-m', 'ladon.entrypoint', 'proof-sear...ass":"operational","exitCode":1,"operation":"discover","schema":"ladon-proof-search-terminal-v1","status":"failed"}\n').returncode

tests/test_semantic_candidate_lean_integration.py:198: AssertionError
________ test_discovery_default_is_compact_and_does_not_replay_scratch _________

tmp_path = PosixPath('/tmp/pytest-of-codex/pytest-715/test_discovery_default_is_comp0')

    @pytest.mark.skipif(shutil.which("lake") is None, reason="Lean toolchain unavailable")
    def test_discovery_default_is_compact_and_does_not_replay_scratch(tmp_path: Path) -> None:
        completed = subprocess.run(
            [
                sys.executable,
                "-m",
                "ladon.entrypoint",
                "proof-search",
                "discover",
                "--repo-root",
                str(FIXTURE),
                "--module",
                "LadonFixture",
                "--goal",
                "∀ value : Nat, value = value",
                "--candidate",
                "LadonFixture.fixtureIdentity",
                "--timeout-seconds",
                "30",
                "--max-rss-mib",
                "4096",
                "--evidence-store",
                str(tmp_path / "semantic-evidence.sqlite"),
                "--format",
                "json",
            ],
            cwd=ROOT,
            text=True,
            capture_output=True,
            check=False,
        )
    
>       assert completed.returncode == 0, completed.stderr
E       AssertionError: {"diagnostic":{"code":"toolchain-unavailable","message":"cannot inspect lake version: failed or exceeded output bounds","remediation":"Run 'ladon doctor --json' and correct the reported Lean/Lake posture."},"exitClass":"operational","exitCode":1,"operation":"discover","schema":"ladon-proof-search-terminal-v1","status":"failed"}
E         
E       assert 1 == 0
E        +  where 1 = CompletedProcess(args=['/tmp/ladon-clean-gate-5ildz9cy/environment/bin/python3', '-m', 'ladon.entrypoint', 'proof-sear...ass":"operational","exitCode":1,"operation":"discover","schema":"ladon-proof-search-terminal-v1","status":"failed"}\n').returncode

tests/test_semantic_candidate_lean_integration.py:240: AssertionError
_______________ test_installed_cli_accepts_caller_local_context ________________

    @pytest.mark.skipif(shutil.which("lake") is None, reason="Lean toolchain unavailable")
    def test_installed_cli_accepts_caller_local_context() -> None:
        completed = subprocess.run(
            [
                sys.executable,
                "-m",
                "ladon.entrypoint",
                "proof-search",
                "discover",
                "--repo-root",
                str(FIXTURE),
                "--module",
                "LadonFixture",
                "--goal",
                "value = value",
                "--local",
                "value:Nat",
                "--candidate",
                "LadonFixture.fixtureIdentity",
                "--timeout-seconds",
                "30",
                "--max-rss-mib",
                "4096",
                "--projection",
                "audit",
                "--format",
                "json",
            ],
            cwd=ROOT,
            text=True,
            capture_output=True,
            check=False,
        )
>       assert completed.returncode == 0, completed.stderr
E       AssertionError: {"diagnostic":{"code":"toolchain-unavailable","message":"cannot inspect lake version: failed or exceeded output bounds","remediation":"Run 'ladon doctor --json' and correct the reported Lean/Lake posture."},"exitClass":"operational","exitCode":1,"operation":"discover","schema":"ladon-proof-search-terminal-v1","status":"failed"}
E         
E       assert 1 == 0
E        +  where 1 = CompletedProcess(args=['/tmp/ladon-clean-gate-5ildz9cy/environment/bin/python3', '-m', 'ladon.entrypoint', 'proof-sear...ass":"operational","exitCode":1,"operation":"discover","schema":"ladon-proof-search-terminal-v1","status":"failed"}\n').returncode

tests/test_semantic_candidate_lean_integration.py:281: AssertionError
_________ test_lean_owned_name_parser_accepts_unicode_declaration_name _________

    @pytest.mark.skipif(shutil.which("lake") is None, reason="Lean toolchain unavailable")
    def test_lean_owned_name_parser_accepts_unicode_declaration_name() -> None:
        completed = subprocess.run(
            [
                sys.executable,
                "-m",
                "ladon.entrypoint",
                "proof-search",
                "check",
                "candidate",
                "--repo-root",
                str(FIXTURE),
                "--module",
                "LadonFixture",
                "--goal",
                "∀ value : Nat, value = value",
                "--candidate",
                "LadonFixture.identité",
                "--timeout-seconds",
                "30",
                "--max-rss-mib",
                "4096",
                "--projection",
                "audit",
                "--format",
                "json",
            ],
            cwd=ROOT,
            text=True,
            capture_output=True,
            check=False,
        )
>       assert completed.returncode == 0, completed.stderr
E       AssertionError: {"diagnostic":{"code":"toolchain-unavailable","message":"cannot inspect lake version: failed or exceeded output bounds","remediation":"Run 'ladon doctor --json' and correct the reported Lean/Lake posture."},"exitClass":"operational","exitCode":1,"operation":"check.candidate","schema":"ladon-proof-search-terminal-v1","status":"failed"}
E         
E       assert 1 == 0
E        +  where 1 = CompletedProcess(args=['/tmp/ladon-clean-gate-5ildz9cy/environment/bin/python3', '-m', 'ladon.entrypoint', 'proof-sear...perational","exitCode":1,"operation":"check.candidate","schema":"ladon-proof-search-terminal-v1","status":"failed"}\n').returncode

tests/test_semantic_candidate_lean_integration.py:319: AssertionError
___________ test_worker_preserves_complete_introduced_local_context ____________

    @pytest.mark.skipif(shutil.which("lake") is None, reason="Lean toolchain unavailable")
    def test_worker_preserves_complete_introduced_local_context() -> None:
        completed = subprocess.run(
            [
                sys.executable,
                "-m",
                "ladon.entrypoint",
                "proof-search",
                "check",
                "candidate",
                "--repo-root",
                str(FIXTURE),
                "--module",
                "LadonFixture",
                "--goal",
                "∀ x y : Nat, x = x",
                "--candidate",
                "LadonFixture.twoIdentity",
                "--timeout-seconds",
                "30",
                "--max-rss-mib",
                "4096",
                "--projection",
                "audit",
                "--format",
                "json",
            ],
            cwd=ROOT,
            text=True,
            capture_output=True,
            check=False,
        )
>       assert completed.returncode == 0, completed.stderr
E       AssertionError: {"diagnostic":{"code":"toolchain-unavailable","message":"cannot inspect lake version: failed or exceeded output bounds","remediation":"Run 'ladon doctor --json' and correct the reported Lean/Lake posture."},"exitClass":"operational","exitCode":1,"operation":"check.candidate","schema":"ladon-proof-search-terminal-v1","status":"failed"}
E         
E       assert 1 == 0
E        +  where 1 = CompletedProcess(args=['/tmp/ladon-clean-gate-5ildz9cy/environment/bin/python3', '-m', 'ladon.entrypoint', 'proof-sear...perational","exitCode":1,"operation":"check.candidate","schema":"ladon-proof-search-terminal-v1","status":"failed"}\n').returncode

tests/test_semantic_candidate_lean_integration.py:356: AssertionError
_________ test_theorem_query_accepts_worker_candidate_declaration_name _________

    @pytest.mark.skipif(shutil.which("lake") is None, reason="Lean toolchain unavailable")
    def test_theorem_query_accepts_worker_candidate_declaration_name() -> None:
        import sqlite3
    
        from ladon.proofir_sqlite_v3 import project_envelopes
        from ladon.proofir_v3_queries import query_v3_theorem_evidence
        from ladon.semantic_candidate_worker import SemanticCandidateRequest, check_semantic_candidate
    
        result = check_semantic_candidate(
            SemanticCandidateRequest(
                FIXTURE,
                "LadonFixture",
                "∀ value : Nat, value = value",
                "LadonFixture.fixtureIdentity",
            )
        )
>       assert result.status == "accepted"
E       AssertionError: assert 'failed-checker' == 'accepted'
E         
E         - accepted
E         + failed-checker

tests/test_semantic_candidate_lean_integration.py:385: AssertionError
_______ test_lean_application_emits_substitutions_residuals_and_context ________

    @pytest.mark.skipif(shutil.which("lake") is None, reason="Lean toolchain unavailable")
    def test_lean_application_emits_substitutions_residuals_and_context() -> None:
        completed = subprocess.run(
            [
                sys.executable,
                "-m",
                "ladon.entrypoint",
                "proof-search",
                "check",
                "candidate",
                "--repo-root",
                str(FIXTURE),
                "--module",
                "LadonFixture",
                "--goal",
                "True ∧ True",
                "--candidate",
                "And.intro",
                "--timeout-seconds",
                "30",
                "--max-rss-mib",
                "4096",
                "--projection",
                "audit",
                "--format",
                "json",
            ],
            cwd=ROOT,
            text=True,
            capture_output=True,
            check=False,
        )
    
>       assert completed.returncode == 0, completed.stderr
E       AssertionError: {"diagnostic":{"code":"toolchain-unavailable","message":"cannot inspect lake version: failed or exceeded output bounds","remediation":"Run 'ladon doctor --json' and correct the reported Lean/Lake posture."},"exitClass":"operational","exitCode":1,"operation":"check.candidate","schema":"ladon-proof-search-terminal-v1","status":"failed"}
E         
E       assert 1 == 0
E        +  where 1 = CompletedProcess(args=['/tmp/ladon-clean-gate-5ildz9cy/environment/bin/python3', '-m', 'ladon.entrypoint', 'proof-sear...perational","exitCode":1,"operation":"check.candidate","schema":"ladon-proof-search-terminal-v1","status":"failed"}\n').returncode

tests/test_semantic_candidate_residual_integration.py:58: AssertionError
____________ test_lean_name_parser_rejects_non_identifier_candidate ____________

    @pytest.mark.skipif(shutil.which("lake") is None, reason="Lean toolchain unavailable")
    def test_lean_name_parser_rejects_non_identifier_candidate() -> None:
        completed = subprocess.run(
            [
                sys.executable,
                "-m",
                "ladon.entrypoint",
                "proof-search",
                "check",
                "candidate",
                "--repo-root",
                str(FIXTURE),
                "--module",
                "LadonFixture",
                "--goal",
                "True",
                "--candidate",
                "And.intro+True",
                "--timeout-seconds",
                "30",
                "--max-rss-mib",
                "4096",
                "--projection",
                "audit",
                "--format",
                "json",
            ],
            cwd=ROOT,
            text=True,
            capture_output=True,
            check=False,
        )
>       assert completed.returncode == 0
E       assert 1 == 0
E        +  where 1 = CompletedProcess(args=['/tmp/ladon-clean-gate-5ildz9cy/environment/bin/python3', '-m', 'ladon.entrypoint', 'proof-sear...perational","exitCode":1,"operation":"check.candidate","schema":"ladon-proof-search-terminal-v1","status":"failed"}\n').returncode

tests/test_semantic_candidate_security_contract.py:71: AssertionError
________ test_missing_candidate_is_reference_closed_semantic_rejection _________

    @pytest.mark.skipif(shutil.which("lake") is None, reason="Lean toolchain unavailable")
    def test_missing_candidate_is_reference_closed_semantic_rejection() -> None:
        completed = subprocess.run(
            [
                sys.executable,
                "-m",
                "ladon.entrypoint",
                "proof-search",
                "check",
                "candidate",
                "--repo-root",
                str(FIXTURE),
                "--module",
                "LadonFixture",
                "--goal",
                "True",
                "--candidate",
                "LadonFixture.noSuch",
                "--timeout-seconds",
                "30",
                "--max-rss-mib",
                "4096",
                "--projection",
                "audit",
                "--format",
                "json",
            ],
            cwd=ROOT,
            text=True,
            capture_output=True,
            check=False,
        )
    
>       assert completed.returncode == 0, completed.stderr
E       AssertionError: {"diagnostic":{"code":"toolchain-unavailable","message":"cannot inspect lake version: failed or exceeded output bounds","remediation":"Run 'ladon doctor --json' and correct the reported Lean/Lake posture."},"exitClass":"operational","exitCode":1,"operation":"check.candidate","schema":"ladon-proof-search-terminal-v1","status":"failed"}
E         
E       assert 1 == 0
E        +  where 1 = CompletedProcess(args=['/tmp/ladon-clean-gate-5ildz9cy/environment/bin/python3', '-m', 'ladon.entrypoint', 'proof-sear...perational","exitCode":1,"operation":"check.candidate","schema":"ladon-proof-search-terminal-v1","status":"failed"}\n').returncode

tests/test_semantic_candidate_security_contract.py:122: AssertionError
_______ test_real_check_claims_elaborator_route_not_kernel_theorem_truth _______

    @pytest.mark.skipif(shutil.which("lake") is None, reason="Lean toolchain unavailable")
    def test_real_check_claims_elaborator_route_not_kernel_theorem_truth() -> None:
        completed = subprocess.run(
            [
                sys.executable,
                "-m",
                "ladon.entrypoint",
                "proof-search",
                "check",
                "candidate",
                "--repo-root",
                str(FIXTURE),
                "--module",
                "LadonFixture",
                "--goal",
                "True ∧ True",
                "--candidate",
                "And.intro",
                "--timeout-seconds",
                "30",
                "--max-rss-mib",
                "4096",
                "--projection",
                "audit",
                "--format",
                "json",
            ],
            cwd=ROOT,
            text=True,
            capture_output=True,
            check=False,
        )
    
>       assert completed.returncode == 0, completed.stderr
E       AssertionError: {"diagnostic":{"code":"toolchain-unavailable","message":"cannot inspect lake version: failed or exceeded output bounds","remediation":"Run 'ladon doctor --json' and correct the reported Lean/Lake posture."},"exitClass":"operational","exitCode":1,"operation":"check.candidate","schema":"ladon-proof-search-terminal-v1","status":"failed"}
E         
E       assert 1 == 0
E        +  where 1 = CompletedProcess(args=['/tmp/ladon-clean-gate-5ildz9cy/environment/bin/python3', '-m', 'ladon.entrypoint', 'proof-sear...perational","exitCode":1,"operation":"check.candidate","schema":"ladon-proof-search-terminal-v1","status":"failed"}\n').returncode

tests/test_semantic_candidate_security_contract.py:166: AssertionError
________ test_materialization_preserves_multiple_declared_source_roots _________

tmp_path = PosixPath('/tmp/pytest-of-codex/pytest-715/test_materialization_preserves1')

    def test_materialization_preserves_multiple_declared_source_roots(
        tmp_path: Path,
    ) -> None:
        root = tmp_path / "repository"
        shutil.copytree(MULTI_ROOT_FIXTURE, root)
        subprocess.run(["lake", "build"], cwd=root, check=True, capture_output=True)
>       plan = plan_theorem_capsule(root, "Main.selected")
               ^^^^^^^^^^^^^^^^^^^^^^^^^^^^^^^^^^^^^^^^^^^

tests/test_theorem_capsule_materialization.py:131: 
_ _ _ _ _ _ _ _ _ _ _ _ _ _ _ _ _ _ _ _ _ _ _ _ _ _ _ _ _ _ _ _ _ _ _ _ _ _ _ _ 
/tmp/ladon-clean-gate-5ildz9cy/environment/lib/python3.11/site-packages/ladon/theorem_capsule_planning.py:86: in plan_theorem_capsule
    helper = _run_exact_helper(
_ _ _ _ _ _ _ _ _ _ _ _ _ _ _ _ _ _ _ _ _ _ _ _ _ _ _ _ _ _ _ _ _ _ _ _ _ _ _ _ 

repo_root = PosixPath('/tmp/pytest-of-codex/pytest-715/test_materialization_preserves1/repository')
entry = CapsuleSource(module='Main', path='src/Main.lean', content=b'import Support\n\ntheorem Main.selected : Support.answer = 42 := by\n  rfl\n\ntheorem Main.later : True := by\n  trivial\n', imports=('Support',))
theorem_name = 'Main.selected'
layout = CapsuleLayout(root=PosixPath('/tmp/pytest-of-codex/pytest-715/test_materialization_preserves1/repository'), source_map...pport': 'support/Support.lean'}, fingerprint='sha256:4dc603f1f9de8d98fd2b42495918afe92e9e658a72fdf18d5088e5e441709b0f')

    def _run_exact_helper(
        repo_root: Path,
        entry: CapsuleSource,
        theorem_name: str,
        layout: CapsuleLayout,
        *,
        helper_path: Path,
        timeout_seconds: float,
        max_rss_bytes: int | None,
        cancel_event: threading.Event | None,
    ) -> dict[str, Any]:
        try:
            execution = prepare_direct_lean_execution(
                repo_root,
                entry.module,
                None,
                require_compiled_module=True,
            )
        except ValueError as exc:
            raise CapsuleOperationalError(str(exc)) from exc
        with tempfile.TemporaryDirectory(prefix="ladon-theorem-plan-") as temporary:
            module_file = Path(temporary) / "repository-modules.txt"
            module_file.write_text(
                "\n".join(layout.modules) + "\n",
                encoding="utf-8",
            )
            process = run_bounded_target_process(
                [
                    *execution.command,
                    "--run",
                    str(helper_path),
                    entry.module,
                    entry.path,
                    theorem_name,
                    str(module_file),
                ],
                cwd=repo_root,
                env=execution.environment,
                timeout_seconds=timeout_seconds,
                max_output_bytes=HELPER_OUTPUT_LIMIT_BYTES,
                max_rss_bytes=max_rss_bytes,
                cancel_event=cancel_event,
            )
        if process.output_limited:
            raise CapsuleOperationalError(
                "Lean theorem dependency stream exceeded the finite output limit"
            )
        if process.memory_limited:
            raise CapsuleOperationalError(
                "Lean theorem helper exceeded the finite process-tree RSS limit"
            )
        if not process.succeeded:
            outcome = "timed out" if process.timed_out else "failed"
            detail = (process.stderr or process.stdout).strip()[:2000]
>           raise CapsuleOperationalError(
                f"Lean theorem helper {outcome} for {entry.path}: {detail}"
            )
E           ladon.theorem_capsule_models.CapsuleOperationalError: Lean theorem helper failed for src/Main.lean: info: Version 4.2.4 of elan is available! Use `elan self update` to update.
E           info: downloading https://releases.lean-lang.org/lean4/v4.32.1/lean-4.32.1-linux.tar.zst
E           
E           thread 'main' panicked at library/std/src/io/stdio.rs:1165:9:
E           failed printing to stdout: Quota exceeded (os error 122)
E           note: run with `RUST_BACKTRACE=1` environment variable to display a backtrace

/tmp/ladon-clean-gate-5ildz9cy/environment/lib/python3.11/site-packages/ladon/theorem_capsule_planning.py:197: CapsuleOperationalError
________________ test_plan_is_exact_complete_and_deterministic _________________

compiled_repository = PosixPath('/tmp/pytest-of-codex/pytest-715/test_plan_is_exact_complete_an0/repository')

    def test_plan_is_exact_complete_and_deterministic(
        compiled_repository: Path,
    ) -> None:
>       first = plan_theorem_capsule(
            compiled_repository,
            "CapsuleFixture.chosen",
        )

tests/test_theorem_capsule_planning.py:44: 
_ _ _ _ _ _ _ _ _ _ _ _ _ _ _ _ _ _ _ _ _ _ _ _ _ _ _ _ _ _ _ _ _ _ _ _ _ _ _ _ 
/tmp/ladon-clean-gate-5ildz9cy/environment/lib/python3.11/site-packages/ladon/theorem_capsule_planning.py:86: in plan_theorem_capsule
    helper = _run_exact_helper(
_ _ _ _ _ _ _ _ _ _ _ _ _ _ _ _ _ _ _ _ _ _ _ _ _ _ _ _ _ _ _ _ _ _ _ _ _ _ _ _ 

repo_root = PosixPath('/tmp/pytest-of-codex/pytest-715/test_plan_is_exact_complete_an0/repository')
entry = CapsuleSource(module='CapsuleFixture', path='CapsuleFixture.lean', content=b'import CapsuleFixture.Base\nimport Capsul...:= by\n  trivial\n\nend LocalContext\n\nend CapsuleFixture\n', imports=('CapsuleFixture.Base', 'CapsuleFixture.Large'))
theorem_name = 'CapsuleFixture.chosen'
layout = CapsuleLayout(root=PosixPath('/tmp/pytest-of-codex/pytest-715/test_plan_is_exact_complete_an0/repository'), source_map...': 'CapsuleFixture/Large.lean'}, fingerprint='sha256:05a9715980f86be61dcaa12764c192a1249f24c557357c093da96a9c1e5f3dcc')

    def _run_exact_helper(
        repo_root: Path,
        entry: CapsuleSource,
        theorem_name: str,
        layout: CapsuleLayout,
        *,
        helper_path: Path,
        timeout_seconds: float,
        max_rss_bytes: int | None,
        cancel_event: threading.Event | None,
    ) -> dict[str, Any]:
        try:
            execution = prepare_direct_lean_execution(
                repo_root,
                entry.module,
                None,
                require_compiled_module=True,
            )
        except ValueError as exc:
            raise CapsuleOperationalError(str(exc)) from exc
        with tempfile.TemporaryDirectory(prefix="ladon-theorem-plan-") as temporary:
            module_file = Path(temporary) / "repository-modules.txt"
            module_file.write_text(
                "\n".join(layout.modules) + "\n",
                encoding="utf-8",
            )
            process = run_bounded_target_process(
                [
                    *execution.command,
                    "--run",
                    str(helper_path),
                    entry.module,
                    entry.path,
                    theorem_name,
                    str(module_file),
                ],
                cwd=repo_root,
                env=execution.environment,
                timeout_seconds=timeout_seconds,
                max_output_bytes=HELPER_OUTPUT_LIMIT_BYTES,
                max_rss_bytes=max_rss_bytes,
                cancel_event=cancel_event,
            )
        if process.output_limited:
            raise CapsuleOperationalError(
                "Lean theorem dependency stream exceeded the finite output limit"
            )
        if process.memory_limited:
            raise CapsuleOperationalError(
                "Lean theorem helper exceeded the finite process-tree RSS limit"
            )
        if not process.succeeded:
            outcome = "timed out" if process.timed_out else "failed"
            detail = (process.stderr or process.stdout).strip()[:2000]
>           raise CapsuleOperationalError(
                f"Lean theorem helper {outcome} for {entry.path}: {detail}"
            )
E           ladon.theorem_capsule_models.CapsuleOperationalError: Lean theorem helper failed for CapsuleFixture.lean: info: Version 4.2.4 of elan is available! Use `elan self update` to update.
E           info: downloading https://releases.lean-lang.org/lean4/v4.32.1/lean-4.32.1-linux.tar.zst
E           
E           thread 'main' panicked at library/std/src/io/stdio.rs:1165:9:
E           failed printing to stdout: Quota exceeded (os error 122)
E           note: run with `RUST_BACKTRACE=1` environment variable to display a backtrace

/tmp/ladon-clean-gate-5ildz9cy/environment/lib/python3.11/site-packages/ladon/theorem_capsule_planning.py:197: CapsuleOperationalError
__________________ test_plan_prefix_ends_before_later_theorem __________________

compiled_repository = PosixPath('/tmp/pytest-of-codex/pytest-715/test_plan_prefix_ends_before_l0/repository')

    def test_plan_prefix_ends_before_later_theorem(
        compiled_repository: Path,
    ) -> None:
>       plan = plan_theorem_capsule(
            compiled_repository,
            "CapsuleFixture.chosen",
        )

tests/test_theorem_capsule_planning.py:107: 
_ _ _ _ _ _ _ _ _ _ _ _ _ _ _ _ _ _ _ _ _ _ _ _ _ _ _ _ _ _ _ _ _ _ _ _ _ _ _ _ 
/tmp/ladon-clean-gate-5ildz9cy/environment/lib/python3.11/site-packages/ladon/theorem_capsule_planning.py:86: in plan_theorem_capsule
    helper = _run_exact_helper(
_ _ _ _ _ _ _ _ _ _ _ _ _ _ _ _ _ _ _ _ _ _ _ _ _ _ _ _ _ _ _ _ _ _ _ _ _ _ _ _ 

repo_root = PosixPath('/tmp/pytest-of-codex/pytest-715/test_plan_prefix_ends_before_l0/repository')
entry = CapsuleSource(module='CapsuleFixture', path='CapsuleFixture.lean', content=b'import CapsuleFixture.Base\nimport Capsul...:= by\n  trivial\n\nend LocalContext\n\nend CapsuleFixture\n', imports=('CapsuleFixture.Base', 'CapsuleFixture.Large'))
theorem_name = 'CapsuleFixture.chosen'
layout = CapsuleLayout(root=PosixPath('/tmp/pytest-of-codex/pytest-715/test_plan_prefix_ends_before_l0/repository'), source_map...': 'CapsuleFixture/Large.lean'}, fingerprint='sha256:05a9715980f86be61dcaa12764c192a1249f24c557357c093da96a9c1e5f3dcc')

    def _run_exact_helper(
        repo_root: Path,
        entry: CapsuleSource,
        theorem_name: str,
        layout: CapsuleLayout,
        *,
        helper_path: Path,
        timeout_seconds: float,
        max_rss_bytes: int | None,
        cancel_event: threading.Event | None,
    ) -> dict[str, Any]:
        try:
            execution = prepare_direct_lean_execution(
                repo_root,
                entry.module,
                None,
                require_compiled_module=True,
            )
        except ValueError as exc:
            raise CapsuleOperationalError(str(exc)) from exc
        with tempfile.TemporaryDirectory(prefix="ladon-theorem-plan-") as temporary:
            module_file = Path(temporary) / "repository-modules.txt"
            module_file.write_text(
                "\n".join(layout.modules) + "\n",
                encoding="utf-8",
            )
            process = run_bounded_target_process(
                [
                    *execution.command,
                    "--run",
                    str(helper_path),
                    entry.module,
                    entry.path,
                    theorem_name,
                    str(module_file),
                ],
                cwd=repo_root,
                env=execution.environment,
                timeout_seconds=timeout_seconds,
                max_output_bytes=HELPER_OUTPUT_LIMIT_BYTES,
                max_rss_bytes=max_rss_bytes,
                cancel_event=cancel_event,
            )
        if process.output_limited:
            raise CapsuleOperationalError(
                "Lean theorem dependency stream exceeded the finite output limit"
            )
        if process.memory_limited:
            raise CapsuleOperationalError(
                "Lean theorem helper exceeded the finite process-tree RSS limit"
            )
        if not process.succeeded:
            outcome = "timed out" if process.timed_out else "failed"
            detail = (process.stderr or process.stdout).strip()[:2000]
>           raise CapsuleOperationalError(
                f"Lean theorem helper {outcome} for {entry.path}: {detail}"
            )
E           ladon.theorem_capsule_models.CapsuleOperationalError: Lean theorem helper failed for CapsuleFixture.lean: info: Version 4.2.4 of elan is available! Use `elan self update` to update.
E           info: downloading https://releases.lean-lang.org/lean4/v4.32.1/lean-4.32.1-linux.tar.zst
E           
E           thread 'main' panicked at library/std/src/io/stdio.rs:1165:9:
E           failed printing to stdout: Quota exceeded (os error 122)
E           note: run with `RUST_BACKTRACE=1` environment variable to display a backtrace

/tmp/ladon-clean-gate-5ildz9cy/environment/lib/python3.11/site-packages/ladon/theorem_capsule_planning.py:197: CapsuleOperationalError
_________________ test_plan_rejects_short_and_wrong_kind_names _________________

compiled_repository = PosixPath('/tmp/pytest-of-codex/pytest-715/test_plan_rejects_short_and_wr0/repository')

    def test_plan_rejects_short_and_wrong_kind_names(
        compiled_repository: Path,
    ) -> None:
        with pytest.raises(CapsuleInvocationError, match="fully qualified"):
            plan_theorem_capsule(compiled_repository, "chosen")
        with pytest.raises(CapsuleInvocationError, match="extractable theorem"):
>           plan_theorem_capsule(compiled_repository, "CapsuleFixture.base")

tests/test_theorem_capsule_planning.py:125: 
_ _ _ _ _ _ _ _ _ _ _ _ _ _ _ _ _ _ _ _ _ _ _ _ _ _ _ _ _ _ _ _ _ _ _ _ _ _ _ _ 
/tmp/ladon-clean-gate-5ildz9cy/environment/lib/python3.11/site-packages/ladon/theorem_capsule_planning.py:86: in plan_theorem_capsule
    helper = _run_exact_helper(
_ _ _ _ _ _ _ _ _ _ _ _ _ _ _ _ _ _ _ _ _ _ _ _ _ _ _ _ _ _ _ _ _ _ _ _ _ _ _ _ 

repo_root = PosixPath('/tmp/pytest-of-codex/pytest-715/test_plan_rejects_short_and_wr0/repository')
entry = CapsuleSource(module='CapsuleFixture.Base', path='CapsuleFixture/Base.lean', content=b'namespace CapsuleFixture\n\ndef base : Nat := 1\n\nend CapsuleFixture\n', imports=())
theorem_name = 'CapsuleFixture.base'
layout = CapsuleLayout(root=PosixPath('/tmp/pytest-of-codex/pytest-715/test_plan_rejects_short_and_wr0/repository'), source_map...': 'CapsuleFixture/Large.lean'}, fingerprint='sha256:05a9715980f86be61dcaa12764c192a1249f24c557357c093da96a9c1e5f3dcc')

    def _run_exact_helper(
        repo_root: Path,
        entry: CapsuleSource,
        theorem_name: str,
        layout: CapsuleLayout,
        *,
        helper_path: Path,
        timeout_seconds: float,
        max_rss_bytes: int | None,
        cancel_event: threading.Event | None,
    ) -> dict[str, Any]:
        try:
            execution = prepare_direct_lean_execution(
                repo_root,
                entry.module,
                None,
                require_compiled_module=True,
            )
        except ValueError as exc:
            raise CapsuleOperationalError(str(exc)) from exc
        with tempfile.TemporaryDirectory(prefix="ladon-theorem-plan-") as temporary:
            module_file = Path(temporary) / "repository-modules.txt"
            module_file.write_text(
                "\n".join(layout.modules) + "\n",
                encoding="utf-8",
            )
            process = run_bounded_target_process(
                [
                    *execution.command,
                    "--run",
                    str(helper_path),
                    entry.module,
                    entry.path,
                    theorem_name,
                    str(module_file),
                ],
                cwd=repo_root,
                env=execution.environment,
                timeout_seconds=timeout_seconds,
                max_output_bytes=HELPER_OUTPUT_LIMIT_BYTES,
                max_rss_bytes=max_rss_bytes,
                cancel_event=cancel_event,
            )
        if process.output_limited:
            raise CapsuleOperationalError(
                "Lean theorem dependency stream exceeded the finite output limit"
            )
        if process.memory_limited:
            raise CapsuleOperationalError(
                "Lean theorem helper exceeded the finite process-tree RSS limit"
            )
        if not process.succeeded:
            outcome = "timed out" if process.timed_out else "failed"
            detail = (process.stderr or process.stdout).strip()[:2000]
>           raise CapsuleOperationalError(
                f"Lean theorem helper {outcome} for {entry.path}: {detail}"
            )
E           ladon.theorem_capsule_models.CapsuleOperationalError: Lean theorem helper failed for CapsuleFixture/Base.lean: info: Version 4.2.4 of elan is available! Use `elan self update` to update.
E           info: downloading https://releases.lean-lang.org/lean4/v4.32.1/lean-4.32.1-linux.tar.zst
E           
E           thread 'main' panicked at library/std/src/io/stdio.rs:1165:9:
E           failed printing to stdout: Quota exceeded (os error 122)
E           note: run with `RUST_BACKTRACE=1` environment variable to display a backtrace

/tmp/ladon-clean-gate-5ildz9cy/environment/lib/python3.11/site-packages/ladon/theorem_capsule_planning.py:197: CapsuleOperationalError
________________ test_plan_marks_native_lake_facets_ineligible _________________

compiled_repository = PosixPath('/tmp/pytest-of-codex/pytest-715/test_plan_marks_native_lake_fa0/repository')

    def test_plan_marks_native_lake_facets_ineligible(
        compiled_repository: Path,
    ) -> None:
        lakefile = compiled_repository / "lakefile.toml"
        lakefile.write_text(
            lakefile.read_text(encoding="utf-8")
            + '\nmoreLinkArgs = ["-unsupported-native-link"]\n',
            encoding="utf-8",
        )
    
>       plan = plan_theorem_capsule(
            compiled_repository,
            "CapsuleFixture.chosen",
        )

tests/test_theorem_capsule_planning.py:167: 
_ _ _ _ _ _ _ _ _ _ _ _ _ _ _ _ _ _ _ _ _ _ _ _ _ _ _ _ _ _ _ _ _ _ _ _ _ _ _ _ 
/tmp/ladon-clean-gate-5ildz9cy/environment/lib/python3.11/site-packages/ladon/theorem_capsule_planning.py:86: in plan_theorem_capsule
    helper = _run_exact_helper(
_ _ _ _ _ _ _ _ _ _ _ _ _ _ _ _ _ _ _ _ _ _ _ _ _ _ _ _ _ _ _ _ _ _ _ _ _ _ _ _ 

repo_root = PosixPath('/tmp/pytest-of-codex/pytest-715/test_plan_marks_native_lake_fa0/repository')
entry = CapsuleSource(module='CapsuleFixture', path='CapsuleFixture.lean', content=b'import CapsuleFixture.Base\nimport Capsul...:= by\n  trivial\n\nend LocalContext\n\nend CapsuleFixture\n', imports=('CapsuleFixture.Base', 'CapsuleFixture.Large'))
theorem_name = 'CapsuleFixture.chosen'
layout = CapsuleLayout(root=PosixPath('/tmp/pytest-of-codex/pytest-715/test_plan_marks_native_lake_fa0/repository'), source_map...': 'CapsuleFixture/Large.lean'}, fingerprint='sha256:05a9715980f86be61dcaa12764c192a1249f24c557357c093da96a9c1e5f3dcc')

    def _run_exact_helper(
        repo_root: Path,
        entry: CapsuleSource,
        theorem_name: str,
        layout: CapsuleLayout,
        *,
        helper_path: Path,
        timeout_seconds: float,
        max_rss_bytes: int | None,
        cancel_event: threading.Event | None,
    ) -> dict[str, Any]:
        try:
            execution = prepare_direct_lean_execution(
                repo_root,
                entry.module,
                None,
                require_compiled_module=True,
            )
        except ValueError as exc:
            raise CapsuleOperationalError(str(exc)) from exc
        with tempfile.TemporaryDirectory(prefix="ladon-theorem-plan-") as temporary:
            module_file = Path(temporary) / "repository-modules.txt"
            module_file.write_text(
                "\n".join(layout.modules) + "\n",
                encoding="utf-8",
            )
            process = run_bounded_target_process(
                [
                    *execution.command,
                    "--run",
                    str(helper_path),
                    entry.module,
                    entry.path,
                    theorem_name,
                    str(module_file),
                ],
                cwd=repo_root,
                env=execution.environment,
                timeout_seconds=timeout_seconds,
                max_output_bytes=HELPER_OUTPUT_LIMIT_BYTES,
                max_rss_bytes=max_rss_bytes,
                cancel_event=cancel_event,
            )
        if process.output_limited:
            raise CapsuleOperationalError(
                "Lean theorem dependency stream exceeded the finite output limit"
            )
        if process.memory_limited:
            raise CapsuleOperationalError(
                "Lean theorem helper exceeded the finite process-tree RSS limit"
            )
        if not process.succeeded:
            outcome = "timed out" if process.timed_out else "failed"
            detail = (process.stderr or process.stdout).strip()[:2000]
>           raise CapsuleOperationalError(
                f"Lean theorem helper {outcome} for {entry.path}: {detail}"
            )
E           ladon.theorem_capsule_models.CapsuleOperationalError: Lean theorem helper failed for CapsuleFixture.lean: info: Version 4.2.4 of elan is available! Use `elan self update` to update.
E           info: downloading https://releases.lean-lang.org/lean4/v4.32.1/lean-4.32.1-linux.tar.zst
E           
E           thread 'main' panicked at library/std/src/io/stdio.rs:1165:9:
E           failed printing to stdout: Quota exceeded (os error 122)
E           note: run with `RUST_BACKTRACE=1` environment variable to display a backtrace

/tmp/ladon-clean-gate-5ildz9cy/environment/lib/python3.11/site-packages/ladon/theorem_capsule_planning.py:197: CapsuleOperationalError
____________________ test_plan_cli_emits_one_json_document _____________________

compiled_repository = PosixPath('/tmp/pytest-of-codex/pytest-715/test_plan_cli_emits_one_json_d0/repository')
capsys = <_pytest.capture.CaptureFixture object at 0x7fa779f6b1d0>

    def test_plan_cli_emits_one_json_document(
        compiled_repository: Path,
        capsys: pytest.CaptureFixture[str],
    ) -> None:
        status = theorem_main(
            [
                "plan",
                "CapsuleFixture.chosen",
                "--repo-root",
                str(compiled_repository),
                "--format",
                "json",
                "--output",
                "-",
            ]
        )
        captured = capsys.readouterr()
    
>       assert status == 0
E       assert 1 == 0

tests/test_theorem_capsule_planning.py:196: AssertionError
______________________ test_replay_supported_tar_archive _______________________

tmp_path = PosixPath('/tmp/pytest-of-codex/pytest-715/test_replay_supported_tar_arch0')

    def test_replay_supported_tar_archive(
        tmp_path: Path,
    ) -> None:
        repository = tmp_path / "repository"
        shutil.copytree(FIXTURE, repository)
        subprocess.run(["lake", "build"], cwd=repository, check=True, capture_output=True)
>       plan = plan_theorem_capsule(repository, "CapsuleFixture.chosen")
               ^^^^^^^^^^^^^^^^^^^^^^^^^^^^^^^^^^^^^^^^^^^^^^^^^^^^^^^^^

tests/test_theorem_capsule_replay.py:181: 
_ _ _ _ _ _ _ _ _ _ _ _ _ _ _ _ _ _ _ _ _ _ _ _ _ _ _ _ _ _ _ _ _ _ _ _ _ _ _ _ 
/tmp/ladon-clean-gate-5ildz9cy/environment/lib/python3.11/site-packages/ladon/theorem_capsule_planning.py:86: in plan_theorem_capsule
    helper = _run_exact_helper(
_ _ _ _ _ _ _ _ _ _ _ _ _ _ _ _ _ _ _ _ _ _ _ _ _ _ _ _ _ _ _ _ _ _ _ _ _ _ _ _ 

repo_root = PosixPath('/tmp/pytest-of-codex/pytest-715/test_replay_supported_tar_arch0/repository')
entry = CapsuleSource(module='CapsuleFixture', path='CapsuleFixture.lean', content=b'import CapsuleFixture.Base\nimport Capsul...:= by\n  trivial\n\nend LocalContext\n\nend CapsuleFixture\n', imports=('CapsuleFixture.Base', 'CapsuleFixture.Large'))
theorem_name = 'CapsuleFixture.chosen'
layout = CapsuleLayout(root=PosixPath('/tmp/pytest-of-codex/pytest-715/test_replay_supported_tar_arch0/repository'), source_map...': 'CapsuleFixture/Large.lean'}, fingerprint='sha256:05a9715980f86be61dcaa12764c192a1249f24c557357c093da96a9c1e5f3dcc')

    def _run_exact_helper(
        repo_root: Path,
        entry: CapsuleSource,
        theorem_name: str,
        layout: CapsuleLayout,
        *,
        helper_path: Path,
        timeout_seconds: float,
        max_rss_bytes: int | None,
        cancel_event: threading.Event | None,
    ) -> dict[str, Any]:
        try:
            execution = prepare_direct_lean_execution(
                repo_root,
                entry.module,
                None,
                require_compiled_module=True,
            )
        except ValueError as exc:
            raise CapsuleOperationalError(str(exc)) from exc
        with tempfile.TemporaryDirectory(prefix="ladon-theorem-plan-") as temporary:
            module_file = Path(temporary) / "repository-modules.txt"
            module_file.write_text(
                "\n".join(layout.modules) + "\n",
                encoding="utf-8",
            )
            process = run_bounded_target_process(
                [
                    *execution.command,
                    "--run",
                    str(helper_path),
                    entry.module,
                    entry.path,
                    theorem_name,
                    str(module_file),
                ],
                cwd=repo_root,
                env=execution.environment,
                timeout_seconds=timeout_seconds,
                max_output_bytes=HELPER_OUTPUT_LIMIT_BYTES,
                max_rss_bytes=max_rss_bytes,
                cancel_event=cancel_event,
            )
        if process.output_limited:
            raise CapsuleOperationalError(
                "Lean theorem dependency stream exceeded the finite output limit"
            )
        if process.memory_limited:
            raise CapsuleOperationalError(
                "Lean theorem helper exceeded the finite process-tree RSS limit"
            )
        if not process.succeeded:
            outcome = "timed out" if process.timed_out else "failed"
            detail = (process.stderr or process.stdout).strip()[:2000]
>           raise CapsuleOperationalError(
                f"Lean theorem helper {outcome} for {entry.path}: {detail}"
            )
E           ladon.theorem_capsule_models.CapsuleOperationalError: Lean theorem helper failed for CapsuleFixture.lean: info: Version 4.2.4 of elan is available! Use `elan self update` to update.
E           info: downloading https://releases.lean-lang.org/lean4/v4.32.1/lean-4.32.1-linux.tar.zst
E           
E           thread 'main' panicked at library/std/src/io/stdio.rs:1165:9:
E           failed printing to stdout: Quota exceeded (os error 122)
E           note: run with `RUST_BACKTRACE=1` environment variable to display a backtrace

/tmp/ladon-clean-gate-5ildz9cy/environment/lib/python3.11/site-packages/ladon/theorem_capsule_planning.py:197: CapsuleOperationalError
______________________ test_replay_supported_zip_archive _______________________

tmp_path = PosixPath('/tmp/pytest-of-codex/pytest-715/test_replay_supported_zip_arch0')

    def test_replay_supported_zip_archive(
        tmp_path: Path,
    ) -> None:
        repository = tmp_path / "repository"
        shutil.copytree(FIXTURE, repository)
        subprocess.run(["lake", "build"], cwd=repository, check=True, capture_output=True)
>       plan = plan_theorem_capsule(repository, "CapsuleFixture.chosen")
               ^^^^^^^^^^^^^^^^^^^^^^^^^^^^^^^^^^^^^^^^^^^^^^^^^^^^^^^^^

tests/test_theorem_capsule_replay.py:197: 
_ _ _ _ _ _ _ _ _ _ _ _ _ _ _ _ _ _ _ _ _ _ _ _ _ _ _ _ _ _ _ _ _ _ _ _ _ _ _ _ 
/tmp/ladon-clean-gate-5ildz9cy/environment/lib/python3.11/site-packages/ladon/theorem_capsule_planning.py:86: in plan_theorem_capsule
    helper = _run_exact_helper(
_ _ _ _ _ _ _ _ _ _ _ _ _ _ _ _ _ _ _ _ _ _ _ _ _ _ _ _ _ _ _ _ _ _ _ _ _ _ _ _ 

repo_root = PosixPath('/tmp/pytest-of-codex/pytest-715/test_replay_supported_zip_arch0/repository')
entry = CapsuleSource(module='CapsuleFixture', path='CapsuleFixture.lean', content=b'import CapsuleFixture.Base\nimport Capsul...:= by\n  trivial\n\nend LocalContext\n\nend CapsuleFixture\n', imports=('CapsuleFixture.Base', 'CapsuleFixture.Large'))
theorem_name = 'CapsuleFixture.chosen'
layout = CapsuleLayout(root=PosixPath('/tmp/pytest-of-codex/pytest-715/test_replay_supported_zip_arch0/repository'), source_map...': 'CapsuleFixture/Large.lean'}, fingerprint='sha256:05a9715980f86be61dcaa12764c192a1249f24c557357c093da96a9c1e5f3dcc')

    def _run_exact_helper(
        repo_root: Path,
        entry: CapsuleSource,
        theorem_name: str,
        layout: CapsuleLayout,
        *,
        helper_path: Path,
        timeout_seconds: float,
        max_rss_bytes: int | None,
        cancel_event: threading.Event | None,
    ) -> dict[str, Any]:
        try:
            execution = prepare_direct_lean_execution(
                repo_root,
                entry.module,
                None,
                require_compiled_module=True,
            )
        except ValueError as exc:
            raise CapsuleOperationalError(str(exc)) from exc
        with tempfile.TemporaryDirectory(prefix="ladon-theorem-plan-") as temporary:
            module_file = Path(temporary) / "repository-modules.txt"
            module_file.write_text(
                "\n".join(layout.modules) + "\n",
                encoding="utf-8",
            )
            process = run_bounded_target_process(
                [
                    *execution.command,
                    "--run",
                    str(helper_path),
                    entry.module,
                    entry.path,
                    theorem_name,
                    str(module_file),
                ],
                cwd=repo_root,
                env=execution.environment,
                timeout_seconds=timeout_seconds,
                max_output_bytes=HELPER_OUTPUT_LIMIT_BYTES,
                max_rss_bytes=max_rss_bytes,
                cancel_event=cancel_event,
            )
        if process.output_limited:
            raise CapsuleOperationalError(
                "Lean theorem dependency stream exceeded the finite output limit"
            )
        if process.memory_limited:
            raise CapsuleOperationalError(
                "Lean theorem helper exceeded the finite process-tree RSS limit"
            )
        if not process.succeeded:
            outcome = "timed out" if process.timed_out else "failed"
            detail = (process.stderr or process.stdout).strip()[:2000]
>           raise CapsuleOperationalError(
                f"Lean theorem helper {outcome} for {entry.path}: {detail}"
            )
E           ladon.theorem_capsule_models.CapsuleOperationalError: Lean theorem helper failed for CapsuleFixture.lean: info: Version 4.2.4 of elan is available! Use `elan self update` to update.
E           info: downloading https://releases.lean-lang.org/lean4/v4.32.1/lean-4.32.1-linux.tar.zst
E           
E           thread 'main' panicked at library/std/src/io/stdio.rs:1165:9:
E           failed printing to stdout: Quota exceeded (os error 122)
E           note: run with `RUST_BACKTRACE=1` environment variable to display a backtrace

/tmp/ladon-clean-gate-5ildz9cy/environment/lib/python3.11/site-packages/ladon/theorem_capsule_planning.py:197: CapsuleOperationalError
_________ test_replay_verifies_multiple_source_roots_without_checkout __________

tmp_path = PosixPath('/tmp/pytest-of-codex/pytest-715/test_replay_verifies_multiple_0')

    def test_replay_verifies_multiple_source_roots_without_checkout(
        tmp_path: Path,
    ) -> None:
        repository = tmp_path / "repository"
        shutil.copytree(MULTI_ROOT_FIXTURE, repository)
        subprocess.run(["lake", "build"], cwd=repository, check=True, capture_output=True)
>       plan = plan_theorem_capsule(repository, "Main.selected")
               ^^^^^^^^^^^^^^^^^^^^^^^^^^^^^^^^^^^^^^^^^^^^^^^^^

tests/test_theorem_capsule_replay.py:229: 
_ _ _ _ _ _ _ _ _ _ _ _ _ _ _ _ _ _ _ _ _ _ _ _ _ _ _ _ _ _ _ _ _ _ _ _ _ _ _ _ 
/tmp/ladon-clean-gate-5ildz9cy/environment/lib/python3.11/site-packages/ladon/theorem_capsule_planning.py:86: in plan_theorem_capsule
    helper = _run_exact_helper(
_ _ _ _ _ _ _ _ _ _ _ _ _ _ _ _ _ _ _ _ _ _ _ _ _ _ _ _ _ _ _ _ _ _ _ _ _ _ _ _ 

repo_root = PosixPath('/tmp/pytest-of-codex/pytest-715/test_replay_verifies_multiple_0/repository')
entry = CapsuleSource(module='Main', path='src/Main.lean', content=b'import Support\n\ntheorem Main.selected : Support.answer = 42 := by\n  rfl\n\ntheorem Main.later : True := by\n  trivial\n', imports=('Support',))
theorem_name = 'Main.selected'
layout = CapsuleLayout(root=PosixPath('/tmp/pytest-of-codex/pytest-715/test_replay_verifies_multiple_0/repository'), source_map...pport': 'support/Support.lean'}, fingerprint='sha256:4dc603f1f9de8d98fd2b42495918afe92e9e658a72fdf18d5088e5e441709b0f')

    def _run_exact_helper(
        repo_root: Path,
        entry: CapsuleSource,
        theorem_name: str,
        layout: CapsuleLayout,
        *,
        helper_path: Path,
        timeout_seconds: float,
        max_rss_bytes: int | None,
        cancel_event: threading.Event | None,
    ) -> dict[str, Any]:
        try:
            execution = prepare_direct_lean_execution(
                repo_root,
                entry.module,
                None,
                require_compiled_module=True,
            )
        except ValueError as exc:
            raise CapsuleOperationalError(str(exc)) from exc
        with tempfile.TemporaryDirectory(prefix="ladon-theorem-plan-") as temporary:
            module_file = Path(temporary) / "repository-modules.txt"
            module_file.write_text(
                "\n".join(layout.modules) + "\n",
                encoding="utf-8",
            )
            process = run_bounded_target_process(
                [
                    *execution.command,
                    "--run",
                    str(helper_path),
                    entry.module,
                    entry.path,
                    theorem_name,
                    str(module_file),
                ],
                cwd=repo_root,
                env=execution.environment,
                timeout_seconds=timeout_seconds,
                max_output_bytes=HELPER_OUTPUT_LIMIT_BYTES,
                max_rss_bytes=max_rss_bytes,
                cancel_event=cancel_event,
            )
        if process.output_limited:
            raise CapsuleOperationalError(
                "Lean theorem dependency stream exceeded the finite output limit"
            )
        if process.memory_limited:
            raise CapsuleOperationalError(
                "Lean theorem helper exceeded the finite process-tree RSS limit"
            )
        if not process.succeeded:
            outcome = "timed out" if process.timed_out else "failed"
            detail = (process.stderr or process.stdout).strip()[:2000]
>           raise CapsuleOperationalError(
                f"Lean theorem helper {outcome} for {entry.path}: {detail}"
            )
E           ladon.theorem_capsule_models.CapsuleOperationalError: Lean theorem helper failed for src/Main.lean: info: Version 4.2.4 of elan is available! Use `elan self update` to update.
E           info: downloading https://releases.lean-lang.org/lean4/v4.32.1/lean-4.32.1-linux.tar.zst
E           
E           thread 'main' panicked at library/std/src/io/stdio.rs:1165:9:
E           failed printing to stdout: Quota exceeded (os error 122)
E           note: run with `RUST_BACKTRACE=1` environment variable to display a backtrace

/tmp/ladon-clean-gate-5ildz9cy/environment/lib/python3.11/site-packages/ladon/theorem_capsule_planning.py:197: CapsuleOperationalError
_________________ test_extract_cli_composes_the_same_services __________________

tmp_path = PosixPath('/tmp/pytest-of-codex/pytest-715/test_extract_cli_composes_the_0')
capsys = <_pytest.capture.CaptureFixture object at 0x7fa77a968f10>

    def test_extract_cli_composes_the_same_services(
        tmp_path: Path,
        capsys: pytest.CaptureFixture[str],
    ) -> None:
        repository = tmp_path / "repository"
        shutil.copytree(FIXTURE, repository)
        subprocess.run(["lake", "build"], cwd=repository, check=True, capture_output=True)
        capsule = tmp_path / "capsule"
    
        status = theorem_main(
            [
                "extract",
                "CapsuleFixture.chosen",
                "--repo-root",
                str(repository),
                "--output",
                str(capsule),
                "--verify",
                "--format",
                "json",
            ]
        )
        captured = capsys.readouterr()
>       payload = json.loads(captured.out)
                  ^^^^^^^^^^^^^^^^^^^^^^^^

tests/test_theorem_capsule_replay.py:262: 
_ _ _ _ _ _ _ _ _ _ _ _ _ _ _ _ _ _ _ _ _ _ _ _ _ _ _ _ _ _ _ _ _ _ _ _ _ _ _ _ 
/home/codex/miniconda3/lib/python3.11/json/__init__.py:346: in loads
    return _default_decoder.decode(s)
           ^^^^^^^^^^^^^^^^^^^^^^^^^^
/home/codex/miniconda3/lib/python3.11/json/decoder.py:337: in decode
    obj, end = self.raw_decode(s, idx=_w(s, 0).end())
               ^^^^^^^^^^^^^^^^^^^^^^^^^^^^^^^^^^^^^^
_ _ _ _ _ _ _ _ _ _ _ _ _ _ _ _ _ _ _ _ _ _ _ _ _ _ _ _ _ _ _ _ _ _ _ _ _ _ _ _ 

self = <json.decoder.JSONDecoder object at 0x7fa77fa4e290>, s = '', idx = 0

    def raw_decode(self, s, idx=0):
        """Decode a JSON document from ``s`` (a ``str`` beginning with
        a JSON document) and return a 2-tuple of the Python
        representation and the index in ``s`` where the document ended.
    
        This can be used to decode a JSON document from a string that may
        have extraneous data at the end.
    
        """
        try:
            obj, end = self.scan_once(s, idx)
        except StopIteration as err:
>           raise JSONDecodeError("Expecting value", s, err.value) from None
E           json.decoder.JSONDecodeError: Expecting value: line 1 column 1 (char 0)

/home/codex/miniconda3/lib/python3.11/json/decoder.py:355: JSONDecodeError
_____ test_installed_cli_refreshes_then_serves_a_warm_source_linked_route ______

compiled_repository = PosixPath('/tmp/pytest-of-codex/pytest-715/test_installed_cli_refreshes_t0/repository')
tmp_path = PosixPath('/tmp/pytest-of-codex/pytest-715/test_installed_cli_refreshes_t0')

    def test_installed_cli_refreshes_then_serves_a_warm_source_linked_route(
        compiled_repository: Path, tmp_path: Path
    ) -> None:
        build_proof_search_index(compiled_repository)
>       first_payload = _run_lineage(compiled_repository, tmp_path / "first.json", "missing")
                        ^^^^^^^^^^^^^^^^^^^^^^^^^^^^^^^^^^^^^^^^^^^^^^^^^^^^^^^^^^^^^^^^^^^^^

tests/test_theorem_lineage_integration.py:58: 
_ _ _ _ _ _ _ _ _ _ _ _ _ _ _ _ _ _ _ _ _ _ _ _ _ _ _ _ _ _ _ _ _ _ _ _ _ _ _ _ 

repository = PosixPath('/tmp/pytest-of-codex/pytest-715/test_installed_cli_refreshes_t0/repository')
output = PosixPath('/tmp/pytest-of-codex/pytest-715/test_installed_cli_refreshes_t0/first.json')
refresh = 'missing'

    def _run_lineage(
        repository: Path,
        output: Path,
        refresh: str,
        *,
        boundary: str = "project",
        roots: tuple[str, ...] = (),
    ) -> dict[str, object]:
        command = [
            "lineage", "CapsuleFixture.chosen", "--repo-root", str(repository),
            "--view", "routes", "--from", boundary, "--format", "json",
            "--refresh", refresh, "--output", str(output),
        ]
        for root in roots:
            command.extend(("--root", root))
>       assert theorem_main(command) == 0
E       AssertionError: assert 1 == 0
E        +  where 1 = theorem_main(['lineage', 'CapsuleFixture.chosen', '--repo-root', '/tmp/pytest-of-codex/pytest-715/test_installed_cli_refreshes_t0/repository', '--view', 'routes', ...])

tests/test_theorem_lineage_integration.py:85: AssertionError
----------------------------- Captured stderr call -----------------------------
{"detail": "CapsuleFixture.chosen", "phase": "planning", "schema": "ladon-theorem-lineage-progress-v1"}
{"detail": "error:CapsuleOperationalError", "phase": "terminal", "schema": "ladon-theorem-lineage-progress-v1"}
ladon theorem: operational failure: Lean theorem helper failed for CapsuleFixture.lean: info: Version 4.2.4 of elan is available! Use `elan self update` to update.
info: downloading https://releases.lean-lang.org/lean4/v4.32.1/lean-4.32.1-linux.tar.zst

thread 'main' panicked at library/std/src/io/stdio.rs:1165:9:
failed printing to stdout: Quota exceeded (os error 122)
note: run with `RUST_BACKTRACE=1` environment variable to display a backtrace
=========================== short test summary info ============================
FAILED tests/test_audit_enrichment.py::test_real_helper_supplies_exact_check_and_axiom_results - RuntimeError: Lean elaborated helper failed for LadonDeclarationFixture.lean: info: Version 4.2.4 of elan is available! Use `elan self update` to update.
info: downloading https://releases.lean-lang.org/lean4/v4.32.1/lean-4.32.1-linux.tar.zst
info: installing /tmp/ladon-clean-gate-5ildz9cy/home/.elan/toolchains/leanprover--lean4---v4.32.1
error: failed to extract package
info: caused by: failed to unpack `lean-4.32.1-linux/lib/lean/Lean/Meta/Tactic/Simp/Arith/Nat/Basic.olean.private` into `/tmp/ladon-clean-gate-5ildz9cy/home/.elan/toolchains/leanprover--lean4---v4.32.tmp/lib/lean/Lean/Meta/Tactic/Simp/Arith/Nat/Basic.olean.private`
info: caused by: Quota exceeded (os error 122)
FAILED tests/test_discovery_scope_lean_integration.py::test_console_discovers_and_checks_imported_lemma[repository-stored] - AssertionError: {"diagnostic":{"code":"toolchain-unavailable","message":"cannot inspect lake version: timed out","remediation":"Run 'ladon doctor --json' and correct the reported Lean/Lake posture."},"exitClass":"operational","exitCode":1,"operation":"discover","schema":"ladon-proof-search-terminal-v1","status":"failed"}
  
assert 1 == 0
 +  where 1 = CompletedProcess(args=['/tmp/ladon-clean-gate-5ildz9cy/environment/bin/ladon', 'proof-search', 'discover', '--repo-roo...ass":"operational","exitCode":1,"operation":"discover","schema":"ladon-proof-search-terminal-v1","status":"failed"}\n').returncode
FAILED tests/test_discovery_scope_lean_integration.py::test_console_discovers_and_checks_imported_lemma[module-verify] - AssertionError: {"diagnostic":{"code":"toolchain-unavailable","message":"cannot inspect lake version: timed out","remediation":"Run 'ladon doctor --json' and correct the reported Lean/Lake posture."},"exitClass":"operational","exitCode":1,"operation":"discover","schema":"ladon-proof-search-terminal-v1","status":"failed"}
  
assert 1 == 0
 +  where 1 = CompletedProcess(args=['/tmp/ladon-clean-gate-5ildz9cy/environment/bin/ladon', 'proof-search', 'discover', '--repo-roo...ass":"operational","exitCode":1,"operation":"discover","schema":"ladon-proof-search-terminal-v1","status":"failed"}\n').returncode
FAILED tests/test_semantic_candidate_lean_integration.py::test_default_ambient_scratch_receipt_is_expandable - AssertionError: {"diagnostic":{"code":"toolchain-unavailable","message":"cannot inspect lake version: failed or exceeded output bounds","remediation":"Run 'ladon doctor --json' and correct the reported Lean/Lake posture."},"exitClass":"operational","exitCode":1,"operation":"discover","schema":"ladon-proof-search-terminal-v1","status":"failed"}
  
assert 1 == 0
 +  where 1 = CompletedProcess(args=['/tmp/ladon-clean-gate-5ildz9cy/environment/bin/python3', '-m', 'ladon.entrypoint', 'proof-sear...ass":"operational","exitCode":1,"operation":"discover","schema":"ladon-proof-search-terminal-v1","status":"failed"}\n').returncode
FAILED tests/test_semantic_candidate_lean_integration.py::test_installed_cli_emits_batch_closed_semantic_evidence - AssertionError: {"diagnostic":{"code":"toolchain-unavailable","message":"cannot inspect lake version: failed or exceeded output bounds","remediation":"Run 'ladon doctor --json' and correct the reported Lean/Lake posture."},"exitClass":"operational","exitCode":1,"operation":"check.candidate","schema":"ladon-proof-search-terminal-v1","status":"failed"}
  
assert 1 == 0
 +  where 1 = CompletedProcess(args=['/tmp/ladon-clean-gate-5ildz9cy/environment/bin/python3', '-m', 'ladon.entrypoint', 'proof-sear...perational","exitCode":1,"operation":"check.candidate","schema":"ladon-proof-search-terminal-v1","status":"failed"}\n').returncode
FAILED tests/test_semantic_candidate_lean_integration.py::test_installed_cli_default_projection_is_compact_and_expandable - AssertionError: {"diagnostic":{"code":"toolchain-unavailable","message":"cannot inspect lake version: failed or exceeded output bounds","remediation":"Run 'ladon doctor --json' and correct the reported Lean/Lake posture."},"exitClass":"operational","exitCode":1,"operation":"check.candidate","schema":"ladon-proof-search-terminal-v1","status":"failed"}
  
assert 1 == 0
 +  where 1 = CompletedProcess(args=['/tmp/ladon-clean-gate-5ildz9cy/environment/bin/python3', '-m', 'ladon.entrypoint', 'proof-sear...perational","exitCode":1,"operation":"check.candidate","schema":"ladon-proof-search-terminal-v1","status":"failed"}\n').returncode
FAILED tests/test_semantic_candidate_lean_integration.py::test_discovery_batches_candidates_and_replays_selected_scratch - AssertionError: {"diagnostic":{"code":"toolchain-unavailable","message":"cannot inspect lake version: failed or exceeded output bounds","remediation":"Run 'ladon doctor --json' and correct the reported Lean/Lake posture."},"exitClass":"operational","exitCode":1,"operation":"discover","schema":"ladon-proof-search-terminal-v1","status":"failed"}
  
assert 1 == 0
 +  where 1 = CompletedProcess(args=['/tmp/ladon-clean-gate-5ildz9cy/environment/bin/python3', '-m', 'ladon.entrypoint', 'proof-sear...ass":"operational","exitCode":1,"operation":"discover","schema":"ladon-proof-search-terminal-v1","status":"failed"}\n').returncode
FAILED tests/test_semantic_candidate_lean_integration.py::test_discovery_default_is_compact_and_does_not_replay_scratch - AssertionError: {"diagnostic":{"code":"toolchain-unavailable","message":"cannot inspect lake version: failed or exceeded output bounds","remediation":"Run 'ladon doctor --json' and correct the reported Lean/Lake posture."},"exitClass":"operational","exitCode":1,"operation":"discover","schema":"ladon-proof-search-terminal-v1","status":"failed"}
  
assert 1 == 0
 +  where 1 = CompletedProcess(args=['/tmp/ladon-clean-gate-5ildz9cy/environment/bin/python3', '-m', 'ladon.entrypoint', 'proof-sear...ass":"operational","exitCode":1,"operation":"discover","schema":"ladon-proof-search-terminal-v1","status":"failed"}\n').returncode
FAILED tests/test_semantic_candidate_lean_integration.py::test_installed_cli_accepts_caller_local_context - AssertionError: {"diagnostic":{"code":"toolchain-unavailable","message":"cannot inspect lake version: failed or exceeded output bounds","remediation":"Run 'ladon doctor --json' and correct the reported Lean/Lake posture."},"exitClass":"operational","exitCode":1,"operation":"discover","schema":"ladon-proof-search-terminal-v1","status":"failed"}
  
assert 1 == 0
 +  where 1 = CompletedProcess(args=['/tmp/ladon-clean-gate-5ildz9cy/environment/bin/python3', '-m', 'ladon.entrypoint', 'proof-sear...ass":"operational","exitCode":1,"operation":"discover","schema":"ladon-proof-search-terminal-v1","status":"failed"}\n').returncode
FAILED tests/test_semantic_candidate_lean_integration.py::test_lean_owned_name_parser_accepts_unicode_declaration_name - AssertionError: {"diagnostic":{"code":"toolchain-unavailable","message":"cannot inspect lake version: failed or exceeded output bounds","remediation":"Run 'ladon doctor --json' and correct the reported Lean/Lake posture."},"exitClass":"operational","exitCode":1,"operation":"check.candidate","schema":"ladon-proof-search-terminal-v1","status":"failed"}
  
assert 1 == 0
 +  where 1 = CompletedProcess(args=['/tmp/ladon-clean-gate-5ildz9cy/environment/bin/python3', '-m', 'ladon.entrypoint', 'proof-sear...perational","exitCode":1,"operation":"check.candidate","schema":"ladon-proof-search-terminal-v1","status":"failed"}\n').returncode
FAILED tests/test_semantic_candidate_lean_integration.py::test_worker_preserves_complete_introduced_local_context - AssertionError: {"diagnostic":{"code":"toolchain-unavailable","message":"cannot inspect lake version: failed or exceeded output bounds","remediation":"Run 'ladon doctor --json' and correct the reported Lean/Lake posture."},"exitClass":"operational","exitCode":1,"operation":"check.candidate","schema":"ladon-proof-search-terminal-v1","status":"failed"}
  
assert 1 == 0
 +  where 1 = CompletedProcess(args=['/tmp/ladon-clean-gate-5ildz9cy/environment/bin/python3', '-m', 'ladon.entrypoint', 'proof-sear...perational","exitCode":1,"operation":"check.candidate","schema":"ladon-proof-search-terminal-v1","status":"failed"}\n').returncode
FAILED tests/test_semantic_candidate_lean_integration.py::test_theorem_query_accepts_worker_candidate_declaration_name - AssertionError: assert 'failed-checker' == 'accepted'
  
  - accepted
  + failed-checker
FAILED tests/test_semantic_candidate_residual_integration.py::test_lean_application_emits_substitutions_residuals_and_context - AssertionError: {"diagnostic":{"code":"toolchain-unavailable","message":"cannot inspect lake version: failed or exceeded output bounds","remediation":"Run 'ladon doctor --json' and correct the reported Lean/Lake posture."},"exitClass":"operational","exitCode":1,"operation":"check.candidate","schema":"ladon-proof-search-terminal-v1","status":"failed"}
  
assert 1 == 0
 +  where 1 = CompletedProcess(args=['/tmp/ladon-clean-gate-5ildz9cy/environment/bin/python3', '-m', 'ladon.entrypoint', 'proof-sear...perational","exitCode":1,"operation":"check.candidate","schema":"ladon-proof-search-terminal-v1","status":"failed"}\n').returncode
FAILED tests/test_semantic_candidate_security_contract.py::test_lean_name_parser_rejects_non_identifier_candidate - assert 1 == 0
 +  where 1 = CompletedProcess(args=['/tmp/ladon-clean-gate-5ildz9cy/environment/bin/python3', '-m', 'ladon.entrypoint', 'proof-sear...perational","exitCode":1,"operation":"check.candidate","schema":"ladon-proof-search-terminal-v1","status":"failed"}\n').returncode
FAILED tests/test_semantic_candidate_security_contract.py::test_missing_candidate_is_reference_closed_semantic_rejection - AssertionError: {"diagnostic":{"code":"toolchain-unavailable","message":"cannot inspect lake version: failed or exceeded output bounds","remediation":"Run 'ladon doctor --json' and correct the reported Lean/Lake posture."},"exitClass":"operational","exitCode":1,"operation":"check.candidate","schema":"ladon-proof-search-terminal-v1","status":"failed"}
  
assert 1 == 0
 +  where 1 = CompletedProcess(args=['/tmp/ladon-clean-gate-5ildz9cy/environment/bin/python3', '-m', 'ladon.entrypoint', 'proof-sear...perational","exitCode":1,"operation":"check.candidate","schema":"ladon-proof-search-terminal-v1","status":"failed"}\n').returncode
FAILED tests/test_semantic_candidate_security_contract.py::test_real_check_claims_elaborator_route_not_kernel_theorem_truth - AssertionError: {"diagnostic":{"code":"toolchain-unavailable","message":"cannot inspect lake version: failed or exceeded output bounds","remediation":"Run 'ladon doctor --json' and correct the reported Lean/Lake posture."},"exitClass":"operational","exitCode":1,"operation":"check.candidate","schema":"ladon-proof-search-terminal-v1","status":"failed"}
  
assert 1 == 0
 +  where 1 = CompletedProcess(args=['/tmp/ladon-clean-gate-5ildz9cy/environment/bin/python3', '-m', 'ladon.entrypoint', 'proof-sear...perational","exitCode":1,"operation":"check.candidate","schema":"ladon-proof-search-terminal-v1","status":"failed"}\n').returncode
FAILED tests/test_theorem_capsule_materialization.py::test_materialization_preserves_multiple_declared_source_roots - ladon.theorem_capsule_models.CapsuleOperationalError: Lean theorem helper failed for src/Main.lean: info: Version 4.2.4 of elan is available! Use `elan self update` to update.
info: downloading https://releases.lean-lang.org/lean4/v4.32.1/lean-4.32.1-linux.tar.zst

thread 'main' panicked at library/std/src/io/stdio.rs:1165:9:
failed printing to stdout: Quota exceeded (os error 122)
note: run with `RUST_BACKTRACE=1` environment variable to display a backtrace
FAILED tests/test_theorem_capsule_planning.py::test_plan_is_exact_complete_and_deterministic - ladon.theorem_capsule_models.CapsuleOperationalError: Lean theorem helper failed for CapsuleFixture.lean: info: Version 4.2.4 of elan is available! Use `elan self update` to update.
info: downloading https://releases.lean-lang.org/lean4/v4.32.1/lean-4.32.1-linux.tar.zst

thread 'main' panicked at library/std/src/io/stdio.rs:1165:9:
failed printing to stdout: Quota exceeded (os error 122)
note: run with `RUST_BACKTRACE=1` environment variable to display a backtrace
FAILED tests/test_theorem_capsule_planning.py::test_plan_prefix_ends_before_later_theorem - ladon.theorem_capsule_models.CapsuleOperationalError: Lean theorem helper failed for CapsuleFixture.lean: info: Version 4.2.4 of elan is available! Use `elan self update` to update.
info: downloading https://releases.lean-lang.org/lean4/v4.32.1/lean-4.32.1-linux.tar.zst

thread 'main' panicked at library/std/src/io/stdio.rs:1165:9:
failed printing to stdout: Quota exceeded (os error 122)
note: run with `RUST_BACKTRACE=1` environment variable to display a backtrace
FAILED tests/test_theorem_capsule_planning.py::test_plan_rejects_short_and_wrong_kind_names - ladon.theorem_capsule_models.CapsuleOperationalError: Lean theorem helper failed for CapsuleFixture/Base.lean: info: Version 4.2.4 of elan is available! Use `elan self update` to update.
info: downloading https://releases.lean-lang.org/lean4/v4.32.1/lean-4.32.1-linux.tar.zst

thread 'main' panicked at library/std/src/io/stdio.rs:1165:9:
failed printing to stdout: Quota exceeded (os error 122)
note: run with `RUST_BACKTRACE=1` environment variable to display a backtrace
FAILED tests/test_theorem_capsule_planning.py::test_plan_marks_native_lake_facets_ineligible - ladon.theorem_capsule_models.CapsuleOperationalError: Lean theorem helper failed for CapsuleFixture.lean: info: Version 4.2.4 of elan is available! Use `elan self update` to update.
info: downloading https://releases.lean-lang.org/lean4/v4.32.1/lean-4.32.1-linux.tar.zst

thread 'main' panicked at library/std/src/io/stdio.rs:1165:9:
failed printing to stdout: Quota exceeded (os error 122)
note: run with `RUST_BACKTRACE=1` environment variable to display a backtrace
FAILED tests/test_theorem_capsule_planning.py::test_plan_cli_emits_one_json_document - assert 1 == 0
FAILED tests/test_theorem_capsule_replay.py::test_replay_supported_tar_archive - ladon.theorem_capsule_models.CapsuleOperationalError: Lean theorem helper failed for CapsuleFixture.lean: info: Version 4.2.4 of elan is available! Use `elan self update` to update.
info: downloading https://releases.lean-lang.org/lean4/v4.32.1/lean-4.32.1-linux.tar.zst

thread 'main' panicked at library/std/src/io/stdio.rs:1165:9:
failed printing to stdout: Quota exceeded (os error 122)
note: run with `RUST_BACKTRACE=1` environment variable to display a backtrace
FAILED tests/test_theorem_capsule_replay.py::test_replay_supported_zip_archive - ladon.theorem_capsule_models.CapsuleOperationalError: Lean theorem helper failed for CapsuleFixture.lean: info: Version 4.2.4 of elan is available! Use `elan self update` to update.
info: downloading https://releases.lean-lang.org/lean4/v4.32.1/lean-4.32.1-linux.tar.zst

thread 'main' panicked at library/std/src/io/stdio.rs:1165:9:
failed printing to stdout: Quota exceeded (os error 122)
note: run with `RUST_BACKTRACE=1` environment variable to display a backtrace
FAILED tests/test_theorem_capsule_replay.py::test_replay_verifies_multiple_source_roots_without_checkout - ladon.theorem_capsule_models.CapsuleOperationalError: Lean theorem helper failed for src/Main.lean: info: Version 4.2.4 of elan is available! Use `elan self update` to update.
info: downloading https://releases.lean-lang.org/lean4/v4.32.1/lean-4.32.1-linux.tar.zst

thread 'main' panicked at library/std/src/io/stdio.rs:1165:9:
failed printing to stdout: Quota exceeded (os error 122)
note: run with `RUST_BACKTRACE=1` environment variable to display a backtrace
FAILED tests/test_theorem_capsule_replay.py::test_extract_cli_composes_the_same_services - json.decoder.JSONDecodeError: Expecting value: line 1 column 1 (char 0)
FAILED tests/test_theorem_lineage_integration.py::test_installed_cli_refreshes_then_serves_a_warm_source_linked_route - AssertionError: assert 1 == 0
 +  where 1 = theorem_main(['lineage', 'CapsuleFixture.chosen', '--repo-root', '/tmp/pytest-of-codex/pytest-715/test_installed_cli_refreshes_t0/repository', '--view', 'routes', ...])
ERROR tests/test_theorem_capsule_materialization.py::test_materialization_preserves_prefix_and_imports - ladon.theorem_capsule_models.CapsuleOperationalError: Lean theorem helper failed for CapsuleFixture.lean: info: Version 4.2.4 of elan is available! Use `elan self update` to update.
info: downloading https://releases.lean-lang.org/lean4/v4.32.1/lean-4.32.1-linux.tar.zst

thread 'main' panicked at library/std/src/io/stdio.rs:1165:9:
failed printing to stdout: Quota exceeded (os error 122)
note: run with `RUST_BACKTRACE=1` environment variable to display a backtrace
ERROR tests/test_theorem_capsule_materialization.py::test_materialization_is_deterministic - ladon.theorem_capsule_models.CapsuleOperationalError: Lean theorem helper failed for CapsuleFixture.lean: info: Version 4.2.4 of elan is available! Use `elan self update` to update.
info: downloading https://releases.lean-lang.org/lean4/v4.32.1/lean-4.32.1-linux.tar.zst

thread 'main' panicked at library/std/src/io/stdio.rs:1165:9:
failed printing to stdout: Quota exceeded (os error 122)
note: run with `RUST_BACKTRACE=1` environment variable to display a backtrace
ERROR tests/test_theorem_capsule_materialization.py::test_reproducible_tar_output - ladon.theorem_capsule_models.CapsuleOperationalError: Lean theorem helper failed for CapsuleFixture.lean: info: Version 4.2.4 of elan is available! Use `elan self update` to update.
info: downloading https://releases.lean-lang.org/lean4/v4.32.1/lean-4.32.1-linux.tar.zst

thread 'main' panicked at library/std/src/io/stdio.rs:1165:9:
failed printing to stdout: Quota exceeded (os error 122)
note: run with `RUST_BACKTRACE=1` environment variable to display a backtrace
ERROR tests/test_theorem_capsule_materialization.py::test_reproducible_zip_output - ladon.theorem_capsule_models.CapsuleOperationalError: Lean theorem helper failed for CapsuleFixture.lean: info: Version 4.2.4 of elan is available! Use `elan self update` to update.
info: downloading https://releases.lean-lang.org/lean4/v4.32.1/lean-4.32.1-linux.tar.zst

thread 'main' panicked at library/std/src/io/stdio.rs:1165:9:
failed printing to stdout: Quota exceeded (os error 122)
note: run with `RUST_BACKTRACE=1` environment variable to display a backtrace
ERROR tests/test_theorem_capsule_materialization.py::test_materialization_rejects_stale_plan - ladon.theorem_capsule_models.CapsuleOperationalError: Lean theorem helper failed for CapsuleFixture.lean: info: Version 4.2.4 of elan is available! Use `elan self update` to update.
info: downloading https://releases.lean-lang.org/lean4/v4.32.1/lean-4.32.1-linux.tar.zst

thread 'main' panicked at library/std/src/io/stdio.rs:1165:9:
failed printing to stdout: Quota exceeded (os error 122)
note: run with `RUST_BACKTRACE=1` environment variable to display a backtrace
ERROR tests/test_theorem_capsule_materialization.py::test_materialization_rejects_output_inside_repository - ladon.theorem_capsule_models.CapsuleOperationalError: Lean theorem helper failed for CapsuleFixture.lean: info: Version 4.2.4 of elan is available! Use `elan self update` to update.
info: downloading https://releases.lean-lang.org/lean4/v4.32.1/lean-4.32.1-linux.tar.zst

thread 'main' panicked at library/std/src/io/stdio.rs:1165:9:
failed printing to stdout: Quota exceeded (os error 122)
note: run with `RUST_BACKTRACE=1` environment variable to display a backtrace
ERROR tests/test_theorem_capsule_materialization.py::test_materialization_rejects_unsafe_plan_path - ladon.theorem_capsule_models.CapsuleOperationalError: Lean theorem helper failed for CapsuleFixture.lean: info: Version 4.2.4 of elan is available! Use `elan self update` to update.
info: downloading https://releases.lean-lang.org/lean4/v4.32.1/lean-4.32.1-linux.tar.zst

thread 'main' panicked at library/std/src/io/stdio.rs:1165:9:
failed printing to stdout: Quota exceeded (os error 122)
note: run with `RUST_BACKTRACE=1` environment variable to display a backtrace
ERROR tests/test_theorem_capsule_materialization.py::test_materialization_rejects_symlinked_planned_input - ladon.theorem_capsule_models.CapsuleOperationalError: Lean theorem helper failed for CapsuleFixture.lean: info: Version 4.2.4 of elan is available! Use `elan self update` to update.
info: downloading https://releases.lean-lang.org/lean4/v4.32.1/lean-4.32.1-linux.tar.zst

thread 'main' panicked at library/std/src/io/stdio.rs:1165:9:
failed printing to stdout: Quota exceeded (os error 122)
note: run with `RUST_BACKTRACE=1` environment variable to display a backtrace
ERROR tests/test_theorem_capsule_materialization.py::test_materialization_rejects_casefold_path_collision - ladon.theorem_capsule_models.CapsuleOperationalError: Lean theorem helper failed for CapsuleFixture.lean: info: Version 4.2.4 of elan is available! Use `elan self update` to update.
info: downloading https://releases.lean-lang.org/lean4/v4.32.1/lean-4.32.1-linux.tar.zst

thread 'main' panicked at library/std/src/io/stdio.rs:1165:9:
failed printing to stdout: Quota exceeded (os error 122)
note: run with `RUST_BACKTRACE=1` environment variable to display a backtrace
ERROR tests/test_theorem_capsule_materialization.py::test_materialization_refuses_existing_destination - ladon.theorem_capsule_models.CapsuleOperationalError: Lean theorem helper failed for CapsuleFixture.lean: info: Version 4.2.4 of elan is available! Use `elan self update` to update.
info: downloading https://releases.lean-lang.org/lean4/v4.32.1/lean-4.32.1-linux.tar.zst

thread 'main' panicked at library/std/src/io/stdio.rs:1165:9:
failed printing to stdout: Quota exceeded (os error 122)
note: run with `RUST_BACKTRACE=1` environment variable to display a backtrace
ERROR tests/test_theorem_capsule_materialization.py::test_materialization_cleans_interrupted_staging - ladon.theorem_capsule_models.CapsuleOperationalError: Lean theorem helper failed for CapsuleFixture.lean: info: Version 4.2.4 of elan is available! Use `elan self update` to update.
info: downloading https://releases.lean-lang.org/lean4/v4.32.1/lean-4.32.1-linux.tar.zst

thread 'main' panicked at library/std/src/io/stdio.rs:1165:9:
failed printing to stdout: Quota exceeded (os error 122)
note: run with `RUST_BACKTRACE=1` environment variable to display a backtrace
ERROR tests/test_theorem_capsule_replay.py::test_replay_verifies_after_original_checkout_is_renamed - ladon.theorem_capsule_models.CapsuleOperationalError: Lean theorem helper failed for CapsuleFixture.lean: info: Version 4.2.4 of elan is available! Use `elan self update` to update.
info: downloading https://releases.lean-lang.org/lean4/v4.32.1/lean-4.32.1-linux.tar.zst

thread 'main' panicked at library/std/src/io/stdio.rs:1165:9:
failed printing to stdout: Quota exceeded (os error 122)
note: run with `RUST_BACKTRACE=1` environment variable to display a backtrace
ERROR tests/test_theorem_capsule_replay.py::test_replay_rejects_mutated_content_before_lean - ladon.theorem_capsule_models.CapsuleOperationalError: Lean theorem helper failed for CapsuleFixture.lean: info: Version 4.2.4 of elan is available! Use `elan self update` to update.
info: downloading https://releases.lean-lang.org/lean4/v4.32.1/lean-4.32.1-linux.tar.zst

thread 'main' panicked at library/std/src/io/stdio.rs:1165:9:
failed printing to stdout: Quota exceeded (os error 122)
note: run with `RUST_BACKTRACE=1` environment variable to display a backtrace
ERROR tests/test_theorem_capsule_replay.py::test_replay_rejects_undeclared_file - ladon.theorem_capsule_models.CapsuleOperationalError: Lean theorem helper failed for CapsuleFixture.lean: info: Version 4.2.4 of elan is available! Use `elan self update` to update.
info: downloading https://releases.lean-lang.org/lean4/v4.32.1/lean-4.32.1-linux.tar.zst

thread 'main' panicked at library/std/src/io/stdio.rs:1165:9:
failed printing to stdout: Quota exceeded (os error 122)
note: run with `RUST_BACKTRACE=1` environment variable to display a backtrace
ERROR tests/test_theorem_capsule_replay.py::test_replay_rejects_undeclared_symlink_before_lean - ladon.theorem_capsule_models.CapsuleOperationalError: Lean theorem helper failed for CapsuleFixture.lean: info: Version 4.2.4 of elan is available! Use `elan self update` to update.
info: downloading https://releases.lean-lang.org/lean4/v4.32.1/lean-4.32.1-linux.tar.zst

thread 'main' panicked at library/std/src/io/stdio.rs:1165:9:
failed printing to stdout: Quota exceeded (os error 122)
note: run with `RUST_BACKTRACE=1` environment variable to display a backtrace
ERROR tests/test_theorem_capsule_replay.py::test_replay_rejects_resigned_toolchain_drift_against_plan - ladon.theorem_capsule_models.CapsuleOperationalError: Lean theorem helper failed for CapsuleFixture.lean: info: Version 4.2.4 of elan is available! Use `elan self update` to update.
info: downloading https://releases.lean-lang.org/lean4/v4.32.1/lean-4.32.1-linux.tar.zst

thread 'main' panicked at library/std/src/io/stdio.rs:1165:9:
failed printing to stdout: Quota exceeded (os error 122)
note: run with `RUST_BACKTRACE=1` environment variable to display a backtrace
ERROR tests/test_theorem_capsule_replay.py::test_replay_detects_structural_identity_change - ladon.theorem_capsule_models.CapsuleOperationalError: Lean theorem helper failed for CapsuleFixture.lean: info: Version 4.2.4 of elan is available! Use `elan self update` to update.
info: downloading https://releases.lean-lang.org/lean4/v4.32.1/lean-4.32.1-linux.tar.zst

thread 'main' panicked at library/std/src/io/stdio.rs:1165:9:
failed printing to stdout: Quota exceeded (os error 122)
note: run with `RUST_BACKTRACE=1` environment variable to display a backtrace
ERROR tests/test_theorem_capsule_replay.py::test_replay_classifies_process_timeout_as_resource_limit - ladon.theorem_capsule_models.CapsuleOperationalError: Lean theorem helper failed for CapsuleFixture.lean: info: Version 4.2.4 of elan is available! Use `elan self update` to update.
info: downloading https://releases.lean-lang.org/lean4/v4.32.1/lean-4.32.1-linux.tar.zst

thread 'main' panicked at library/std/src/io/stdio.rs:1165:9:
failed printing to stdout: Quota exceeded (os error 122)
note: run with `RUST_BACKTRACE=1` environment variable to display a backtrace
27 failed, 2739 passed, 18 errors in 370.15s (0:06:10)
clean checkout gate: FAIL: required command failed (1): /home/codex/miniconda3/bin/uv run --locked --no-sync python scripts/python_quality.py --strict
