Mf/DP/BISHistogramConditioning.lean:7:`paper/optimal-subsampling/main_arxiv.tex`, Section 4, is permutation invariant.
Mf/DP/OptimalSubsamplingLowNoise.lean:360:The paper's unrestricted low-noise global-optimality claim is false already at
Mf/DP/PoissonFixedEpochPracticalAllEpsilonDeltaDomain.lean:74:    poissonFixedEpochDelta_le_halfSignalThreshold_of_fullBatchCalibratedSignal_sq_le
Mf/DP/PoissonFixedEpochPracticalAllEpsilonDeltaDomain.lean:122:    poissonFixedEpochDelta_le_halfSignalThreshold_iff_fullBatchCalibratedSignal_sq_le
Mf/DP/PoissonFixedEpochPracticalAllEpsilonDeltaDomain.lean:137:      poissonFixedEpochDelta_le_halfSignalThreshold_of_fullBatchCalibratedSignal_sq_le
Mf/DP/PoissonFixedEpochPracticalAllEpsilonDeltaDomain.lean:173:    poissonFixedEpochCalibratedPrivacyVariance_gt_fullBatch_of_delta_le_halfSignalThreshold
Mf/DP/PoissonFixedEpochPracticalAllEpsilonDeltaDomain.lean:184:  apply poissonFixedEpochCalibratedPrivacyVariance_gt_fullBatch_of_half_signal
Mf/DP/PoissonFixedEpochPracticalAllEpsilonDeltaDomain.lean:195:    poissonFixedEpochTotalAverageVariance_fullBatch_lt_of_delta_le_halfSignalThreshold
Mf/DP/PoissonFixedEpochPracticalAllEpsilonDeltaDomain.lean:205:        (PoissonFixedEpochPoint.fullBatch point.epoch point.epoch_pos)
Mf/DP/PoissonFixedEpochPracticalAllEpsilonDeltaDomain.lean:208:  apply poissonFixedEpochTotalAverageVariance_fullBatch_lt_allEnergy_of_half_signal
Mf/DP/PoissonFixedEpochCenterCriterionTraceDominance.lean:127:theorem poissonFixedEpochCalibratedPrivacyVariance_gt_fullBatch_of_centerCondition
Mf/DP/PoissonFixedEpochCenterCriterionTraceDominance.lean:142:  apply poissonFixedEpochCalibratedPrivacyVariance_gt_fullBatch_of_traceGap
Mf/DP/PoissonFixedEpochCenterCriterionTraceDominance.lean:150:theorem poissonFixedEpochTotalAverageVariance_fullBatch_lt_allEnergy_of_centerCondition
Mf/DP/PoissonFixedEpochCenterCriterionTraceDominance.lean:164:        (PoissonFixedEpochPoint.fullBatch point.epoch point.epoch_pos)
Mf/DP/PoissonFixedEpochCenterCriterionTraceDominance.lean:167:  apply poissonFixedEpochTotalAverageVariance_fullBatch_lt_allEnergy_of_traceGap
Mf/DP/BISGaussianResidualPayoffTransfer.lean:14:for the BIS law of `paper/optimal-subsampling/main_arxiv.tex`, Section 4.
Mf/DP/BISGaussianFixedCenterProjection.lean:9:Iteration Subsampling (`paper/optimal-subsampling/main_arxiv.tex`, Section 4).
Mf/DP/BISTruncatedGaussianMarkedMoments.lean:9:`paper/optimal-subsampling/main_arxiv.tex`, Section 4, the coordinate likelihood
Mf/DP/BISGaussianResidualCalibration.lean:7:`paper/optimal-subsampling/main_arxiv.tex`, Section 4, this module bounds the
Mf/DP/SampledGaussianFiniteFeasibility.lean.local-pre-final:70:  let base : NNReal := fullBatchGaussianCalibratedStddev horizon matchedSensitivity
Mf/DP/SampledGaussianFiniteFeasibility.lean.local-pre-final:73:    change 0 < fullBatchGaussianBaseStddev matchedSensitivity epsilon (delta / 2)
Mf/DP/SampledGaussianFiniteFeasibility.lean.local-pre-final:137:    have hFull := fullBatchGaussianCalibratedStddev_profile_eq horizon
Mf/DP/SampledGaussianFiniteFeasibility.lean.local-pre-final:142:    simpa [matchedSensitivity, fullBatchGaussianSignal, mul_assoc] using hFull
Mf/DP/SampledGaussianFiniteFeasibility.lean.local-pre-final:164:      (show 0 < (samplingRate : Real) * fullBatchGaussianSignal horizon sensitivity by
Mf/DP/SampledGaussianFiniteFeasibility.lean.local-pre-final:165:        unfold fullBatchGaussianSignal
Mf/DP/SampledGaussianFiniteFeasibility.lean.local-pre-final:171:            ((samplingRate : Real) * fullBatchGaussianSignal horizon sensitivity)
Mf/DP/DPLambdaCGDNormalizedSensitivity.lean:100:optimal. -/
Mf/DP/DPLambdaCGDNormalizedSensitivity.lean:679:  refine sensitivityUpperBound_eq_of_optimalInParticipationSets k b _
Mf/DP/DPLambdaCGDNormalizedSensitivity.lean:694:/-- The direct structural corollary exposed by an optimality seam. -/
Mf/DP/DPLambdaCGDNormalizedSensitivity.lean:695:theorem participationObjective_le_dplambdaCGDNormalizedEarliestPacked_of_optimalSeam
Mf/DP/DPLambdaCGDNormalizedSensitivity.lean:706:left-packed optimality seam is supplied. -/
Mf/DP/DPLambdaCGDNormalizedSensitivity.lean:707:theorem sensitivityUpperBound_dplambdaCGDNormalized_eq_earliestPacked_of_optimalSeam
Mf/DP/DPLambdaCGDNormalizedSensitivity.lean:714:  refine sensitivityUpperBound_eq_of_optimalInParticipationSets k b _
Mf/DP/DPLambdaCGDNormalizedSensitivity.lean:722:theorem one_le_dplambdaCGDNormalizedEarliestPackedSensitivityWitness_of_optimalSeam
Mf/DP/DPLambdaCGDNormalizedSensitivity.lean:728:  rw [← sensitivityUpperBound_dplambdaCGDNormalized_eq_earliestPacked_of_optimalSeam hn k b hb hopt]
Mf/DP/PoissonFixedEpochSkewBoundaryTrace.lean:104:    exact fixedEpochCenterGap_pos_of_boundary_nonneg point step boundary theta
Mf/DP/PoissonFixedEpochPracticalEighteenthDomain.lean:84:    poissonFixedEpochCalibratedPrivacyVariance_gt_fullBatch_of_eighteenth_domain
Mf/DP/PoissonFixedEpochPracticalEighteenthDomain.lean:125:    poissonFixedEpochCalibratedPrivacyVariance_gt_fullBatch_of_scaleFreeWideGap
Mf/DP/PoissonFixedEpochPracticalEighteenthDomain.lean:133:    poissonFixedEpochTotalAverageVariance_fullBatch_lt_allEnergy_of_eighteenth_domain
Mf/DP/PoissonFixedEpochPracticalEighteenthDomain.lean:148:        (PoissonFixedEpochPoint.fullBatch point.epoch point.epoch_pos)
Mf/DP/PoissonFixedEpochPracticalEighteenthDomain.lean:176:    poissonFixedEpochTotalAverageVariance_fullBatch_lt_allEnergy_of_scaleFreeWideGap
Mf/DP/PoissonFixedEpochRenyi.lean:407:theorem poissonFixedEpochForwardRenyiPower_fullBatch
Mf/DP/PoissonFixedEpochRenyi.lean:411:        (PoissonFixedEpochPoint.fullBatch epoch epoch_pos)
Mf/DP/PoissonFixedEpochRenyi.lean:416:  simp only [PoissonFixedEpochPoint.horizon_fullBatch,
Mf/DP/PoissonFixedEpochRenyi.lean:417:    PoissonFixedEpochPoint.epoch_fullBatch,
Mf/DP/PoissonFixedEpochRenyi.lean:418:    PoissonFixedEpochPoint.samplingRate_fullBatch,
Mf/DP/PoissonFixedEpochRenyi.lean:429:theorem poissonFixedEpochForwardRenyiCost_fullBatch
Mf/DP/PoissonFixedEpochRenyi.lean:434:        (PoissonFixedEpochPoint.fullBatch epoch epoch_pos)
Mf/DP/PoissonFixedEpochRenyi.lean:439:  rw [poissonFixedEpochForwardRenyiPower_fullBatch epoch epoch_pos order
Mf/DP/AdaptiveClippedGaussianMechanismSpec.lean:33:  | fullBatch
Mf/DP/SampledGaussianZeroNoiseBoundary.lean:150:  have hbase : 0 < fullBatchGaussianBaseStddev sensitivity epsilon delta
Mf/DP/SampledGaussianZeroNoiseBoundary.lean:156:  have hfull : 0 < fullBatchGaussianCalibratedStddev horizon sensitivity epsilon delta
Mf/DP/PoissonFixedEpochGaussianThreshold.lean:8:The full-batch optimal forward event is reused as a one-dimensional event for
Mf/DP/PoissonFixedEpochPracticalHalfDomainAudit.lean:14:  poissonFixedEpochCalibratedPrivacyVariance_gt_fullBatch_of_half_domain
Mf/DP/PoissonFixedEpochPracticalHalfDomainAudit.lean:16:  poissonFixedEpochTotalAverageVariance_fullBatch_lt_allEnergy_of_half_domain
Mf/DP/PoissonFixedEpochPracticalHalfDomainAudit.lean:21:  poissonFixedEpochCalibratedPrivacyVariance_gt_fullBatch_of_delta_le_halfDomainThreshold
Mf/DP/PoissonFixedEpochPracticalHalfDomainAudit.lean:23:  poissonFixedEpochTotalAverageVariance_fullBatch_lt_of_delta_le_halfDomainThreshold
Mf/DP/PoissonFixedEpochPracticalHalfDomainAudit.lean:32:  poissonFixedEpochCalibratedPrivacyVariance_gt_fullBatch_of_half_domain
Mf/DP/PoissonFixedEpochPracticalHalfDomainAudit.lean:34:  poissonFixedEpochTotalAverageVariance_fullBatch_lt_allEnergy_of_half_domain
Mf/DP/PoissonFixedEpochPracticalHalfDomainAudit.lean:39:  poissonFixedEpochCalibratedPrivacyVariance_gt_fullBatch_of_delta_le_halfDomainThreshold
Mf/DP/PoissonFixedEpochPracticalHalfDomainAudit.lean:41:  poissonFixedEpochTotalAverageVariance_fullBatch_lt_of_delta_le_halfDomainThreshold
Mf/DP/OptimalSamplingFinalAudit.lean:10:# Final corrected optimal-sampling publication audit
Mf/DP/OptimalSamplingFinalAudit.lean:19:explicit `epsilon = 100` refutation of fixed-positive optimality for the
Mf/DP/OptimalSamplingFinalAudit.lean:34:The explicit law-nonuniqueness and edge-suboptimality theorems are audited
Mf/DP/OptimalSamplingFinalAudit.lean:147:#check threeStepEndpointRate_eq_optimal_iff
Mf/DP/OptimalSamplingFinalAudit.lean:279:#print axioms threeStepEndpointRate_eq_optimal_iff
Mf/DP/SampledGaussianFiniteBracketConcreteReplay.lean:151:  claimBoundary := "compiled_concrete_replay_not_optimal_calibration"
Mf/DP/PoissonFixedEpochNearFullDominanceAudit.lean:4:#check Mf.DP.fullBatchGaussianBaseStddev_scale
Mf/DP/PoissonFixedEpochNearFullDominanceAudit.lean:6:#check Mf.DP.poissonFixedEpochStandardizedSignal_fullBatchCalibrated_scale
Mf/DP/PoissonFixedEpochNearFullDominanceAudit.lean:7:#check Mf.DP.poissonFixedEpochThresholdTail_fullBatchCalibrated_scale
Mf/DP/PoissonFixedEpochNearFullDominanceAudit.lean:8:#check Mf.DP.poissonFixedEpochRawNoiseVariance_fullBatch_calibratedRunVariance
Mf/DP/PoissonFixedEpochNearFullDominanceAudit.lean:9:#check Mf.DP.poissonFixedEpoch_fullBatch_profile_calibratedRunVariance_eq
Mf/DP/PoissonFixedEpochNearFullDominanceAudit.lean:13:#check Mf.DP.poissonFixedEpoch_stddev_not_feasible_of_le_fullBatchRunVariance
Mf/DP/PoissonFixedEpochNearFullDominanceAudit.lean:15:#check Mf.DP.poissonFixedEpochCalibratedPrivacyVariance_ge_fullBatch
Mf/DP/PoissonFixedEpochNearFullDominanceAudit.lean:16:#check Mf.DP.poissonFixedEpochTotalAverageVariance_fullBatch_le_of_ratio
Mf/DP/PoissonFixedEpochNearFullDominanceAudit.lean:17:#check Mf.DP.poissonFixedEpochTotalAverageVariance_fullBatch_lt_of_ratio
Mf/DP/PoissonFixedEpochNearFullDominanceAudit.lean:22:#check Mf.DP.exists_poissonFixedEpoch_sumEventCertificate_above_fullBatch
Mf/DP/PoissonFixedEpochNearFullDominanceAudit.lean:23:#check Mf.DP.exists_poissonFixedEpochCalibratedPrivacyVariance_ge_fullBatch_add
Mf/DP/PoissonFixedEpochNearFullDominanceAudit.lean:24:#check Mf.DP.poissonFixedEpochCalibratedPrivacyVariance_gt_fullBatch_of_ratio
Mf/DP/PoissonFixedEpochNearFullDominanceAudit.lean:25:#check Mf.DP.poissonFixedEpochTotalAverageVariance_fullBatch_lt_zeroEnergy_of_ratio
Mf/DP/PoissonFixedEpochNearFullDominanceAudit.lean:26:#check Mf.DP.poissonFixedEpochTotalAverageVariance_fullBatch_lt_allEnergy_of_ratio
Mf/DP/PoissonFixedEpochNearFullDominanceAudit.lean:27:#check Mf.DP.exists_poissonFixedEpoch_sumEventCertificate_above_fullBatch_of_gap
Mf/DP/PoissonFixedEpochNearFullDominanceAudit.lean:29:#check Mf.DP.exists_poissonFixedEpoch_sumEventCertificate_above_fullBatch_of_supportWidth
Mf/DP/PoissonFixedEpochNearFullDominanceAudit.lean:30:#check Mf.DP.poissonFixedEpochCalibratedPrivacyVariance_gt_fullBatch_of_supportWidth
Mf/DP/PoissonFixedEpochNearFullDominanceAudit.lean:31:#check Mf.DP.poissonFixedEpochTotalAverageVariance_fullBatch_lt_allEnergy_of_supportWidth
Mf/DP/PoissonFixedEpochNearFullDominanceAudit.lean:33:#print axioms Mf.DP.poissonFixedEpoch_fullBatch_profile_calibratedRunVariance_eq
Mf/DP/PoissonFixedEpochNearFullDominanceAudit.lean:34:#print axioms Mf.DP.fullBatchGaussianBaseStddev_scale
Mf/DP/PoissonFixedEpochNearFullDominanceAudit.lean:36:#print axioms Mf.DP.poissonFixedEpochStandardizedSignal_fullBatchCalibrated_scale
Mf/DP/PoissonFixedEpochNearFullDominanceAudit.lean:37:#print axioms Mf.DP.poissonFixedEpochThresholdTail_fullBatchCalibrated_scale
Mf/DP/PoissonFixedEpochNearFullDominanceAudit.lean:41:#print axioms Mf.DP.poissonFixedEpochCalibratedPrivacyVariance_ge_fullBatch
Mf/DP/PoissonFixedEpochNearFullDominanceAudit.lean:42:#print axioms Mf.DP.poissonFixedEpochTotalAverageVariance_fullBatch_le_of_ratio
Mf/DP/PoissonFixedEpochNearFullDominanceAudit.lean:43:#print axioms Mf.DP.poissonFixedEpochTotalAverageVariance_fullBatch_lt_of_ratio
Mf/DP/PoissonFixedEpochNearFullDominanceAudit.lean:48:#print axioms Mf.DP.exists_poissonFixedEpoch_sumEventCertificate_above_fullBatch
Mf/DP/PoissonFixedEpochNearFullDominanceAudit.lean:49:#print axioms Mf.DP.exists_poissonFixedEpochCalibratedPrivacyVariance_ge_fullBatch_add
Mf/DP/PoissonFixedEpochNearFullDominanceAudit.lean:50:#print axioms Mf.DP.poissonFixedEpochCalibratedPrivacyVariance_gt_fullBatch_of_ratio
Mf/DP/PoissonFixedEpochNearFullDominanceAudit.lean:51:#print axioms Mf.DP.poissonFixedEpochTotalAverageVariance_fullBatch_lt_zeroEnergy_of_ratio
Mf/DP/PoissonFixedEpochNearFullDominanceAudit.lean:52:#print axioms Mf.DP.poissonFixedEpochTotalAverageVariance_fullBatch_lt_allEnergy_of_ratio
Mf/DP/PoissonFixedEpochNearFullDominanceAudit.lean:53:#print axioms Mf.DP.exists_poissonFixedEpoch_sumEventCertificate_above_fullBatch_of_gap
Mf/DP/PoissonFixedEpochNearFullDominanceAudit.lean:55:#print axioms Mf.DP.exists_poissonFixedEpoch_sumEventCertificate_above_fullBatch_of_supportWidth
Mf/DP/PoissonFixedEpochNearFullDominanceAudit.lean:56:#print axioms Mf.DP.poissonFixedEpochCalibratedPrivacyVariance_gt_fullBatch_of_supportWidth
Mf/DP/PoissonFixedEpochNearFullDominanceAudit.lean:57:#print axioms Mf.DP.poissonFixedEpochTotalAverageVariance_fullBatch_lt_allEnergy_of_supportWidth
Mf/DP/BISGaussianResidualPolynomialLower.lean:8:in `paper/optimal-subsampling/main_arxiv.tex`, Section 4, averages Gaussian
Mf/DP/PoissonFixedEpochPracticalUniformDomain.lean:52:theorem poissonFixedEpochCalibratedPrivacyVariance_gt_fullBatch_of_conservative_domain
Mf/DP/PoissonFixedEpochPracticalUniformDomain.lean:96:  exact poissonFixedEpochCalibratedPrivacyVariance_gt_fullBatch_of_directOverlap
Mf/DP/PoissonFixedEpochPracticalUniformDomain.lean:104:theorem poissonFixedEpochTotalAverageVariance_fullBatch_lt_allEnergy_of_conservative_domain
Mf/DP/PoissonFixedEpochPracticalUniformDomain.lean:119:        (PoissonFixedEpochPoint.fullBatch point.epoch point.epoch_pos)
Mf/DP/PoissonFixedEpochPracticalUniformDomain.lean:151:    poissonFixedEpochTotalAverageVariance_fullBatch_lt_allEnergy_of_directOverlap
Mf/DP/PoissonFixedEpochHockeyStickOptimality.lean:35:For the three-step strict-interior counterexample, it additionally exports
Mf/DP/PoissonFixedEpochHockeyStickOptimality.lean:44:Global endpoint optimality and adjacent-horizon nondecreasing hockey-stick
Mf/DP/PoissonFixedEpochPracticalTwoThirdsSignalDomain.lean:105:    poissonFixedEpochCalibratedPrivacyVariance_gt_fullBatch_of_twoThirds_signal
Mf/DP/PoissonFixedEpochPracticalTwoThirdsSignalDomain.lean:120:  apply poissonFixedEpochCalibratedPrivacyVariance_gt_fullBatch_of_traceGap
Mf/DP/PoissonFixedEpochPracticalTwoThirdsSignalDomain.lean:130:    poissonFixedEpochTotalAverageVariance_fullBatch_lt_allEnergy_of_twoThirds_signal
Mf/DP/PoissonFixedEpochPracticalTwoThirdsSignalDomain.lean:144:        (PoissonFixedEpochPoint.fullBatch point.epoch point.epoch_pos)
Mf/DP/PoissonFixedEpochPracticalTwoThirdsSignalDomain.lean:147:  apply poissonFixedEpochTotalAverageVariance_fullBatch_lt_allEnergy_of_traceGap
Mf/DP/BISReverseCollision.lean:12:Subsampling (`paper/optimal-subsampling/main_arxiv.tex`, Section 4).
Mf/DP/BISGaussianResidualOverlap.lean:15:`paper/optimal-subsampling/main_arxiv.tex`, Section 4, and the residual route
Mf/DP/PoissonFixedEpochPracticalTwoThirdsDomainAudit.lean:21:#check poissonFixedEpochCalibratedPrivacyVariance_gt_fullBatch_of_twoThirds_signal
Mf/DP/PoissonFixedEpochPracticalTwoThirdsDomainAudit.lean:22:#check poissonFixedEpochTotalAverageVariance_fullBatch_lt_allEnergy_of_twoThirds_signal
Mf/DP/PoissonFixedEpochPracticalTwoThirdsDomainAudit.lean:25:#check poissonFixedEpochDelta_le_twoThirdsThreshold_iff_fullBatchCalibratedSignal_sq_le
Mf/DP/PoissonFixedEpochPracticalTwoThirdsDomainAudit.lean:29:  poissonFixedEpochCalibratedPrivacyVariance_gt_fullBatch_of_delta_le_twoThirdsThreshold
Mf/DP/PoissonFixedEpochPracticalTwoThirdsDomainAudit.lean:31:  poissonFixedEpochTotalAverageVariance_fullBatch_lt_of_delta_le_twoThirdsThreshold
Mf/DP/PoissonFixedEpochPracticalTwoThirdsDomainAudit.lean:41:#print axioms poissonFixedEpochCalibratedPrivacyVariance_gt_fullBatch_of_twoThirds_signal
Mf/DP/PoissonFixedEpochPracticalTwoThirdsDomainAudit.lean:42:#print axioms poissonFixedEpochTotalAverageVariance_fullBatch_lt_allEnergy_of_twoThirds_signal
Mf/DP/PoissonFixedEpochPracticalTwoThirdsDomainAudit.lean:46:  poissonFixedEpochDelta_le_twoThirdsThreshold_iff_fullBatchCalibratedSignal_sq_le
Mf/DP/PoissonFixedEpochPracticalTwoThirdsDomainAudit.lean:50:  poissonFixedEpochCalibratedPrivacyVariance_gt_fullBatch_of_delta_le_twoThirdsThreshold
Mf/DP/PoissonFixedEpochPracticalTwoThirdsDomainAudit.lean:52:  poissonFixedEpochTotalAverageVariance_fullBatch_lt_of_delta_le_twoThirdsThreshold
Mf/DP/PoissonFixedEpochLargeBatchOptimality.lean:9:# Poisson fixed-epoch large-batch optimality facade
Mf/DP/PoissonFixedEpochLargeBatchOptimality.lean:15:2. strict eventual full-batch dominance in the strict-interior small-rate
Mf/DP/PoissonFixedEpochLargeBatchOptimality.lean:23:Both the loose-target zero-noise counterexample and the strict-interior
Mf/DP/BISMarkedMoments.lean:7:subset likelihood from `paper/optimal-subsampling/main_arxiv.tex`, Section 4.
Mf/DP/BISGaussianResidualRadialLaplace.lean:10:`paper/optimal-subsampling/main_arxiv.tex`, Section 4. The Laplace route from the
Mf/DP/PoissonFixedEpochPracticalDeltaDomain.lean:115:theorem poissonFixedEpochCalibratedPrivacyVariance_gt_fullBatch_of_delta_le_conservativeThreshold
Mf/DP/PoissonFixedEpochPracticalDeltaDomain.lean:129:    poissonFixedEpochCalibratedPrivacyVariance_gt_fullBatch_of_conservative_domain
Mf/DP/PoissonFixedEpochPracticalDeltaDomain.lean:140:theorem poissonFixedEpochTotalAverageVariance_fullBatch_lt_of_delta_le_conservativeThreshold
Mf/DP/PoissonFixedEpochPracticalDeltaDomain.lean:151:        (PoissonFixedEpochPoint.fullBatch point.epoch point.epoch_pos)
Mf/DP/PoissonFixedEpochPracticalDeltaDomain.lean:156:    poissonFixedEpochTotalAverageVariance_fullBatch_lt_allEnergy_of_conservative_domain
Mf/DP/PoissonFixedEpochCenterCriterion.lean:132:      exact fixedEpochCenterGap_pos_of_boundary_nonneg point scale
Mf/DP/PoissonFixedEpochCenterCriterion.lean:162:        exact fixedEpochCenterGap_pos_of_boundary_nonneg point scale 0 theta
Mf/DP/PoissonFixedEpochCenterCriterion.lean:181:      exact fixedEpochCenterGap_pos_of_boundary_nonneg point scale 0 theta
Mf/DP/OptimalSubsamplingFixedPositiveProfileExponent.lean:229:BIS, while both exact exponents converge to the same globally optimal limit.
Mf/DP/KOutOfTGaussianMixtureEventDP.lean:837:minimal or utility-optimal.
Mf/DP/PoissonFixedEpochPracticalTwoSeventhsDomainAudit.lean:14:  poissonFixedEpochCalibratedPrivacyVariance_gt_fullBatch_of_twoSevenths_domain
Mf/DP/PoissonFixedEpochPracticalTwoSeventhsDomainAudit.lean:16:  poissonFixedEpochTotalAverageVariance_fullBatch_lt_allEnergy_of_twoSevenths_domain
Mf/DP/PoissonFixedEpochPracticalTwoSeventhsDomainAudit.lean:21:  poissonFixedEpochCalibratedPrivacyVariance_gt_fullBatch_of_delta_le_twoSeventhsThreshold
Mf/DP/PoissonFixedEpochPracticalTwoSeventhsDomainAudit.lean:23:  poissonFixedEpochTotalAverageVariance_fullBatch_lt_of_delta_le_twoSeventhsThreshold
Mf/DP/PoissonFixedEpochPracticalTwoSeventhsDomainAudit.lean:33:  poissonFixedEpochCalibratedPrivacyVariance_gt_fullBatch_of_twoSevenths_domain
Mf/DP/PoissonFixedEpochPracticalTwoSeventhsDomainAudit.lean:35:  poissonFixedEpochTotalAverageVariance_fullBatch_lt_allEnergy_of_twoSevenths_domain
Mf/DP/PoissonFixedEpochPracticalTwoSeventhsDomainAudit.lean:40:  poissonFixedEpochCalibratedPrivacyVariance_gt_fullBatch_of_delta_le_twoSeventhsThreshold
Mf/DP/PoissonFixedEpochPracticalTwoSeventhsDomainAudit.lean:42:  poissonFixedEpochTotalAverageVariance_fullBatch_lt_of_delta_le_twoSeventhsThreshold
Mf/DP/PoissonFixedEpochZeroNoiseLosingRegionAudit.lean:17:  Mf.DP.poissonFixedEpochCalibratedPrivacyVariance_zero_eq_and_lt_fullBatch_of_zeroNoiseProfile_le
Mf/DP/PoissonFixedEpochZeroNoiseLosingRegionAudit.lean:20:#check Mf.DP.poissonFixedEpoch_totalVariance_lt_fullBatch_iff_energy_lt_of_zeroNoiseProfile_le
Mf/DP/PoissonFixedEpochZeroNoiseLosingRegionAudit.lean:21:#check Mf.DP.poissonFixedEpoch_totalVariance_eq_fullBatch_iff_energy_eq_of_zeroNoiseProfile_le
Mf/DP/PoissonFixedEpochZeroNoiseLosingRegionAudit.lean:22:#check Mf.DP.poissonFixedEpoch_fullBatch_totalVariance_lt_iff_zeroNoiseThreshold_lt
Mf/DP/PoissonFixedEpochZeroNoiseLosingRegionAudit.lean:29:  Mf.DP.poissonFixedEpochCalibratedPrivacyVariance_zero_eq_and_lt_fullBatch_of_zeroNoiseProfile_le
Mf/DP/PoissonFixedEpochZeroNoiseLosingRegionAudit.lean:32:  Mf.DP.poissonFixedEpoch_totalVariance_lt_fullBatch_iff_energy_lt_of_zeroNoiseProfile_le
Mf/DP/PoissonFixedEpochZeroNoiseLosingRegionAudit.lean:34:  Mf.DP.poissonFixedEpoch_totalVariance_eq_fullBatch_iff_energy_eq_of_zeroNoiseProfile_le
Mf/DP/PoissonFixedEpochZeroNoiseLosingRegionAudit.lean:35:#print axioms Mf.DP.poissonFixedEpoch_fullBatch_totalVariance_lt_iff_zeroNoiseThreshold_lt
Mf/DP/BISGaussianResidualCifarCalibration.lean:9:comes from the BIS workloads in *Optimal Subsampling* (`paper/optimal-subsampling/main_arxiv.tex`).
Mf/DP/BISGaussianResidualCifarLongNoiseBracket.lean:6:# A certified near-optimal noise bracket for the CIFAR BIS request
Mf/DP/PoissonFixedEpochHockeyStickOptimalityAudit.lean:49:#print axioms Mf.DP.poissonFixedEpoch_fullBatch_profile_calibratedRunVariance_eq
Mf/DP/PoissonFixedEpochHockeyStickOptimalityAudit.lean:54:#print axioms Mf.DP.poissonFixedEpochCalibratedPrivacyVariance_ge_fullBatch
Mf/DP/PoissonFixedEpochHockeyStickOptimalityAudit.lean:55:#print axioms Mf.DP.poissonFixedEpochCalibratedPrivacyVariance_gt_fullBatch_of_ratio
Mf/DP/PoissonFixedEpochHockeyStickOptimalityAudit.lean:56:#print axioms Mf.DP.poissonFixedEpochTotalAverageVariance_fullBatch_le_of_ratio
Mf/DP/PoissonFixedEpochHockeyStickOptimalityAudit.lean:57:#print axioms Mf.DP.poissonFixedEpochTotalAverageVariance_fullBatch_lt_of_ratio
Mf/DP/PoissonFixedEpochHockeyStickOptimalityAudit.lean:58:#print axioms Mf.DP.poissonFixedEpochTotalAverageVariance_fullBatch_lt_zeroEnergy_of_ratio
Mf/DP/PoissonFixedEpochHockeyStickOptimalityAudit.lean:59:#print axioms Mf.DP.poissonFixedEpochTotalAverageVariance_fullBatch_lt_allEnergy_of_ratio
Mf/DP/PoissonFixedEpochHockeyStickOptimalityAudit.lean:64:#print axioms Mf.DP.poissonFixedEpochCalibratedPrivacyVariance_gt_fullBatch_of_supportWidth
Mf/DP/PoissonFixedEpochHockeyStickOptimalityAudit.lean:65:#print axioms Mf.DP.poissonFixedEpochTotalAverageVariance_fullBatch_lt_allEnergy_of_supportWidth
Mf/DP/AGENTS.md:19:  certificates and optimality/infimum statements. Failed upper certification
Mf/DP/AGENTS.md:20:  does not establish nonprivacy or optimality.
Mf/DP/PoissonFixedEpochPracticalAllEpsilonDomain.lean:116:theorem poissonFixedEpochCalibratedPrivacyVariance_gt_fullBatch_of_half_signal
Mf/DP/PoissonFixedEpochPracticalAllEpsilonDomain.lean:131:  apply poissonFixedEpochCalibratedPrivacyVariance_gt_fullBatch_of_traceGap
Mf/DP/PoissonFixedEpochPracticalAllEpsilonDomain.lean:139:theorem poissonFixedEpochTotalAverageVariance_fullBatch_lt_allEnergy_of_half_signal
Mf/DP/PoissonFixedEpochPracticalAllEpsilonDomain.lean:153:        (PoissonFixedEpochPoint.fullBatch point.epoch point.epoch_pos)
Mf/DP/PoissonFixedEpochPracticalAllEpsilonDomain.lean:156:  apply poissonFixedEpochTotalAverageVariance_fullBatch_lt_allEnergy_of_traceGap
Mf/DP/BISCoarseReverse.lean:17:(`paper/optimal-subsampling/main_arxiv.tex`, Section 4). It does not establish
Mf/DP/PoissonFixedEpochNearFullDominance.lean:26:  ⟨(fullBatchGaussianBaseStddev sensitivity epsilon delta hSensitivity hEpsilon
Mf/DP/PoissonFixedEpochNearFullDominance.lean:36:      (fullBatchGaussianBaseStddev sensitivity epsilon delta hSensitivity hEpsilon
Mf/DP/PoissonFixedEpochNearFullDominance.lean:61:  rw [fullBatchGaussianBaseStddev_scale sensitivity epsilon delta hSensitivity
Mf/DP/PoissonFixedEpochNearFullDominance.lean:67:theorem poissonFixedEpochStandardizedSignal_fullBatchCalibrated_scale
Mf/DP/PoissonFixedEpochNearFullDominance.lean:86:theorem poissonFixedEpochThresholdTail_fullBatchCalibrated_scale
Mf/DP/PoissonFixedEpochNearFullDominance.lean:97:  rw [poissonFixedEpochStandardizedSignal_fullBatchCalibrated_scale sensitivity epsilon
Mf/DP/PoissonFixedEpochNearFullDominance.lean:102:theorem poissonFixedEpochRawNoiseVariance_fullBatch_calibratedRunVariance
Mf/DP/PoissonFixedEpochNearFullDominance.lean:108:        (PoissonFixedEpochPoint.fullBatch epoch hEpoch)
Mf/DP/PoissonFixedEpochNearFullDominance.lean:111:      (fullBatchGaussianCalibratedStddev epoch sensitivity epsilon delta
Mf/DP/PoissonFixedEpochNearFullDominance.lean:114:  rw [PoissonFixedEpochPoint.samplingRate_fullBatch]
Mf/DP/PoissonFixedEpochNearFullDominance.lean:121:      (fullBatchGaussianBaseStddev sensitivity epsilon delta hSensitivity hEpsilon
Mf/DP/PoissonFixedEpochNearFullDominance.lean:123:    (fullBatchGaussianBaseStddev sensitivity epsilon delta hSensitivity hEpsilon
Mf/DP/PoissonFixedEpochNearFullDominance.lean:130:theorem poissonFixedEpoch_fullBatch_profile_calibratedRunVariance_eq
Mf/DP/PoissonFixedEpochNearFullDominance.lean:138:            (PoissonFixedEpochPoint.fullBatch epoch hEpoch)
Mf/DP/PoissonFixedEpochNearFullDominance.lean:143:            (PoissonFixedEpochPoint.fullBatch epoch hEpoch)
Mf/DP/PoissonFixedEpochNearFullDominance.lean:147:  rw [poissonFixedEpochRawNoiseVariance_fullBatch_calibratedRunVariance epoch hEpoch
Mf/DP/PoissonFixedEpochNearFullDominance.lean:149:  exact fullBatchGaussianCalibratedStddev_profile_eq epoch sensitivity epsilon delta
Mf/DP/PoissonFixedEpochNearFullDominance.lean:166:  · let base := fullBatchGaussianBaseStddev sensitivity epsilon delta hSensitivity
Mf/DP/PoissonFixedEpochNearFullDominance.lean:179:    simpa [base, fullBatchGaussianBaseStddev] using
Mf/DP/PoissonFixedEpochNearFullDominance.lean:321:theorem poissonFixedEpoch_stddev_not_feasible_of_le_fullBatchRunVariance
Mf/DP/PoissonFixedEpochNearFullDominance.lean:369:    (poissonFixedEpoch_stddev_not_feasible_of_le_fullBatchRunVariance point
Mf/DP/PoissonFixedEpochNearFullDominance.lean:375:theorem poissonFixedEpochCalibratedPrivacyVariance_ge_fullBatch
Mf/DP/PoissonFixedEpochNearFullDominance.lean:408:theorem poissonFixedEpochTotalAverageVariance_fullBatch_le_of_ratio
Mf/DP/PoissonFixedEpochNearFullDominance.lean:421:        (PoissonFixedEpochPoint.fullBatch point.epoch point.epoch_pos)
Mf/DP/PoissonFixedEpochNearFullDominance.lean:424:  rw [poissonFixedEpochTotalAverageVariance_fullBatch_eq_base_sq point.epoch
Mf/DP/PoissonFixedEpochNearFullDominance.lean:428:    poissonFixedEpochCalibratedPrivacyVariance_ge_fullBatch point
Mf/DP/PoissonFixedEpochNearFullDominance.lean:440:theorem poissonFixedEpochTotalAverageVariance_fullBatch_lt_of_ratio
Mf/DP/PoissonFixedEpochNearFullDominance.lean:453:        (PoissonFixedEpochPoint.fullBatch point.epoch point.epoch_pos)
Mf/DP/PoissonFixedEpochNearFullDominance.lean:456:  rw [poissonFixedEpochTotalAverageVariance_fullBatch_eq_base_sq point.epoch
Mf/DP/PoissonFixedEpochNearFullDominance.lean:460:    poissonFixedEpochCalibratedPrivacyVariance_ge_fullBatch point
Mf/DP/PoissonFixedEpochNearFullDominance.lean:470:  change (fullBatchGaussianBaseStddev sensitivity epsilon delta hSensitivity hEpsilon
Mf/DP/PoissonFixedEpochNearFullDominance.lean:570:theorem exists_poissonFixedEpoch_sumEventCertificate_above_fullBatch_of_gap
Mf/DP/PoissonFixedEpochNearFullDominance.lean:672:theorem exists_poissonFixedEpoch_sumEventCertificate_above_fullBatch
Mf/DP/PoissonFixedEpochNearFullDominance.lean:702:  exact exists_poissonFixedEpoch_sumEventCertificate_above_fullBatch_of_gap point
Mf/DP/PoissonFixedEpochNearFullDominance.lean:707:theorem exists_poissonFixedEpochCalibratedPrivacyVariance_ge_fullBatch_add
Mf/DP/PoissonFixedEpochNearFullDominance.lean:723:    exists_poissonFixedEpoch_sumEventCertificate_above_fullBatch point sensitivity
Mf/DP/PoissonFixedEpochNearFullDominance.lean:740:theorem poissonFixedEpochCalibratedPrivacyVariance_gt_fullBatch_of_ratio
Mf/DP/PoissonFixedEpochNearFullDominance.lean:755:    exists_poissonFixedEpochCalibratedPrivacyVariance_ge_fullBatch_add point
Mf/DP/PoissonFixedEpochNearFullDominance.lean:762:theorem poissonFixedEpochTotalAverageVariance_fullBatch_lt_zeroEnergy_of_ratio
Mf/DP/PoissonFixedEpochNearFullDominance.lean:774:        (PoissonFixedEpochPoint.fullBatch point.epoch point.epoch_pos)
Mf/DP/PoissonFixedEpochNearFullDominance.lean:777:  rw [poissonFixedEpochTotalAverageVariance_fullBatch_eq_base_sq point.epoch
Mf/DP/PoissonFixedEpochNearFullDominance.lean:780:  have hPrivacy := poissonFixedEpochCalibratedPrivacyVariance_gt_fullBatch_of_ratio
Mf/DP/PoissonFixedEpochNearFullDominance.lean:784:  change (fullBatchGaussianBaseStddev sensitivity epsilon delta hSensitivity hEpsilon
Mf/DP/PoissonFixedEpochNearFullDominance.lean:795:theorem poissonFixedEpochTotalAverageVariance_fullBatch_lt_allEnergy_of_ratio
Mf/DP/PoissonFixedEpochNearFullDominance.lean:808:        (PoissonFixedEpochPoint.fullBatch point.epoch point.epoch_pos)
Mf/DP/PoissonFixedEpochNearFullDominance.lean:811:  rw [poissonFixedEpochTotalAverageVariance_fullBatch_eq_base_sq point.epoch
Mf/DP/PoissonFixedEpochNearFullDominance.lean:814:  have hPrivacy := poissonFixedEpochCalibratedPrivacyVariance_gt_fullBatch_of_ratio
Mf/DP/PoissonFixedEpochNearFullDominance.lean:819:  change (fullBatchGaussianBaseStddev sensitivity epsilon delta hSensitivity hEpsilon
Mf/DP/PoissonFixedEpochNearFullDominance.lean:874:theorem exists_poissonFixedEpoch_sumEventCertificate_above_fullBatch_of_supportWidth
Mf/DP/PoissonFixedEpochNearFullDominance.lean:906:  exact exists_poissonFixedEpoch_sumEventCertificate_above_fullBatch_of_gap point
Mf/DP/PoissonFixedEpochNearFullDominance.lean:911:theorem poissonFixedEpochCalibratedPrivacyVariance_gt_fullBatch_of_supportWidth
Mf/DP/PoissonFixedEpochNearFullDominance.lean:926:    exists_poissonFixedEpoch_sumEventCertificate_above_fullBatch_of_supportWidth
Mf/DP/PoissonFixedEpochNearFullDominance.lean:945:theorem poissonFixedEpochTotalAverageVariance_fullBatch_lt_allEnergy_of_supportWidth
Mf/DP/PoissonFixedEpochNearFullDominance.lean:958:        (PoissonFixedEpochPoint.fullBatch point.epoch point.epoch_pos)
Mf/DP/PoissonFixedEpochNearFullDominance.lean:961:  rw [poissonFixedEpochTotalAverageVariance_fullBatch_eq_base_sq point.epoch
Mf/DP/PoissonFixedEpochNearFullDominance.lean:965:    poissonFixedEpochCalibratedPrivacyVariance_gt_fullBatch_of_supportWidth
Mf/DP/PoissonFixedEpochNearFullDominance.lean:970:  change (fullBatchGaussianBaseStddev sensitivity epsilon delta hSensitivity hEpsilon
Mf/DP/PoissonFixedEpochCompactPracticalDominanceAudit.lean:6:#check poissonFixedEpochCalibratedPrivacyVariance_gt_fullBatch_of_compact_conservative_domain
Mf/DP/PoissonFixedEpochCompactPracticalDominanceAudit.lean:7:#check poissonFixedEpochTotalAverageVariance_fullBatch_lt_allEnergy_of_compact_conservative_domain
Mf/DP/PoissonFixedEpochCompactPracticalDominanceAudit.lean:10:#print axioms poissonFixedEpochCalibratedPrivacyVariance_gt_fullBatch_of_compact_conservative_domain
Mf/DP/PoissonFixedEpochCompactPracticalDominanceAudit.lean:12:  poissonFixedEpochTotalAverageVariance_fullBatch_lt_allEnergy_of_compact_conservative_domain
Mf/DP/PoissonFixedEpochPracticalUnitSignalDomain.lean:104:    poissonFixedEpochCalibratedPrivacyVariance_gt_fullBatch_of_unit_signal
Mf/DP/PoissonFixedEpochPracticalUnitSignalDomain.lean:119:  apply poissonFixedEpochCalibratedPrivacyVariance_gt_fullBatch_of_traceGap
Mf/DP/PoissonFixedEpochPracticalUnitSignalDomain.lean:129:    poissonFixedEpochTotalAverageVariance_fullBatch_lt_allEnergy_of_unit_signal
Mf/DP/PoissonFixedEpochPracticalUnitSignalDomain.lean:143:        (PoissonFixedEpochPoint.fullBatch point.epoch point.epoch_pos)
Mf/DP/PoissonFixedEpochPracticalUnitSignalDomain.lean:146:  apply poissonFixedEpochTotalAverageVariance_fullBatch_lt_allEnergy_of_traceGap
Mf/DP/PoissonFixedEpochRateAdaptiveDomainAudit.lean:22:  Mf.DP.poissonFixedEpochExactCriticalDeltaCondition_iff_fullBatchCalibratedSignalSquareCondition
Mf/DP/PoissonFixedEpochRateAdaptiveDomainAudit.lean:24:  Mf.DP.poissonFixedEpochCalibratedPrivacyVariance_gt_fullBatch_of_exactCriticalSignalSquareCondition
Mf/DP/PoissonFixedEpochRateAdaptiveDomainAudit.lean:26:  Mf.DP.poissonFixedEpochTotalAverageVariance_fullBatch_lt_of_exactCriticalSignalSquareCondition
Mf/DP/PoissonFixedEpochRateAdaptiveDomainAudit.lean:28:  Mf.DP.poissonFixedEpochDelta_le_epochUniformThreshold_iff_fullBatchCalibratedSignal_sq_le
Mf/DP/PoissonFixedEpochRateAdaptiveDomainAudit.lean:30:  Mf.DP.poissonFixedEpochCalibratedPrivacyVariance_gt_fullBatch_of_delta_le_epochUniformThreshold
Mf/DP/PoissonFixedEpochRateAdaptiveDomainAudit.lean:32:  Mf.DP.poissonFixedEpochTotalAverageVariance_fullBatch_lt_allEnergy_of_delta_le_epochUniformThreshold
Mf/DP/PoissonFixedEpochRateAdaptiveDomainAudit.lean:40:  Mf.DP.poissonFixedEpochCalibratedPrivacyVariance_zero_eq_and_lt_fullBatch_of_zeroNoiseProfile_le
Mf/DP/PoissonFixedEpochRateAdaptiveDomainAudit.lean:45:  Mf.DP.poissonFixedEpoch_totalVariance_lt_fullBatch_iff_energy_lt_of_zeroNoiseProfile_le
Mf/DP/PoissonFixedEpochRateAdaptiveDomainAudit.lean:47:  Mf.DP.poissonFixedEpoch_totalVariance_eq_fullBatch_iff_energy_eq_of_zeroNoiseProfile_le
Mf/DP/PoissonFixedEpochRateAdaptiveDomainAudit.lean:48:#check Mf.DP.poissonFixedEpoch_fullBatch_totalVariance_lt_iff_zeroNoiseThreshold_lt
Mf/DP/PoissonFixedEpochRateAdaptiveDomainAudit.lean:62:  Mf.DP.poissonFixedEpochExactCriticalDeltaCondition_iff_fullBatchCalibratedSignalSquareCondition
Mf/DP/PoissonFixedEpochRateAdaptiveDomainAudit.lean:64:  Mf.DP.poissonFixedEpochCalibratedPrivacyVariance_gt_fullBatch_of_exactCriticalSignalSquareCondition
Mf/DP/PoissonFixedEpochRateAdaptiveDomainAudit.lean:66:  Mf.DP.poissonFixedEpochTotalAverageVariance_fullBatch_lt_of_exactCriticalSignalSquareCondition
Mf/DP/PoissonFixedEpochRateAdaptiveDomainAudit.lean:68:  Mf.DP.poissonFixedEpochDelta_le_epochUniformThreshold_iff_fullBatchCalibratedSignal_sq_le
Mf/DP/PoissonFixedEpochRateAdaptiveDomainAudit.lean:70:  Mf.DP.poissonFixedEpochCalibratedPrivacyVariance_gt_fullBatch_of_delta_le_epochUniformThreshold
Mf/DP/PoissonFixedEpochRateAdaptiveDomainAudit.lean:72:  Mf.DP.poissonFixedEpochTotalAverageVariance_fullBatch_lt_allEnergy_of_delta_le_epochUniformThreshold
Mf/DP/PoissonFixedEpochRateAdaptiveDomainAudit.lean:79:  Mf.DP.poissonFixedEpochCalibratedPrivacyVariance_zero_eq_and_lt_fullBatch_of_zeroNoiseProfile_le
Mf/DP/PoissonFixedEpochRateAdaptiveDomainAudit.lean:83:  Mf.DP.poissonFixedEpoch_totalVariance_lt_fullBatch_iff_energy_lt_of_zeroNoiseProfile_le
Mf/DP/PoissonFixedEpochRateAdaptiveDomainAudit.lean:85:  Mf.DP.poissonFixedEpoch_totalVariance_eq_fullBatch_iff_energy_eq_of_zeroNoiseProfile_le
Mf/DP/PoissonFixedEpochRateAdaptiveDomainAudit.lean:86:#print axioms Mf.DP.poissonFixedEpoch_fullBatch_totalVariance_lt_iff_zeroNoiseThreshold_lt
Mf/DP/SampledGaussianCalibrationThresholds.lean:35:        ((samplingRate : Real) * fullBatchGaussianSignal horizon sensitivity)
Mf/DP/SampledGaussianCalibrationThresholds.lean:47:  simp only [fullBatchGaussianSignal]
Mf/DP/SampledGaussianCalibrationThresholds.lean:98:    fullBatchGaussianCalibratedStddev horizon sensitivity epsilon delta
Mf/DP/SampledGaussianCalibrationThresholds.lean:108:    fullBatchGaussianCalibratedStddev horizon sensitivity epsilon delta
Mf/DP/SampledGaussianCalibrationThresholds.lean:151:        ((1 - (eta : Real)) * fullBatchGaussianBaseStddev sensitivity epsilon delta
Mf/DP/SampledGaussianCalibrationThresholds.lean:153:  let base := fullBatchGaussianBaseStddev sensitivity epsilon delta sensitivity_pos
Mf/DP/SampledGaussianCalibrationThresholds.lean:172:    fullBatchGaussianCalibratedStddev_coe, NNReal.coe_mul,
Mf/DP/SampledGaussianCalibrationThresholds.lean:174:  simp only [fullBatchGaussianSignal]
Mf/DP/SampledGaussianCalibrationThresholds.lean:191:        ((1 + (eta : Real)) * fullBatchGaussianBaseStddev sensitivity epsilon delta
Mf/DP/SampledGaussianCalibrationThresholds.lean:193:  let base := fullBatchGaussianBaseStddev sensitivity epsilon delta sensitivity_pos
Mf/DP/SampledGaussianCalibrationThresholds.lean:211:    fullBatchGaussianCalibratedStddev_coe, NNReal.coe_mul, NNReal.coe_add]
Mf/DP/SampledGaussianCalibrationThresholds.lean:212:  simp only [fullBatchGaussianSignal]
Mf/DP/SampledGaussianCalibrationThresholds.lean:233:  let base := fullBatchGaussianBaseStddev sensitivity epsilon delta sensitivity_pos
Mf/DP/OptimalSubsamplingFixedCardinalityStrict.lean:9:# Strict fixed-cardinality BIS profile optimality
Mf/DP/Training.lean:40:optimality. Candidate generation must not inspect private training data.
Mf/DP/FiniteMeanMixtureHighNoiseBoundary.lean:14:This module freezes the analytic interface shared by optimal-subsampling and
Mf/DP/PoissonFixedEpochLargeBatchOptimalityAudit.lean:4:# Audit surface for Poisson fixed-epoch large-batch optimality
Mf/DP/PoissonFixedEpochLargeBatchOptimalityAudit.lean:12:#check Mf.DP.PoissonFixedEpochPoint.fullBatch
Mf/DP/PoissonFixedEpochLargeBatchOptimalityAudit.lean:21:#check Mf.DP.poissonFixedEpochTotalAverageVariance_fullBatch_eq_base_sq
Mf/DP/PoissonFixedEpochLargeBatchOptimalityAudit.lean:29:#check Mf.DP.eventually_poissonFixedEpoch_fullBatch_lt_totalAverageVariance
Mf/DP/PoissonFixedEpochLargeBatchOptimalityAudit.lean:30:#check Mf.DP.eventually_poissonFixedEpoch_fullBatch_lt_totalAverageVariance_uniform_energy
Mf/DP/PoissonFixedEpochLargeBatchOptimalityAudit.lean:35:#check Mf.DP.poissonFixedEpoch_fullBatch_activeCount_eq_epoch_of_prob_ne_zero
Mf/DP/PoissonFixedEpochLargeBatchOptimalityAudit.lean:43:#check Mf.DP.poissonFixedEpochForwardRenyiPower_fullBatch
Mf/DP/PoissonFixedEpochLargeBatchOptimalityAudit.lean:46:#check Mf.DP.fullBatchPrivacyVariance_le_sampling_add_of_energyThreshold
Mf/DP/PoissonFixedEpochLargeBatchOptimalityAudit.lean:47:#check Mf.DP.fullBatchPrivacyVariance_le_sampling_add_iff_energyThreshold
Mf/DP/PoissonFixedEpochLargeBatchOptimalityAudit.lean:48:#check Mf.DP.poissonFixedEpoch_fullBatch_totalVariance_le_of_energyThreshold
Mf/DP/PoissonFixedEpochLargeBatchOptimalityAudit.lean:49:#check Mf.DP.poissonFixedEpoch_fullBatch_totalVariance_le_iff_energyThreshold
Mf/DP/PoissonFixedEpochLargeBatchOptimalityAudit.lean:50:#check Mf.DP.fullBatchPrivacyVariance_le_sampling_add_of_certified_lower
Mf/DP/PoissonFixedEpochLargeBatchOptimalityAudit.lean:51:#check Mf.DP.poissonFixedEpoch_totalVariance_lt_fullBatch_of_certified_upper
Mf/DP/PoissonFixedEpochLargeBatchOptimalityAudit.lean:57:#check Mf.DP.poissonFixedEpoch_one_two_totalVariance_lt_fullBatch_of_energy_lt
Mf/DP/PoissonFixedEpochLargeBatchOptimalityAudit.lean:61:#print axioms Mf.DP.poissonFixedEpochTotalAverageVariance_fullBatch_eq_base_sq
Mf/DP/PoissonFixedEpochLargeBatchOptimalityAudit.lean:68:#print axioms Mf.DP.eventually_poissonFixedEpoch_fullBatch_lt_totalAverageVariance
Mf/DP/PoissonFixedEpochLargeBatchOptimalityAudit.lean:69:#print axioms Mf.DP.eventually_poissonFixedEpoch_fullBatch_lt_totalAverageVariance_uniform_energy
Mf/DP/PoissonFixedEpochLargeBatchOptimalityAudit.lean:73:#print axioms Mf.DP.poissonFixedEpoch_fullBatch_activeCount_eq_epoch_of_prob_ne_zero
Mf/DP/PoissonFixedEpochLargeBatchOptimalityAudit.lean:80:#print axioms Mf.DP.poissonFixedEpochForwardRenyiPower_fullBatch
Mf/DP/PoissonFixedEpochLargeBatchOptimalityAudit.lean:81:#print axioms Mf.DP.fullBatchPrivacyVariance_le_sampling_add_of_energyThreshold
Mf/DP/PoissonFixedEpochLargeBatchOptimalityAudit.lean:82:#print axioms Mf.DP.fullBatchPrivacyVariance_le_sampling_add_iff_energyThreshold
Mf/DP/PoissonFixedEpochLargeBatchOptimalityAudit.lean:83:#print axioms Mf.DP.poissonFixedEpoch_fullBatch_totalVariance_le_of_energyThreshold
Mf/DP/PoissonFixedEpochLargeBatchOptimalityAudit.lean:84:#print axioms Mf.DP.poissonFixedEpoch_fullBatch_totalVariance_le_iff_energyThreshold
Mf/DP/PoissonFixedEpochLargeBatchOptimalityAudit.lean:85:#print axioms Mf.DP.fullBatchPrivacyVariance_le_sampling_add_of_certified_lower
Mf/DP/PoissonFixedEpochLargeBatchOptimalityAudit.lean:86:#print axioms Mf.DP.poissonFixedEpoch_totalVariance_lt_fullBatch_of_certified_upper
Mf/DP/PoissonFixedEpochLargeBatchOptimalityAudit.lean:91:#print axioms Mf.DP.poissonFixedEpoch_one_two_totalVariance_lt_fullBatch_of_energy_lt
Mf/DP/PoissonFixedEpochWideAffinePoissonOverlapDominance.lean:111:theorem exists_poissonFixedEpoch_sumEventCertificate_above_fullBatch_of_scaleFreeWideGap
Mf/DP/PoissonFixedEpochWideAffinePoissonOverlapDominance.lean:154:  exact exists_poissonFixedEpoch_sumEventCertificate_above_fullBatch_of_gap point
Mf/DP/PoissonFixedEpochWideAffinePoissonOverlapDominance.lean:159:theorem poissonFixedEpochCalibratedPrivacyVariance_gt_fullBatch_of_scaleFreeWideGap
Mf/DP/PoissonFixedEpochWideAffinePoissonOverlapDominance.lean:185:    exists_poissonFixedEpoch_sumEventCertificate_above_fullBatch_of_scaleFreeWideGap
Mf/DP/PoissonFixedEpochWideAffinePoissonOverlapDominance.lean:204:theorem poissonFixedEpochTotalAverageVariance_fullBatch_lt_allEnergy_of_scaleFreeWideGap
Mf/DP/PoissonFixedEpochWideAffinePoissonOverlapDominance.lean:228:        (PoissonFixedEpochPoint.fullBatch point.epoch point.epoch_pos)
Mf/DP/PoissonFixedEpochWideAffinePoissonOverlapDominance.lean:231:  rw [poissonFixedEpochTotalAverageVariance_fullBatch_eq_base_sq point.epoch
Mf/DP/PoissonFixedEpochWideAffinePoissonOverlapDominance.lean:235:    poissonFixedEpochCalibratedPrivacyVariance_gt_fullBatch_of_scaleFreeWideGap
Mf/DP/PoissonFixedEpochWideAffinePoissonOverlapDominance.lean:240:  change (fullBatchGaussianBaseStddev sensitivity epsilon delta hSensitivity hEpsilon
Mf/DP/PoissonFixedEpochOutputSum.lean:62:theorem poissonFixedEpoch_fullBatch_traceProb
Mf/DP/PoissonFixedEpochOutputSum.lean:66:        (PoissonFixedEpochPoint.fullBatch epoch epoch_pos).samplingRate trace =
Mf/DP/PoissonFixedEpochOutputSum.lean:68:  rw [PoissonFixedEpochPoint.samplingRate_fullBatch]
Mf/DP/PoissonFixedEpochOutputSum.lean:75:theorem poissonFixedEpoch_fullBatch_activeCount_eq_epoch_of_prob_ne_zero
Mf/DP/PoissonFixedEpochOutputSum.lean:79:      (PoissonFixedEpochPoint.fullBatch epoch epoch_pos).samplingRate trace ≠ 0) :
Mf/DP/PoissonFixedEpochOutputSum.lean:84:  · rw [poissonFixedEpoch_fullBatch_traceProb epoch epoch_pos trace, if_neg h] at hTrace
Mf/DP/PoissonFixedEpochOutputSum.lean:88:theorem poissonFixedEpoch_fullBatch_summedSourceMean_eq
Mf/DP/PoissonFixedEpochOutputSum.lean:92:      (PoissonFixedEpochPoint.fullBatch epoch epoch_pos).samplingRate trace ≠ 0) :
Mf/DP/PoissonFixedEpochOutputSum.lean:94:        (PoissonFixedEpochPoint.fullBatch epoch epoch_pos)
Mf/DP/PoissonFixedEpochOutputSum.lean:97:  have hCount := poissonFixedEpoch_fullBatch_activeCount_eq_epoch_of_prob_ne_zero
Mf/DP/BISGaussianResidualSupport.lean:7:of the horizon, as in `paper/optimal-subsampling/main_arxiv.tex`, Section 4.
Mf/DP/PoissonFixedEpochZeroNoiseLosingRegion.lean:92:theorem poissonFixedEpochCalibratedPrivacyVariance_zero_eq_and_lt_fullBatch_of_zeroNoiseProfile_le
Mf/DP/PoissonFixedEpochZeroNoiseLosingRegion.lean:177:          (PoissonFixedEpochPoint.fullBatch point.epoch point.epoch_pos)
Mf/DP/PoissonFixedEpochZeroNoiseLosingRegion.lean:185:  · rw [poissonFixedEpochTotalAverageVariance_fullBatch_eq_base_sq point.epoch
Mf/DP/PoissonFixedEpochZeroNoiseLosingRegion.lean:192:theorem poissonFixedEpoch_totalVariance_lt_fullBatch_iff_energy_lt_of_zeroNoiseProfile_le
Mf/DP/PoissonFixedEpochZeroNoiseLosingRegion.lean:200:          (PoissonFixedEpochPoint.fullBatch point.epoch point.epoch_pos)
Mf/DP/PoissonFixedEpochZeroNoiseLosingRegion.lean:217:theorem poissonFixedEpoch_totalVariance_eq_fullBatch_iff_energy_eq_of_zeroNoiseProfile_le
Mf/DP/PoissonFixedEpochZeroNoiseLosingRegion.lean:225:          (PoissonFixedEpochPoint.fullBatch point.epoch point.epoch_pos)
Mf/DP/PoissonFixedEpochZeroNoiseLosingRegion.lean:242:theorem poissonFixedEpoch_fullBatch_totalVariance_lt_iff_zeroNoiseThreshold_lt
Mf/DP/PoissonFixedEpochZeroNoiseLosingRegion.lean:249:          (PoissonFixedEpochPoint.fullBatch point.epoch point.epoch_pos)
Mf/DP/BISGaussianResidualFactorization.lean:8:`paper/optimal-subsampling/main_arxiv.tex`, Section 4, averages over all
Mf/DP/OptimalSubsamplingHighNoise.lean:493:/-- Algebraic global optimality target for the high-noise leading rate. -/
Mf/DP/SparseGaussianProductMaximumEventLowerBound.lean:9:threshold and does not claim that the event is profile-optimal.
Mf/DP/BISGaussianResidualTaylor.lean:11:uses the BIS law from `paper/optimal-subsampling/main_arxiv.tex`, Section 4.
Mf/DP/BISGaussianResidualGaussianReference.lean:11:attainment of an optimal noise.
Mf/DP/PoissonFixedEpochFullBatchFourTwentyFifthsBracket.lean:125:      fullBatchGaussianBaseStddev 1 (1 / 4) (3 / 4)
Mf/DP/PoissonFixedEpochFullBatchFourTwentyFifthsBracket.lean:127:  let base := fullBatchGaussianBaseStddev 1 (1 / 4) (3 / 4)
Mf/DP/PoissonFixedEpochFullBatchFourTwentyFifthsBracket.lean:150:      (fullBatchGaussianBaseStddev 1 (1 / 4) (3 / 4)
Mf/DP/OptimalSubsamplingTrainingLowerRealization.lean:159:cross-law result as exact training-level profile optimality.
Mf/DP/OptimalSubsamplingTrainingLowerRealization.lean:200:existing training-level global-optimality surfaces.
Mf/DP/SensitivityObjectiveBounds.lean:69:theorem sensitivityUpperBound_eq_of_optimalInParticipationSets
Mf/DP/SensitivityObjectiveBounds.lean:139:  refine sensitivityUpperBound_eq_of_optimalInParticipationSets
Mf/DP/SensitivityObjectiveBounds.lean:178:  refine sensitivityUpperBound_eq_of_optimalInParticipationSets
Mf/DP/PoissonFixedEpochStrictInteriorCounterexampleAudit.lean:3:/-! Focused axiom audit for the strict-interior fixed-epoch counterexample. -/
Mf/DP/PoissonFixedEpochStrictInteriorCounterexampleAudit.lean:6:#check Mf.DP.strictInterior_calibratedPrivacyVariance_lt_fullBatch
Mf/DP/PoissonFixedEpochStrictInteriorCounterexampleAudit.lean:13:#check Mf.DP.strictInterior_totalVariance_lt_fullBatch_iff_energy_lt_calibrated_gap
Mf/DP/PoissonFixedEpochStrictInteriorCounterexampleAudit.lean:14:#check Mf.DP.strictInterior_totalVariance_lt_fullBatch_zeroEnergy
Mf/DP/PoissonFixedEpochStrictInteriorCounterexampleAudit.lean:15:#check Mf.DP.strictInterior_totalVariance_lt_fullBatch_of_energy_le_nine_four_hundred
Mf/DP/PoissonFixedEpochStrictInteriorCounterexampleAudit.lean:16:#check Mf.DP.strictInterior_totalVariance_lt_fullBatch_of_energy_lt_nine_four_hundred
Mf/DP/PoissonFixedEpochStrictInteriorCounterexampleAudit.lean:19:#print axioms Mf.DP.strictInterior_calibratedPrivacyVariance_lt_fullBatch
Mf/DP/PoissonFixedEpochStrictInteriorCounterexampleAudit.lean:26:#print axioms Mf.DP.strictInterior_totalVariance_lt_fullBatch_iff_energy_lt_calibrated_gap
Mf/DP/PoissonFixedEpochStrictInteriorCounterexampleAudit.lean:27:#print axioms Mf.DP.strictInterior_totalVariance_lt_fullBatch_zeroEnergy
Mf/DP/PoissonFixedEpochStrictInteriorCounterexampleAudit.lean:28:#print axioms Mf.DP.strictInterior_totalVariance_lt_fullBatch_of_energy_le_nine_four_hundred
Mf/DP/PoissonFixedEpochStrictInteriorCounterexampleAudit.lean:29:#print axioms Mf.DP.strictInterior_totalVariance_lt_fullBatch_of_energy_lt_nine_four_hundred
Mf/DP/PoissonFixedEpochCompactPracticalDominance.lean:58:theorem poissonFixedEpochCalibratedPrivacyVariance_gt_fullBatch_of_compact_conservative_domain
Mf/DP/PoissonFixedEpochCompactPracticalDominance.lean:104:  exact poissonFixedEpochCalibratedPrivacyVariance_gt_fullBatch_of_directOverlap
Mf/DP/PoissonFixedEpochCompactPracticalDominance.lean:112:theorem poissonFixedEpochTotalAverageVariance_fullBatch_lt_allEnergy_of_compact_conservative_domain
Mf/DP/PoissonFixedEpochCompactPracticalDominance.lean:130:        (PoissonFixedEpochPoint.fullBatch point.epoch point.epoch_pos)
Mf/DP/PoissonFixedEpochCompactPracticalDominance.lean:160:  exact poissonFixedEpochTotalAverageVariance_fullBatch_lt_allEnergy_of_directOverlap
Mf/DP/PoissonFixedEpochEnergyThreshold.lean:41:    (pointPrivacyVariance fullBatchPrivacyVariance : Real) : Real :=
Mf/DP/PoissonFixedEpochEnergyThreshold.lean:43:    max (fullBatchPrivacyVariance - pointPrivacyVariance) 0
Mf/DP/PoissonFixedEpochEnergyThreshold.lean:47:theorem fullBatchPrivacyVariance_le_sampling_add_of_energyThreshold
Mf/DP/PoissonFixedEpochEnergyThreshold.lean:49:    (pointPrivacyVariance fullBatchPrivacyVariance energy : Real)
Mf/DP/PoissonFixedEpochEnergyThreshold.lean:52:        fullBatchPrivacyVariance ≤ energy) :
Mf/DP/PoissonFixedEpochEnergyThreshold.lean:53:    fullBatchPrivacyVariance ≤
Mf/DP/PoissonFixedEpochEnergyThreshold.lean:66:            max (fullBatchPrivacyVariance - pointPrivacyVariance) 0) =
Mf/DP/PoissonFixedEpochEnergyThreshold.lean:67:        max (fullBatchPrivacyVariance - pointPrivacyVariance) 0 := by
Mf/DP/PoissonFixedEpochEnergyThreshold.lean:72:      fullBatchPrivacyVariance - pointPrivacyVariance ≤
Mf/DP/PoissonFixedEpochEnergyThreshold.lean:73:        max (fullBatchPrivacyVariance - pointPrivacyVariance) 0 :=
Mf/DP/PoissonFixedEpochEnergyThreshold.lean:80:theorem fullBatchPrivacyVariance_le_sampling_add_iff_energyThreshold
Mf/DP/PoissonFixedEpochEnergyThreshold.lean:82:    (pointPrivacyVariance fullBatchPrivacyVariance energy : Real)
Mf/DP/PoissonFixedEpochEnergyThreshold.lean:85:    fullBatchPrivacyVariance ≤
Mf/DP/PoissonFixedEpochEnergyThreshold.lean:88:        fullBatchPrivacyVariance ≤ energy := by
Mf/DP/PoissonFixedEpochEnergyThreshold.lean:101:        fullBatchPrivacyVariance - pointPrivacyVariance ≤ factor * energy := by
Mf/DP/PoissonFixedEpochEnergyThreshold.lean:106:        max (fullBatchPrivacyVariance - pointPrivacyVariance) 0 ≤
Mf/DP/PoissonFixedEpochEnergyThreshold.lean:111:            fullBatchPrivacyVariance =
Mf/DP/PoissonFixedEpochEnergyThreshold.lean:112:          max (fullBatchPrivacyVariance - pointPrivacyVariance) 0 := by
Mf/DP/PoissonFixedEpochEnergyThreshold.lean:119:  · exact fullBatchPrivacyVariance_le_sampling_add_of_energyThreshold point
Mf/DP/PoissonFixedEpochEnergyThreshold.lean:120:      pointPrivacyVariance fullBatchPrivacyVariance energy horizon_gt_epoch
Mf/DP/PoissonFixedEpochEnergyThreshold.lean:124:theorem poissonFixedEpochEnergyThreshold_eq_zero_of_fullBatch_le
Mf/DP/PoissonFixedEpochEnergyThreshold.lean:126:    (pointPrivacyVariance fullBatchPrivacyVariance : Real)
Mf/DP/PoissonFixedEpochEnergyThreshold.lean:127:    (hPrivacy : fullBatchPrivacyVariance ≤ pointPrivacyVariance) :
Mf/DP/PoissonFixedEpochEnergyThreshold.lean:129:        fullBatchPrivacyVariance = 0 := by
Mf/DP/PoissonFixedEpochEnergyThreshold.lean:137:theorem fullBatchPrivacyVariance_le_sampling_add_of_privacy_le
Mf/DP/PoissonFixedEpochEnergyThreshold.lean:139:    (pointPrivacyVariance fullBatchPrivacyVariance energy : Real)
Mf/DP/PoissonFixedEpochEnergyThreshold.lean:141:    (hPrivacy : fullBatchPrivacyVariance ≤ pointPrivacyVariance) :
Mf/DP/PoissonFixedEpochEnergyThreshold.lean:142:    fullBatchPrivacyVariance ≤
Mf/DP/PoissonFixedEpochEnergyThreshold.lean:149:theorem fullBatchPrivacyVariance_le_sampling_add_of_certified_lower
Mf/DP/PoissonFixedEpochEnergyThreshold.lean:151:    (certifiedLower pointPrivacyVariance fullBatchPrivacyVariance energy : Real)
Mf/DP/PoissonFixedEpochEnergyThreshold.lean:155:        fullBatchPrivacyVariance ≤ energy) :
Mf/DP/PoissonFixedEpochEnergyThreshold.lean:156:    fullBatchPrivacyVariance ≤
Mf/DP/PoissonFixedEpochEnergyThreshold.lean:165:      max (fullBatchPrivacyVariance - pointPrivacyVariance) 0 ≤
Mf/DP/PoissonFixedEpochEnergyThreshold.lean:166:        max (fullBatchPrivacyVariance - certifiedLower) 0 := by
Mf/DP/PoissonFixedEpochEnergyThreshold.lean:167:    exact max_le_max_right 0 (sub_le_sub_left hCertified fullBatchPrivacyVariance)
Mf/DP/PoissonFixedEpochEnergyThreshold.lean:170:          fullBatchPrivacyVariance ≤
Mf/DP/PoissonFixedEpochEnergyThreshold.lean:172:          fullBatchPrivacyVariance := by
Mf/DP/PoissonFixedEpochEnergyThreshold.lean:175:  exact fullBatchPrivacyVariance_le_sampling_add_of_energyThreshold point
Mf/DP/PoissonFixedEpochEnergyThreshold.lean:176:    pointPrivacyVariance fullBatchPrivacyVariance energy horizon_gt_epoch
Mf/DP/PoissonFixedEpochEnergyThreshold.lean:194:    ((fullBatchGaussianBaseStddev sensitivity epsilon delta sensitivity_pos
Mf/DP/PoissonFixedEpochEnergyThreshold.lean:201:theorem poissonFixedEpoch_totalVariance_lt_fullBatch_of_certified_upper
Mf/DP/PoissonFixedEpochEnergyThreshold.lean:211:        (fullBatchGaussianBaseStddev sensitivity epsilon delta sensitivity_pos
Mf/DP/PoissonFixedEpochEnergyThreshold.lean:215:        (PoissonFixedEpochPoint.fullBatch point.epoch point.epoch_pos)
Mf/DP/PoissonFixedEpochEnergyThreshold.lean:217:  rw [poissonFixedEpochTotalAverageVariance_fullBatch_eq_base_sq point.epoch
Mf/DP/PoissonFixedEpochEnergyThreshold.lean:227:theorem poissonFixedEpoch_fullBatch_totalVariance_le_of_energyThreshold
Mf/DP/PoissonFixedEpochEnergyThreshold.lean:236:        (PoissonFixedEpochPoint.fullBatch point.epoch point.epoch_pos)
Mf/DP/PoissonFixedEpochEnergyThreshold.lean:239:  rw [poissonFixedEpochTotalAverageVariance_fullBatch_eq_base_sq point.epoch
Mf/DP/PoissonFixedEpochEnergyThreshold.lean:247:      ((fullBatchGaussianBaseStddev sensitivity epsilon delta sensitivity_pos
Mf/DP/PoissonFixedEpochEnergyThreshold.lean:249:  exact fullBatchPrivacyVariance_le_sampling_add_of_energyThreshold point
Mf/DP/PoissonFixedEpochEnergyThreshold.lean:254:theorem poissonFixedEpoch_fullBatch_totalVariance_le_iff_energyThreshold
Mf/DP/PoissonFixedEpochEnergyThreshold.lean:262:          (PoissonFixedEpochPoint.fullBatch point.epoch point.epoch_pos)
Mf/DP/PoissonFixedEpochEnergyThreshold.lean:267:  rw [poissonFixedEpochTotalAverageVariance_fullBatch_eq_base_sq point.epoch
Mf/DP/PoissonFixedEpochEnergyThreshold.lean:274:  exact fullBatchPrivacyVariance_le_sampling_add_iff_energyThreshold point
Mf/DP/OptimalSubsamplingFinalAudit.lean:23:logarithmic profile transport, the all-`T,k` candidate-rate optimality of BIS,
Mf/DP/PoissonFixedEpochPracticalHalfDeltaDomain.lean:113:theorem poissonFixedEpochCalibratedPrivacyVariance_gt_fullBatch_of_delta_le_halfDomainThreshold
Mf/DP/PoissonFixedEpochPracticalHalfDeltaDomain.lean:126:  apply poissonFixedEpochCalibratedPrivacyVariance_gt_fullBatch_of_half_domain
Mf/DP/PoissonFixedEpochPracticalHalfDeltaDomain.lean:137:theorem poissonFixedEpochTotalAverageVariance_fullBatch_lt_of_delta_le_halfDomainThreshold
Mf/DP/PoissonFixedEpochPracticalHalfDeltaDomain.lean:148:        (PoissonFixedEpochPoint.fullBatch point.epoch point.epoch_pos)
Mf/DP/PoissonFixedEpochPracticalHalfDeltaDomain.lean:153:    poissonFixedEpochTotalAverageVariance_fullBatch_lt_allEnergy_of_half_domain
Mf/DP/BISGaussianShiftNormalization.lean:6:`paper/optimal-subsampling/main_arxiv.tex`, Section 4. Scaling both outputs
Mf/DP/PoissonFixedEpochPracticalAllEpsilonDomainAudit.lean:17:  poissonFixedEpochCalibratedPrivacyVariance_gt_fullBatch_of_half_signal
Mf/DP/PoissonFixedEpochPracticalAllEpsilonDomainAudit.lean:19:  poissonFixedEpochTotalAverageVariance_fullBatch_lt_allEnergy_of_half_signal
Mf/DP/PoissonFixedEpochPracticalAllEpsilonDomainAudit.lean:27:  poissonFixedEpochDelta_le_halfSignalThreshold_of_fullBatchCalibratedSignal_sq_le
Mf/DP/PoissonFixedEpochPracticalAllEpsilonDomainAudit.lean:29:  poissonFixedEpochDelta_le_halfSignalThreshold_iff_fullBatchCalibratedSignal_sq_le
Mf/DP/PoissonFixedEpochPracticalAllEpsilonDomainAudit.lean:33:  poissonFixedEpochCalibratedPrivacyVariance_gt_fullBatch_of_delta_le_halfSignalThreshold
Mf/DP/PoissonFixedEpochPracticalAllEpsilonDomainAudit.lean:35:  poissonFixedEpochTotalAverageVariance_fullBatch_lt_of_delta_le_halfSignalThreshold
Mf/DP/PoissonFixedEpochPracticalAllEpsilonDomainAudit.lean:47:  poissonFixedEpochCalibratedPrivacyVariance_gt_fullBatch_of_half_signal
Mf/DP/PoissonFixedEpochPracticalAllEpsilonDomainAudit.lean:49:  poissonFixedEpochTotalAverageVariance_fullBatch_lt_allEnergy_of_half_signal
Mf/DP/PoissonFixedEpochPracticalAllEpsilonDomainAudit.lean:57:  poissonFixedEpochDelta_le_halfSignalThreshold_of_fullBatchCalibratedSignal_sq_le
Mf/DP/PoissonFixedEpochPracticalAllEpsilonDomainAudit.lean:59:  poissonFixedEpochDelta_le_halfSignalThreshold_iff_fullBatchCalibratedSignal_sq_le
Mf/DP/PoissonFixedEpochPracticalAllEpsilonDomainAudit.lean:63:  poissonFixedEpochCalibratedPrivacyVariance_gt_fullBatch_of_delta_le_halfSignalThreshold
Mf/DP/PoissonFixedEpochPracticalAllEpsilonDomainAudit.lean:65:  poissonFixedEpochTotalAverageVariance_fullBatch_lt_of_delta_le_halfSignalThreshold
Mf/DP/PoissonFixedEpochUnitSignalDeltaThreshold.lean:163:    poissonFixedEpochDelta_le_unitThreshold_of_fullBatchCalibratedSignal_sq_le_epsilon
Mf/DP/PoissonFixedEpochUnitSignalDeltaThreshold.lean:211:    poissonFixedEpochDelta_le_unitThreshold_iff_fullBatchCalibratedSignal_sq_le_epsilon
Mf/DP/PoissonFixedEpochUnitSignalDeltaThreshold.lean:226:      poissonFixedEpochDelta_le_unitThreshold_of_fullBatchCalibratedSignal_sq_le_epsilon
Mf/DP/BISGaussianResidualCifarNoiseLower.lean:11:(`paper/optimal-subsampling/main_arxiv.tex`), the Gaussian projection profile
Mf/DP/SampledGaussianFiniteFeasibility.lean:86:    fullBatchGaussianSignal horizon sensitivity
Mf/DP/SampledGaussianFiniteFeasibility.lean:88:    dsimp [signal, fullBatchGaussianSignal]
Mf/DP/BISGaussianResidualCrossMoments.lean:7:likelihood from `paper/optimal-subsampling/main_arxiv.tex`, Section 4. Two
Mf/DP/PoissonFixedEpochPracticalTwoSeventhsDeltaDomain.lean:113:theorem poissonFixedEpochCalibratedPrivacyVariance_gt_fullBatch_of_delta_le_twoSeventhsThreshold
Mf/DP/PoissonFixedEpochPracticalTwoSeventhsDeltaDomain.lean:127:    poissonFixedEpochCalibratedPrivacyVariance_gt_fullBatch_of_twoSevenths_domain
Mf/DP/PoissonFixedEpochPracticalTwoSeventhsDeltaDomain.lean:138:theorem poissonFixedEpochTotalAverageVariance_fullBatch_lt_of_delta_le_twoSeventhsThreshold
Mf/DP/PoissonFixedEpochPracticalTwoSeventhsDeltaDomain.lean:149:        (PoissonFixedEpochPoint.fullBatch point.epoch point.epoch_pos)
Mf/DP/PoissonFixedEpochPracticalTwoSeventhsDeltaDomain.lean:154:    poissonFixedEpochTotalAverageVariance_fullBatch_lt_allEnergy_of_twoSevenths_domain
Mf/DP/PoissonFixedEpochPracticalSixFifthsSignalDomain.lean:131:    poissonFixedEpochCalibratedPrivacyVariance_gt_fullBatch_of_sixFifths_signal
Mf/DP/PoissonFixedEpochPracticalSixFifthsSignalDomain.lean:146:  apply poissonFixedEpochCalibratedPrivacyVariance_gt_fullBatch_of_traceGap
Mf/DP/PoissonFixedEpochPracticalSixFifthsSignalDomain.lean:156:    poissonFixedEpochTotalAverageVariance_fullBatch_lt_allEnergy_of_sixFifths_signal
Mf/DP/PoissonFixedEpochPracticalSixFifthsSignalDomain.lean:170:        (PoissonFixedEpochPoint.fullBatch point.epoch point.epoch_pos)
Mf/DP/PoissonFixedEpochPracticalSixFifthsSignalDomain.lean:173:  apply poissonFixedEpochTotalAverageVariance_fullBatch_lt_allEnergy_of_traceGap
Mf/DP/PoissonFixedEpochPracticalSixFifthsDeltaDomain.lean:53:    poissonFixedEpochCalibratedPrivacyVariance_gt_fullBatch_of_delta_le_sixFifthsThreshold
Mf/DP/PoissonFixedEpochPracticalSixFifthsDeltaDomain.lean:65:    poissonFixedEpochCalibratedPrivacyVariance_gt_fullBatch_of_sixFifths_signal
Mf/DP/PoissonFixedEpochPracticalSixFifthsDeltaDomain.lean:76:    poissonFixedEpochTotalAverageVariance_fullBatch_lt_of_delta_le_sixFifthsThreshold
Mf/DP/PoissonFixedEpochPracticalSixFifthsDeltaDomain.lean:86:        (PoissonFixedEpochPoint.fullBatch point.epoch point.epoch_pos)
Mf/DP/PoissonFixedEpochPracticalSixFifthsDeltaDomain.lean:90:    poissonFixedEpochTotalAverageVariance_fullBatch_lt_allEnergy_of_sixFifths_signal
Mf/DP/BISGaussianResidualQuadraticRemainder.lean:14:The optimal coefficient gives the remainder energy `K(3/σ²)-9 V₂`. This is
Mf/DP/FiniteMeanMixtureFixedPositiveTransport.lean:165:consumed by the final squeeze; it introduces no genericity, strict-interior,
Mf/DP/OptimalSubsamplingSymmetrization.lean:13:# Coordinate symmetrization and fixed-cardinality BIS optimality
Mf/DP/PoissonFixedEpochPracticalEighteenthDomainAudit.lean:11:  poissonFixedEpochCalibratedPrivacyVariance_gt_fullBatch_of_eighteenth_domain
Mf/DP/PoissonFixedEpochPracticalEighteenthDomainAudit.lean:13:  poissonFixedEpochTotalAverageVariance_fullBatch_lt_allEnergy_of_eighteenth_domain
Mf/DP/PoissonFixedEpochPracticalEighteenthDomainAudit.lean:18:  poissonFixedEpochCalibratedPrivacyVariance_gt_fullBatch_of_eighteenth_delta_domain
Mf/DP/PoissonFixedEpochPracticalEighteenthDomainAudit.lean:20:  poissonFixedEpochTotalAverageVariance_fullBatch_lt_of_eighteenth_delta_domain
Mf/DP/PoissonFixedEpochPracticalEighteenthDomainAudit.lean:26:  poissonFixedEpochCalibratedPrivacyVariance_gt_fullBatch_of_eighteenth_domain
Mf/DP/PoissonFixedEpochPracticalEighteenthDomainAudit.lean:28:  poissonFixedEpochTotalAverageVariance_fullBatch_lt_allEnergy_of_eighteenth_domain
Mf/DP/PoissonFixedEpochPracticalEighteenthDomainAudit.lean:33:  poissonFixedEpochCalibratedPrivacyVariance_gt_fullBatch_of_eighteenth_delta_domain
Mf/DP/PoissonFixedEpochPracticalEighteenthDomainAudit.lean:35:  poissonFixedEpochTotalAverageVariance_fullBatch_lt_of_eighteenth_delta_domain
Mf/DP/PoissonFixedEpochTwoThirdsDeltaThreshold.lean:165:    poissonFixedEpochDelta_le_twoThirdsThreshold_of_fullBatchCalibratedSignal_sq_le
Mf/DP/PoissonFixedEpochTwoThirdsDeltaThreshold.lean:213:    poissonFixedEpochDelta_le_twoThirdsThreshold_iff_fullBatchCalibratedSignal_sq_le
Mf/DP/PoissonFixedEpochTwoThirdsDeltaThreshold.lean:228:      poissonFixedEpochDelta_le_twoThirdsThreshold_of_fullBatchCalibratedSignal_sq_le
Mf/DP/BISTiltedLikelihoodMoments.lean:7:`paper/optimal-subsampling/main_arxiv.tex`, Section 4. Here each coordinate
Mf/DP/PoissonFixedEpochAffinePoissonOverlapDominanceAudit.lean:5:#check Mf.DP.exists_poissonFixedEpoch_sumEventCertificate_above_fullBatch_of_affinePoissonOverlap
Mf/DP/PoissonFixedEpochAffinePoissonOverlapDominanceAudit.lean:6:#check Mf.DP.poissonFixedEpochCalibratedPrivacyVariance_gt_fullBatch_of_affinePoissonOverlap
Mf/DP/PoissonFixedEpochAffinePoissonOverlapDominanceAudit.lean:7:#check Mf.DP.poissonFixedEpochTotalAverageVariance_fullBatch_lt_allEnergy_of_affinePoissonOverlap
Mf/DP/PoissonFixedEpochAffinePoissonOverlapDominanceAudit.lean:9:#check Mf.DP.poissonFixedEpochCalibratedPrivacyVariance_gt_fullBatch_of_directOverlap
Mf/DP/PoissonFixedEpochAffinePoissonOverlapDominanceAudit.lean:10:#check Mf.DP.poissonFixedEpochTotalAverageVariance_fullBatch_lt_allEnergy_of_directOverlap
Mf/DP/PoissonFixedEpochAffinePoissonOverlapDominanceAudit.lean:13:#check Mf.DP.exists_poissonFixedEpoch_sumEventCertificate_above_fullBatch_of_extendedDirectOverlap
Mf/DP/PoissonFixedEpochAffinePoissonOverlapDominanceAudit.lean:14:#check Mf.DP.poissonFixedEpochCalibratedPrivacyVariance_gt_fullBatch_of_extendedDirectOverlap
Mf/DP/PoissonFixedEpochAffinePoissonOverlapDominanceAudit.lean:15:#check Mf.DP.poissonFixedEpochTotalAverageVariance_fullBatch_lt_allEnergy_of_extendedDirectOverlap
Mf/DP/PoissonFixedEpochAffinePoissonOverlapDominanceAudit.lean:16:#check Mf.DP.poissonFixedEpochDirectOverlap_fullBatchCalibrated_scale
Mf/DP/PoissonFixedEpochAffinePoissonOverlapDominanceAudit.lean:20:#print axioms Mf.DP.exists_poissonFixedEpoch_sumEventCertificate_above_fullBatch_of_affinePoissonOverlap
Mf/DP/PoissonFixedEpochAffinePoissonOverlapDominanceAudit.lean:21:#print axioms Mf.DP.poissonFixedEpochCalibratedPrivacyVariance_gt_fullBatch_of_affinePoissonOverlap
Mf/DP/PoissonFixedEpochAffinePoissonOverlapDominanceAudit.lean:22:#print axioms Mf.DP.poissonFixedEpochTotalAverageVariance_fullBatch_lt_allEnergy_of_affinePoissonOverlap
Mf/DP/PoissonFixedEpochAffinePoissonOverlapDominanceAudit.lean:24:#print axioms Mf.DP.poissonFixedEpochCalibratedPrivacyVariance_gt_fullBatch_of_directOverlap
Mf/DP/PoissonFixedEpochAffinePoissonOverlapDominanceAudit.lean:25:#print axioms Mf.DP.poissonFixedEpochTotalAverageVariance_fullBatch_lt_allEnergy_of_directOverlap
Mf/DP/PoissonFixedEpochAffinePoissonOverlapDominanceAudit.lean:28:#print axioms Mf.DP.exists_poissonFixedEpoch_sumEventCertificate_above_fullBatch_of_extendedDirectOverlap
Mf/DP/PoissonFixedEpochAffinePoissonOverlapDominanceAudit.lean:29:#print axioms Mf.DP.poissonFixedEpochCalibratedPrivacyVariance_gt_fullBatch_of_extendedDirectOverlap
Mf/DP/PoissonFixedEpochAffinePoissonOverlapDominanceAudit.lean:30:#print axioms Mf.DP.poissonFixedEpochTotalAverageVariance_fullBatch_lt_allEnergy_of_extendedDirectOverlap
Mf/DP/PoissonFixedEpochAffinePoissonOverlapDominanceAudit.lean:31:#print axioms Mf.DP.poissonFixedEpochDirectOverlap_fullBatchCalibrated_scale
Mf/DP/PoissonFixedEpochStrictInteriorCounterexample.lean:103:/-- The exact calibrated privacy variance at the strict-interior sampled point
Mf/DP/PoissonFixedEpochStrictInteriorCounterexample.lean:143:theorem strictInterior_calibratedPrivacyVariance_lt_fullBatch :
Mf/DP/PoissonFixedEpochStrictInteriorCounterexample.lean:146:      (fullBatchGaussianBaseStddev 1 (1 / 4) (3 / 4)
Mf/DP/PoissonFixedEpochStrictInteriorCounterexample.lean:157:        (PoissonFixedEpochPoint.fullBatch 2 (by norm_num))
Mf/DP/PoissonFixedEpochStrictInteriorCounterexample.lean:160:  rw [poissonFixedEpochPrivacyVariance_fullBatch_eq_base_sq 2 (by norm_num)
Mf/DP/PoissonFixedEpochStrictInteriorCounterexample.lean:162:  exact strictInterior_calibratedPrivacyVariance_lt_fullBatch
Mf/DP/PoissonFixedEpochStrictInteriorCounterexample.lean:165:horizon step `T=2` to `T=3` at the selected strict-interior target. -/
Mf/DP/PoissonFixedEpochStrictInteriorCounterexample.lean:168:        (PoissonFixedEpochPoint.fullBatch 2 (by norm_num))
Mf/DP/PoissonFixedEpochStrictInteriorCounterexample.lean:179:          (PoissonFixedEpochPoint.fullBatch 2 (by norm_num))
Mf/DP/PoissonFixedEpochStrictInteriorCounterexample.lean:187:  have fullBatch_gt :
Mf/DP/PoissonFixedEpochStrictInteriorCounterexample.lean:190:          (PoissonFixedEpochPoint.fullBatch 2 (by norm_num))
Mf/DP/PoissonFixedEpochStrictInteriorCounterexample.lean:193:    rw [poissonFixedEpochPrivacyVariance_fullBatch_eq_base_sq 2 (by norm_num)
Mf/DP/PoissonFixedEpochStrictInteriorCounterexample.lean:202:theorem strictInterior_totalVariance_lt_fullBatch_iff_energy_lt_calibrated_gap
Mf/DP/PoissonFixedEpochStrictInteriorCounterexample.lean:207:        (PoissonFixedEpochPoint.fullBatch 2 (by norm_num))
Mf/DP/PoissonFixedEpochStrictInteriorCounterexample.lean:211:            (PoissonFixedEpochPoint.fullBatch 2 (by norm_num))
Mf/DP/PoissonFixedEpochStrictInteriorCounterexample.lean:215:  have fullBatch_privacy_eq :
Mf/DP/PoissonFixedEpochStrictInteriorCounterexample.lean:217:          (PoissonFixedEpochPoint.fullBatch 2 (by norm_num))
Mf/DP/PoissonFixedEpochStrictInteriorCounterexample.lean:219:        (fullBatchGaussianBaseStddev 1 (1 / 4) (3 / 4)
Mf/DP/PoissonFixedEpochStrictInteriorCounterexample.lean:222:    rw [poissonFixedEpochPrivacyVariance_fullBatch_eq_base_sq 2 (by norm_num)
Mf/DP/PoissonFixedEpochStrictInteriorCounterexample.lean:224:  rw [fullBatch_privacy_eq]
Mf/DP/PoissonFixedEpochStrictInteriorCounterexample.lean:225:  rw [poissonFixedEpochTotalAverageVariance_fullBatch_eq_base_sq 2 (by norm_num)
Mf/DP/PoissonFixedEpochStrictInteriorCounterexample.lean:243:theorem strictInterior_totalVariance_lt_fullBatch_zeroEnergy :
Mf/DP/PoissonFixedEpochStrictInteriorCounterexample.lean:247:        (PoissonFixedEpochPoint.fullBatch 2 (by norm_num))
Mf/DP/PoissonFixedEpochStrictInteriorCounterexample.lean:249:  apply poissonFixedEpoch_totalVariance_lt_fullBatch_of_certified_upper
Mf/DP/PoissonFixedEpochStrictInteriorCounterexample.lean:257:/-- The strict-interior total-variance reversal persists throughout the closed
Mf/DP/PoissonFixedEpochStrictInteriorCounterexample.lean:259:theorem strictInterior_totalVariance_lt_fullBatch_of_energy_le_nine_four_hundred
Mf/DP/PoissonFixedEpochStrictInteriorCounterexample.lean:265:        (PoissonFixedEpochPoint.fullBatch 2 (by norm_num))
Mf/DP/PoissonFixedEpochStrictInteriorCounterexample.lean:267:  apply poissonFixedEpoch_totalVariance_lt_fullBatch_of_certified_upper
Mf/DP/PoissonFixedEpochStrictInteriorCounterexample.lean:278:    _ < (fullBatchGaussianBaseStddev 1 (1 / 4) (3 / 4)
Mf/DP/PoissonFixedEpochStrictInteriorCounterexample.lean:283:theorem strictInterior_totalVariance_lt_fullBatch_of_energy_lt_nine_four_hundred
Mf/DP/PoissonFixedEpochStrictInteriorCounterexample.lean:289:        (PoissonFixedEpochPoint.fullBatch 2 (by norm_num))
Mf/DP/PoissonFixedEpochStrictInteriorCounterexample.lean:291:  strictInterior_totalVariance_lt_fullBatch_of_energy_le_nine_four_hundred
Mf/DP/PoissonFixedEpochPracticalDeltaDomainAudit.lean:12:  poissonFixedEpochCalibratedPrivacyVariance_gt_fullBatch_of_delta_le_conservativeThreshold
Mf/DP/PoissonFixedEpochPracticalDeltaDomainAudit.lean:14:  poissonFixedEpochTotalAverageVariance_fullBatch_lt_of_delta_le_conservativeThreshold
Mf/DP/PoissonFixedEpochPracticalDeltaDomainAudit.lean:20:  poissonFixedEpochCalibratedPrivacyVariance_gt_fullBatch_of_delta_le_conservativeThreshold
Mf/DP/PoissonFixedEpochPracticalDeltaDomainAudit.lean:22:  poissonFixedEpochTotalAverageVariance_fullBatch_lt_of_delta_le_conservativeThreshold
Mf/DP/PoissonFixedEpochPracticalUnitSignalDeltaDomain.lean:53:    poissonFixedEpochCalibratedPrivacyVariance_gt_fullBatch_of_delta_le_unitThreshold
Mf/DP/PoissonFixedEpochPracticalUnitSignalDeltaDomain.lean:65:    poissonFixedEpochCalibratedPrivacyVariance_gt_fullBatch_of_unit_signal
Mf/DP/PoissonFixedEpochPracticalUnitSignalDeltaDomain.lean:76:    poissonFixedEpochTotalAverageVariance_fullBatch_lt_of_delta_le_unitThreshold
Mf/DP/PoissonFixedEpochPracticalUnitSignalDeltaDomain.lean:86:        (PoissonFixedEpochPoint.fullBatch point.epoch point.epoch_pos)
Mf/DP/PoissonFixedEpochPracticalUnitSignalDeltaDomain.lean:90:    poissonFixedEpochTotalAverageVariance_fullBatch_lt_allEnergy_of_unit_signal
Mf/DP/BISGaussianResidualMoments.lean:14:The sampling law is from `paper/optimal-subsampling/main_arxiv.tex`, Section 4.
Mf/DP/OptimalSubsamplingBISLR.lean:19:`paper/optimal-subsampling/main_arxiv.tex`, Section 4.  It is intentionally
Mf/DP/OptimalSubsamplingBISLR.lean:20:narrow: the paper's low-noise and high-noise asymptotic optimality claims are
Mf/DP/OptimalSubsamplingBISLR.lean:35:Section 4 of `paper/optimal-subsampling`: either skip the head weight or use it
Mf/DP/OptimalSubsamplingBISLR.lean:83:`paper/optimal-subsampling/main_arxiv.tex` before introducing the dynamic
Mf/DP/OptimalSubsamplingBISLR.lean:104:`paper/optimal-subsampling/main_arxiv.tex`.
Mf/DP/OptimalSubsamplingBISLR.lean:1367:The paper's low-noise optimality argument first isolates participation-count
Mf/DP/OptimalSubsamplingBISLR.lean:1857:are optimal at leading order.
Mf/DP/OptimalSubsamplingBISLR.lean:5295:`σ → ∞` profile asymptotic or optimality statement.
Mf/DP/PoissonFixedEpochDivergenceAudit.lean:24:#check Mf.DP.eventually_poissonFixedEpoch_fullBatch_lt_totalAverageVariance_uniform_energy
Mf/DP/PoissonFixedEpochDivergenceAudit.lean:37:#print axioms Mf.DP.eventually_poissonFixedEpoch_fullBatch_lt_totalAverageVariance_uniform_energy
Mf/DP/PoissonFixedEpochPracticalSixFifthsDomainAudit.lean:23:  poissonFixedEpochCalibratedPrivacyVariance_gt_fullBatch_of_sixFifths_signal
Mf/DP/PoissonFixedEpochPracticalSixFifthsDomainAudit.lean:25:  poissonFixedEpochTotalAverageVariance_fullBatch_lt_allEnergy_of_sixFifths_signal
Mf/DP/PoissonFixedEpochPracticalSixFifthsDomainAudit.lean:29:  poissonFixedEpochDelta_le_sixFifthsThreshold_iff_fullBatchCalibratedSignal_sq_le
Mf/DP/PoissonFixedEpochPracticalSixFifthsDomainAudit.lean:33:  poissonFixedEpochCalibratedPrivacyVariance_gt_fullBatch_of_delta_le_sixFifthsThreshold
Mf/DP/PoissonFixedEpochPracticalSixFifthsDomainAudit.lean:35:  poissonFixedEpochTotalAverageVariance_fullBatch_lt_of_delta_le_sixFifthsThreshold
Mf/DP/PoissonFixedEpochPracticalSixFifthsDomainAudit.lean:47:  poissonFixedEpochCalibratedPrivacyVariance_gt_fullBatch_of_sixFifths_signal
Mf/DP/PoissonFixedEpochPracticalSixFifthsDomainAudit.lean:49:  poissonFixedEpochTotalAverageVariance_fullBatch_lt_allEnergy_of_sixFifths_signal
Mf/DP/PoissonFixedEpochPracticalSixFifthsDomainAudit.lean:53:  poissonFixedEpochDelta_le_sixFifthsThreshold_iff_fullBatchCalibratedSignal_sq_le
Mf/DP/PoissonFixedEpochPracticalSixFifthsDomainAudit.lean:57:  poissonFixedEpochCalibratedPrivacyVariance_gt_fullBatch_of_delta_le_sixFifthsThreshold
Mf/DP/PoissonFixedEpochPracticalSixFifthsDomainAudit.lean:59:  poissonFixedEpochTotalAverageVariance_fullBatch_lt_of_delta_le_sixFifthsThreshold
Mf/DP/SampledGaussianCalibrationBracketing.lean:30:        fullBatchGaussianBaseStddev sensitivity epsilon delta sensitivity_pos
Mf/DP/SampledGaussianCalibrationBracketing.lean:35:        (fullBatchGaussianBaseStddev sensitivity epsilon delta sensitivity_pos
Mf/DP/SampledGaussianCalibrationBracketing.lean:38:      fullBatchGaussianCalibratedStddev_coe, NNReal.coe_sub eta_lt_one.le]]
Mf/DP/SampledGaussianCalibrationBracketing.lean:51:        fullBatchGaussianBaseStddev sensitivity epsilon delta sensitivity_pos
Mf/DP/SampledGaussianCalibrationBracketing.lean:56:        (fullBatchGaussianBaseStddev sensitivity epsilon delta sensitivity_pos
Mf/DP/SampledGaussianCalibrationBracketing.lean:59:      fullBatchGaussianCalibratedStddev_coe]]
Mf/DP/SampledGaussianCalibrationBracketing.lean:89:  let base := fullBatchGaussianBaseStddev sensitivity epsilon delta sensitivity_pos
Mf/DP/DominatingPairCharacterization.lean:1530:yet claim global optimality of threshold tests or the full pair-level tradeoff
Mf/DP/DominatingPairCharacterization.lean:1824:Exact lower blocker beneath reverse-`llr` threshold optimality on the explicit
Mf/DP/DominatingPairCharacterization.lean:1844:The owner-side measurable-test optimality seam follows immediately from the
Mf/DP/DominatingPairCharacterization.lean:1853:Honest lower blocker beneath measurable-test optimality for the explicit
Mf/DP/DominatingPairCharacterization.lean:2029:The measurable-test optimality seam follows immediately from the sharper
Mf/DP/DominatingPairCharacterization.lean:2127:seam, together with threshold optimality.
Mf/DP/DominatingPairCharacterization.lean:2165:Reverse-`llr` threshold optimality follows immediately from the lower
Mf/DP/DominatingPairCharacterization.lean:2166:measurable-test optimality seam.
Mf/DP/DominatingPairCharacterization.lean:2199:Reverse-`llr` threshold optimality follows once we have both:
Mf/DP/DominatingPairCharacterization.lean:2234:Threshold optimality follows immediately from the paper-facing local
Mf/DP/BISGaussianResidualLowerBound.lean:12:`paper/optimal-subsampling/main_arxiv.tex`; profile transfer remains a separate
Mf/DP/PoissonFixedEpochRate.lean:35:def fullBatch (epoch : Nat) (epoch_pos : 0 < epoch) : PoissonFixedEpochPoint where
Mf/DP/PoissonFixedEpochRate.lean:41:@[simp] theorem horizon_fullBatch (epoch : Nat) (epoch_pos : 0 < epoch) :
Mf/DP/PoissonFixedEpochRate.lean:42:    (fullBatch epoch epoch_pos).horizon = epoch := by
Mf/DP/PoissonFixedEpochRate.lean:45:@[simp] theorem epoch_fullBatch (epoch : Nat) (epoch_pos : 0 < epoch) :
Mf/DP/PoissonFixedEpochRate.lean:46:    (fullBatch epoch epoch_pos).epoch = epoch := by
Mf/DP/PoissonFixedEpochRate.lean:90:@[simp] theorem samplingRate_fullBatch (epoch : Nat) (epoch_pos : 0 < epoch) :
Mf/DP/PoissonFixedEpochRate.lean:91:    (fullBatch epoch epoch_pos).samplingRate = 1 := by
Mf/DP/PoissonFixedEpochRate.lean:92:  simp [samplingRate, fullBatch, ne_of_gt epoch_pos]
Mf/DP/PoissonFixedEpochRate.lean:116:    ofExtra epoch epoch_pos 0 = fullBatch epoch epoch_pos := by
Mf/DP/PoissonFixedEpochTraceDominance.lean:94:theorem exists_poissonFixedEpoch_sumEventCertificate_above_fullBatch_of_traceGap
Mf/DP/PoissonFixedEpochTraceDominance.lean:128:  exact exists_poissonFixedEpoch_sumEventCertificate_above_fullBatch_of_gap point
Mf/DP/PoissonFixedEpochTraceDominance.lean:133:theorem poissonFixedEpochCalibratedPrivacyVariance_gt_fullBatch_of_traceGap
Mf/DP/PoissonFixedEpochTraceDominance.lean:152:    exists_poissonFixedEpoch_sumEventCertificate_above_fullBatch_of_traceGap
Mf/DP/PoissonFixedEpochTraceDominance.lean:171:theorem poissonFixedEpochTotalAverageVariance_fullBatch_lt_allEnergy_of_traceGap
Mf/DP/PoissonFixedEpochTraceDominance.lean:188:        (PoissonFixedEpochPoint.fullBatch point.epoch point.epoch_pos)
Mf/DP/PoissonFixedEpochTraceDominance.lean:191:  rw [poissonFixedEpochTotalAverageVariance_fullBatch_eq_base_sq point.epoch
Mf/DP/PoissonFixedEpochTraceDominance.lean:195:    poissonFixedEpochCalibratedPrivacyVariance_gt_fullBatch_of_traceGap
Mf/DP/PoissonFixedEpochTraceDominance.lean:200:  change (fullBatchGaussianBaseStddev sensitivity epsilon delta hSensitivity hEpsilon
Mf/DP/PoissonFixedEpochCounterexamples.lean:9:optimality. At one expected epoch and zero noise, rate `1/2` over two releases
Mf/DP/PoissonFixedEpochCounterexamples.lean:13:More strongly, the imported strict-interior certificate proves at sensitivity
Mf/DP/PoissonFixedEpochCounterexamples.lean:22:strict-interior example complements, rather than contradicts, the proved
Mf/DP/PoissonFixedEpochCounterexamples.lean:43:theorem poissonFixedEpoch_one_fullBatch_zeroNoise_profile_eq_one :
Mf/DP/PoissonFixedEpochCounterexamples.lean:58:    poissonFixedEpoch_one_fullBatch_zeroNoise_profile_eq_one]
Mf/DP/PoissonFixedEpochCounterexamples.lean:84:theorem poissonFixedEpoch_one_two_totalVariance_lt_fullBatch_of_energy_lt
Mf/DP/PoissonFixedEpochCounterexamples.lean:87:      2 * (fullBatchGaussianBaseStddev 1 0 (4 / 5)
Mf/DP/PoissonFixedEpochCounterexamples.lean:93:        (PoissonFixedEpochPoint.fullBatch 1 (by norm_num))
Mf/DP/PoissonFixedEpochCounterexamples.lean:95:  rw [poissonFixedEpochTotalAverageVariance_fullBatch_eq_base_sq 1 (by norm_num)
Mf/DP/Training/DeterministicAccountantsCompleteAudit.lean:69:-- Uniform family thresholds need not be optimal for one fixed oracle.
Mf/DP/Training/FinalGlobalSigmaOptimalityAudit.lean:13:# Global sigma optimality audit
Mf/DP/Training/GlobalSigmaOptimalityTargets.lean:17:a compile-checked correspondence boundary for the global-optimality program.
Mf/DP/Training/GlobalSigmaOptimalityTargets.lean:49:/-- Frozen proposition for the generic add/remove global-optimality endpoint. -/
Mf/DP/Training/GlobalSigmaOptimalityTargets.lean:89:/-- Frozen proposition for the generic add/remove global-optimality endpoint. -/
Mf/DP/OptimalSubsamplingFixedPositiveGlobal.lean:18:# Global fixed-positive candidate optimality of BIS
Mf/DP/Training/Common/ScalarGaussianGlobalThreshold.lean:138:  let optimal := scalarGaussianOptimalSigma signal epsilon delta
Mf/DP/Training/Common/ScalarGaussianGlobalThreshold.lean:147:    have hlt : sigma < optimal := lt_of_not_ge hnot
Mf/DP/Training/Common/GlobalSigmaOptimality.lean:12:# Uniform global sigma optimality
Mf/DP/Training/KOutOfT/DirectReplaceGlobalOptimality.lean:13:/-! # Uniform direct replace-one global sigma optimality for k-out-of-T -/
Mf/DP/Training/KOutOfT/AddRemoveGlobalOptimalityModel.lean:30:/-- A model obtained solely by measurable postprocessing of the optimal transcript. -/
Mf/DP/Training/KOutOfT/DirectReplaceGlobalOptimalityModel.lean:24:/-- A model obtained only from the private replacement-optimal transcript. -/
Mf/DP/Training/KOutOfT/GlobalSigmaRequest.lean:11:# Nondegenerate k-out-of-T requests for global sigma optimality
Mf/DP/Training/KOutOfT/AddRemoveGlobalOptimality.lean:13:# Uniform add/remove global sigma optimality for k-out-of-T
Mf/DP/Training/BMinSep/GlobalSigmaRequest.lean:11:# Nondegenerate b-min-sep requests for global sigma optimality
Mf/DP/Training/BMinSep/GlobalSigmaRequest.lean:14:workload tails. Global optimality additionally excludes vacuous delta and
Mf/DP/BISClippedGaussianMoments.lean:9:(`paper/optimal-subsampling/main_arxiv.tex`, Section 4), clipping at thirty gives
Mf/DP/OptimalSubsamplingCrossLawAudit.lean:25:* unrestricted eventual low-noise exact-profile optimality is refuted for
Mf/DP/OptimalSubsamplingCrossLawAudit.lean:44:/-- Final resolution of unrestricted low-noise BIS global optimality. -/
Mf/DP/Training/BMinSep/AddRemoveGlobalOptimalityAudit.lean:4:/-! # B-min-sep add/remove global-optimality audit -/
Mf/DP/PoissonFixedEpochCenterGapPropagation.lean:430:theorem fixedEpochCenterGap_pos_of_boundary_nonneg
Mf/DP/Training/BMinSep/DirectReplaceGlobalOptimality.lean:13:/-! # Uniform direct replace-one global sigma optimality for b-min-sep -/
Mf/DP/Training/BMinSep/DirectReplaceGlobalOptimality.lean:66:/-- Public generic existence endpoint for direct replacement optimality. -/
Mf/DP/PoissonFixedEpochFullBatchCandidateBracket.lean:238:      fullBatchGaussianBaseStddev 1 (1 / 4) (3 / 4)
Mf/DP/PoissonFixedEpochFullBatchCandidateBracket.lean:240:  let base := fullBatchGaussianBaseStddev 1 (1 / 4) (3 / 4)
Mf/DP/PoissonFixedEpochFullBatchCandidateBracket.lean:261:      (fullBatchGaussianBaseStddev 1 (1 / 4) (3 / 4)
Mf/DP/Training/BMinSep/CrossLawFixedPositiveThreeStep.lean:33:finite-noise optimality claim.
Mf/DP/PoissonFixedEpochPracticalHalfDomain.lean:53:theorem poissonFixedEpochCalibratedPrivacyVariance_gt_fullBatch_of_half_domain
Mf/DP/PoissonFixedEpochPracticalHalfDomain.lean:95:    poissonFixedEpochCalibratedPrivacyVariance_gt_fullBatch_of_scaleFreeWideGap
Mf/DP/PoissonFixedEpochPracticalHalfDomain.lean:103:theorem poissonFixedEpochTotalAverageVariance_fullBatch_lt_allEnergy_of_half_domain
Mf/DP/PoissonFixedEpochPracticalHalfDomain.lean:118:        (PoissonFixedEpochPoint.fullBatch point.epoch point.epoch_pos)
Mf/DP/PoissonFixedEpochPracticalHalfDomain.lean:147:    poissonFixedEpochTotalAverageVariance_fullBatch_lt_allEnergy_of_scaleFreeWideGap
Mf/DP/Training/BMinSep/CrossLawFixedPositiveEndpointUniqueness.lean:636:theorem threeStepEndpointRate_eq_optimal_iff
Mf/DP/BISGaussianResidualProfile.lean:11:`paper/optimal-subsampling/main_arxiv.tex`, Section 4. For unit shifts, scaling
Mf/DP/Training/BMinSep/CrossLawCorrectedHeadlineAudit.lean:47:warm-start optimality, all-scale finite-noise ordering, finite-noise ordering
Mf/DP/Training/BMinSep/CrossLawCorrectedHeadlineAudit.lean:113:#check threeStepEndpointRate_eq_optimal_iff
Mf/DP/Training/BMinSep/CrossLawCorrectedHeadlineAudit.lean:180:#print axioms threeStepEndpointRate_eq_optimal_iff
Mf/DP/Training/BMinSep/DirectReplaceGlobalOptimalityModel.lean:26:/-- A model obtained only from the private replacement-optimal transcript. -/
Mf/DP/PoissonFixedEpochAffinePoissonOverlapDominance.lean:155:theorem exists_poissonFixedEpoch_sumEventCertificate_above_fullBatch_of_affinePoissonOverlap
Mf/DP/PoissonFixedEpochAffinePoissonOverlapDominance.lean:206:  exact exists_poissonFixedEpoch_sumEventCertificate_above_fullBatch_of_gap point
Mf/DP/PoissonFixedEpochAffinePoissonOverlapDominance.lean:211:theorem poissonFixedEpochCalibratedPrivacyVariance_gt_fullBatch_of_affinePoissonOverlap
Mf/DP/PoissonFixedEpochAffinePoissonOverlapDominance.lean:245:    exists_poissonFixedEpoch_sumEventCertificate_above_fullBatch_of_affinePoissonOverlap
Mf/DP/PoissonFixedEpochAffinePoissonOverlapDominance.lean:264:theorem poissonFixedEpochTotalAverageVariance_fullBatch_lt_allEnergy_of_affinePoissonOverlap
Mf/DP/PoissonFixedEpochAffinePoissonOverlapDominance.lean:296:        (PoissonFixedEpochPoint.fullBatch point.epoch point.epoch_pos)
Mf/DP/PoissonFixedEpochAffinePoissonOverlapDominance.lean:299:  rw [poissonFixedEpochTotalAverageVariance_fullBatch_eq_base_sq point.epoch
Mf/DP/PoissonFixedEpochAffinePoissonOverlapDominance.lean:303:    poissonFixedEpochCalibratedPrivacyVariance_gt_fullBatch_of_affinePoissonOverlap
Mf/DP/PoissonFixedEpochAffinePoissonOverlapDominance.lean:308:  change (fullBatchGaussianBaseStddev sensitivity epsilon delta hSensitivity hEpsilon
Mf/DP/PoissonFixedEpochAffinePoissonOverlapDominance.lean:359:theorem poissonFixedEpochCalibratedPrivacyVariance_gt_fullBatch_of_directOverlap
Mf/DP/PoissonFixedEpochAffinePoissonOverlapDominance.lean:387:  exact poissonFixedEpochCalibratedPrivacyVariance_gt_fullBatch_of_affinePoissonOverlap
Mf/DP/PoissonFixedEpochAffinePoissonOverlapDominance.lean:393:theorem poissonFixedEpochTotalAverageVariance_fullBatch_lt_allEnergy_of_directOverlap
Mf/DP/PoissonFixedEpochAffinePoissonOverlapDominance.lean:412:        (PoissonFixedEpochPoint.fullBatch point.epoch point.epoch_pos)
Mf/DP/PoissonFixedEpochAffinePoissonOverlapDominance.lean:423:  exact poissonFixedEpochTotalAverageVariance_fullBatch_lt_allEnergy_of_affinePoissonOverlap
Mf/DP/PoissonFixedEpochAffinePoissonOverlapDominance.lean:479:theorem exists_poissonFixedEpoch_sumEventCertificate_above_fullBatch_of_extendedDirectOverlap
Mf/DP/PoissonFixedEpochAffinePoissonOverlapDominance.lean:517:  exact exists_poissonFixedEpoch_sumEventCertificate_above_fullBatch_of_gap point
Mf/DP/PoissonFixedEpochAffinePoissonOverlapDominance.lean:522:theorem poissonFixedEpochCalibratedPrivacyVariance_gt_fullBatch_of_extendedDirectOverlap
Mf/DP/PoissonFixedEpochAffinePoissonOverlapDominance.lean:543:    exists_poissonFixedEpoch_sumEventCertificate_above_fullBatch_of_extendedDirectOverlap
Mf/DP/PoissonFixedEpochAffinePoissonOverlapDominance.lean:562:theorem poissonFixedEpochTotalAverageVariance_fullBatch_lt_allEnergy_of_extendedDirectOverlap
Mf/DP/PoissonFixedEpochAffinePoissonOverlapDominance.lean:581:        (PoissonFixedEpochPoint.fullBatch point.epoch point.epoch_pos)
Mf/DP/PoissonFixedEpochAffinePoissonOverlapDominance.lean:584:  rw [poissonFixedEpochTotalAverageVariance_fullBatch_eq_base_sq point.epoch
Mf/DP/PoissonFixedEpochAffinePoissonOverlapDominance.lean:588:    poissonFixedEpochCalibratedPrivacyVariance_gt_fullBatch_of_extendedDirectOverlap
Mf/DP/PoissonFixedEpochAffinePoissonOverlapDominance.lean:593:  change (fullBatchGaussianBaseStddev sensitivity epsilon delta hSensitivity hEpsilon
Mf/DP/PoissonFixedEpochAffinePoissonOverlapDominance.lean:602:theorem poissonFixedEpochDirectOverlap_fullBatchCalibrated_scale
Mf/DP/PoissonFixedEpochAffinePoissonOverlapDominance.lean:614:  rw [poissonFixedEpochStandardizedSignal_fullBatchCalibrated_scale sensitivity epsilon
Mf/DP/PoissonFixedEpochAffinePoissonOverlapDominance.lean:616:  simp_rw [poissonFixedEpochThresholdTail_fullBatchCalibrated_scale sensitivity epsilon
Mf/DP/PoissonFixedEpochPracticalTwoSeventhsDomain.lean:53:theorem poissonFixedEpochCalibratedPrivacyVariance_gt_fullBatch_of_twoSevenths_domain
Mf/DP/PoissonFixedEpochPracticalTwoSeventhsDomain.lean:97:  exact poissonFixedEpochCalibratedPrivacyVariance_gt_fullBatch_of_directOverlap
Mf/DP/PoissonFixedEpochPracticalTwoSeventhsDomain.lean:105:theorem poissonFixedEpochTotalAverageVariance_fullBatch_lt_allEnergy_of_twoSevenths_domain
Mf/DP/PoissonFixedEpochPracticalTwoSeventhsDomain.lean:120:        (PoissonFixedEpochPoint.fullBatch point.epoch point.epoch_pos)
Mf/DP/PoissonFixedEpochPracticalTwoSeventhsDomain.lean:152:    poissonFixedEpochTotalAverageVariance_fullBatch_lt_allEnergy_of_directOverlap
Mf/DP/OptimalSamplingLawUniquenessBoundary.lean:13:# Law-uniqueness boundary for optimal sampling
Mf/DP/OptimalSamplingLawUniquenessBoundary.lean:15:Five different equality notions occur in the optimal-sampling discussion:
Mf/DP/PoissonFixedEpochSixFifthsTraceReduction.lean:66:    apply fixedEpochCenterGap_pos_of_boundary_nonneg point step boundary theta
Mf/DP/BIFR/BIFRFiniteGridAtMostEnvelope.lean:15:This does not prove continuous gamma optimality, and it does not prove that the
Mf/DP/Training/BMinSep/CrossLawFixedPositiveCounterexample.lean:31:fixed-positive candidate-rate optimality of the existing edge law.  The result
Mf/DP/Training/BMinSep/CrossLawFixedPositiveCounterexample.lean:490:strictly suboptimal even within the two-endpoint family.
Mf/DP/Training/BMinSep/DirectReplaceGlobalOptimalityAudit.lean:5:/-! # B-min-sep direct replace-one global-optimality audit -/
Mf/DP/BISGaussianResidualSupportCalibration.lean:81:theorem cifarLong_support_optimalNoise_upper : cifarLongOptimalNoise ≤ (279/10 : ℝ) :=
Mf/DP/BISGaussianResidualSupportCalibration.lean:90:  have hhi := cifarLong_support_optimalNoise_upper
Mf/DP/BISGaussianResidualPayoffIntegrals.lean:15:following the BIS sampling law in `paper/optimal-subsampling/main_arxiv.tex`,
Mf/DP/SampledGaussianProductMaximumEvent.lean:10:product probabilities; no optimality claim about the event is made here.
Mf/DP/Training/BMinSep/CenteredTightnessScaleBracket.lean:18:optimal, and it does not consume a Python diagnostic artifact.
Mf/DP/PoissonFixedEpochPracticalOneEpochAudit.lean:7:#check Mf.DP.PoissonFixedEpochPracticalOneEpoch.calibratedPrivacyVariance_gt_fullBatch
Mf/DP/PoissonFixedEpochPracticalOneEpochAudit.lean:8:#check Mf.DP.PoissonFixedEpochPracticalOneEpoch.totalAverageVariance_fullBatch_lt_allEnergy
Mf/DP/PoissonFixedEpochPracticalOneEpochAudit.lean:9:#check Mf.DP.PoissonFixedEpochPracticalOneEpoch.calibratedPrivacyVariance_gt_fullBatch_of_pos_sensitivity
Mf/DP/PoissonFixedEpochPracticalOneEpochAudit.lean:10:#check Mf.DP.PoissonFixedEpochPracticalOneEpoch.totalAverageVariance_fullBatch_lt_allEnergy_of_pos_sensitivity
Mf/DP/PoissonFixedEpochPracticalOneEpochAudit.lean:16:#print axioms Mf.DP.PoissonFixedEpochPracticalOneEpoch.calibratedPrivacyVariance_gt_fullBatch
Mf/DP/PoissonFixedEpochPracticalOneEpochAudit.lean:17:#print axioms Mf.DP.PoissonFixedEpochPracticalOneEpoch.totalAverageVariance_fullBatch_lt_allEnergy
Mf/DP/PoissonFixedEpochPracticalOneEpochAudit.lean:18:#print axioms Mf.DP.PoissonFixedEpochPracticalOneEpoch.calibratedPrivacyVariance_gt_fullBatch_of_pos_sensitivity
Mf/DP/PoissonFixedEpochPracticalOneEpochAudit.lean:19:#print axioms Mf.DP.PoissonFixedEpochPracticalOneEpoch.totalAverageVariance_fullBatch_lt_allEnergy_of_pos_sensitivity
Mf/DP/Training/BMinSep/CenteredTightnessNearExactnessComposition.lean:303:threshold.  This is the generic form used to rule out global optimality of a
Mf/DP/SampledGaussianCalibrationRatio.lean:19:theorem sampledGaussianCalibratedStddev_one_eq_fullBatch
Mf/DP/SampledGaussianCalibrationRatio.lean:26:      fullBatchGaussianCalibratedStddev horizon sensitivity epsilon delta
Mf/DP/SampledGaussianCalibrationRatio.lean:28:  let g := fullBatchGaussianCalibratedStddev horizon sensitivity epsilon delta
Mf/DP/SampledGaussianCalibrationRatio.lean:31:    have hbase : 0 < fullBatchGaussianBaseStddev sensitivity epsilon delta
Mf/DP/SampledGaussianCalibrationRatio.lean:40:    exact fullBatchGaussianCalibratedStddev_profile_eq horizon sensitivity epsilon delta
Mf/DP/SampledGaussianCalibrationRatio.lean:66:    have hsignal_pos : 0 < fullBatchGaussianSignal horizon sensitivity := by
Mf/DP/SampledGaussianCalibrationRatio.lean:70:        Training.scalarGaussianSigmaProfile (fullBatchGaussianSignal horizon sensitivity)
Mf/DP/SampledGaussianCalibrationRatio.lean:72:          Training.scalarGaussianSigmaProfile (fullBatchGaussianSignal horizon sensitivity)
Mf/DP/SampledGaussianCalibrationRatio.lean:78:        Training.scalarGaussianSigmaProfile (fullBatchGaussianSignal horizon sensitivity)
Mf/DP/SampledGaussianCalibrationRatio.lean:81:          (Training.scalarGaussianSigmaProfile (fullBatchGaussianSignal horizon sensitivity)
Mf/DP/SampledGaussianCalibrationRatio.lean:135:  let g := fullBatchGaussianCalibratedStddev (horizon + 1) sensitivity epsilon delta
Mf/DP/SampledGaussianCalibrationRatio.lean:138:    have hbase : 0 < fullBatchGaussianBaseStddev sensitivity epsilon delta
Mf/DP/SampledGaussianCalibrationRatio.lean:147:  have hone := sampledGaussianCalibratedStddev_one_eq_fullBatch (horizon + 1)
Mf/DP/SampledGaussianCalibrationRatio.lean:226:  let base := fullBatchGaussianBaseStddev sensitivity epsilon delta sensitivity_pos
Mf/DP/SampledGaussianCalibrationRatio.lean:241:      rw [sampledGaussianCalibratedStddev_one_eq_fullBatch (horizon + 1)
Mf/DP/FiniteProfileEventLowerBound.lean:8:event or optimality claim is introduced.
Mf/DP/Training/BMinSep/AddRemoveGlobalOptimality.lean:13:/-! # Uniform add/remove global sigma optimality for b-min-sep -/
Mf/DP/Training/BMinSep/AddRemoveGlobalOptimalityModel.lean:26:/-- A model obtained solely by measurable postprocessing of the optimal transcript. -/
Mf/DP/Training/BMinSep/CrossLawFixedPositiveEndpointOptimization.lean:422:/-- The selected optimal endpoint law has expected participation count one. -/
Mf/DP/PoissonFixedEpochPracticalTwoThirdsDeltaDomain.lean:53:    poissonFixedEpochCalibratedPrivacyVariance_gt_fullBatch_of_delta_le_twoThirdsThreshold
Mf/DP/PoissonFixedEpochPracticalTwoThirdsDeltaDomain.lean:65:    poissonFixedEpochCalibratedPrivacyVariance_gt_fullBatch_of_twoThirds_signal
Mf/DP/PoissonFixedEpochPracticalTwoThirdsDeltaDomain.lean:76:    poissonFixedEpochTotalAverageVariance_fullBatch_lt_of_delta_le_twoThirdsThreshold
Mf/DP/PoissonFixedEpochPracticalTwoThirdsDeltaDomain.lean:86:        (PoissonFixedEpochPoint.fullBatch point.epoch point.epoch_pos)
Mf/DP/PoissonFixedEpochPracticalTwoThirdsDeltaDomain.lean:90:    poissonFixedEpochTotalAverageVariance_fullBatch_lt_allEnergy_of_twoThirds_signal
Mf/DP/PoissonFixedEpochSixFifthsDeltaThreshold.lean:160:theorem poissonFixedEpochDelta_le_sixFifthsThreshold_of_fullBatchCalibratedSignal_sq_le
Mf/DP/PoissonFixedEpochSixFifthsDeltaThreshold.lean:207:theorem poissonFixedEpochDelta_le_sixFifthsThreshold_iff_fullBatchCalibratedSignal_sq_le
Mf/DP/PoissonFixedEpochSixFifthsDeltaThreshold.lean:222:      poissonFixedEpochDelta_le_sixFifthsThreshold_of_fullBatchCalibratedSignal_sq_le
Mf/DP/PoissonFixedEpochPracticalOneEpoch.lean:499:theorem calibratedPrivacyVariance_gt_fullBatch
Mf/DP/PoissonFixedEpochPracticalOneEpoch.lean:505:  exact poissonFixedEpochCalibratedPrivacyVariance_gt_fullBatch_of_affinePoissonOverlap
Mf/DP/PoissonFixedEpochPracticalOneEpoch.lean:519:theorem totalAverageVariance_fullBatch_lt_allEnergy
Mf/DP/PoissonFixedEpochPracticalOneEpoch.lean:523:        (PoissonFixedEpochPoint.fullBatch 1 (by norm_num))
Mf/DP/PoissonFixedEpochPracticalOneEpoch.lean:528:  exact poissonFixedEpochTotalAverageVariance_fullBatch_lt_allEnergy_of_affinePoissonOverlap
Mf/DP/PoissonFixedEpochPracticalOneEpoch.lean:541:theorem calibratedPrivacyVariance_gt_fullBatch_of_pos_sensitivity
Mf/DP/PoissonFixedEpochPracticalOneEpoch.lean:555:    rw [poissonFixedEpochStandardizedSignal_fullBatchCalibrated_scale sensitivity 1
Mf/DP/PoissonFixedEpochPracticalOneEpoch.lean:562:    rw [poissonFixedEpochDirectOverlap_fullBatchCalibrated_scale 1 sensitivity 1
Mf/DP/PoissonFixedEpochPracticalOneEpoch.lean:566:  exact poissonFixedEpochCalibratedPrivacyVariance_gt_fullBatch_of_directOverlap
Mf/DP/PoissonFixedEpochPracticalOneEpoch.lean:575:theorem totalAverageVariance_fullBatch_lt_allEnergy_of_pos_sensitivity
Mf/DP/PoissonFixedEpochPracticalOneEpoch.lean:580:        (PoissonFixedEpochPoint.fullBatch 1 (by norm_num))
Mf/DP/PoissonFixedEpochPracticalOneEpoch.lean:591:    rw [poissonFixedEpochStandardizedSignal_fullBatchCalibrated_scale sensitivity 1
Mf/DP/PoissonFixedEpochPracticalOneEpoch.lean:598:    rw [poissonFixedEpochDirectOverlap_fullBatchCalibrated_scale 1 sensitivity 1
Mf/DP/PoissonFixedEpochPracticalOneEpoch.lean:602:  exact poissonFixedEpochTotalAverageVariance_fullBatch_lt_allEnergy_of_directOverlap
Mf/DP/PoissonFixedEpochEpochUniformDomain.lean:131:    poissonFixedEpochCalibratedPrivacyVariance_gt_fullBatch_of_epochUniformSignal
Mf/DP/PoissonFixedEpochEpochUniformDomain.lean:146:  apply poissonFixedEpochCalibratedPrivacyVariance_gt_fullBatch_of_traceGap
Mf/DP/PoissonFixedEpochEpochUniformDomain.lean:156:    poissonFixedEpochTotalAverageVariance_fullBatch_lt_allEnergy_of_epochUniformSignal
Mf/DP/PoissonFixedEpochEpochUniformDomain.lean:170:        (PoissonFixedEpochPoint.fullBatch point.epoch point.epoch_pos)
Mf/DP/PoissonFixedEpochEpochUniformDomain.lean:173:  apply poissonFixedEpochTotalAverageVariance_fullBatch_lt_allEnergy_of_traceGap
Mf/DP/PoissonFixedEpochEpochUniformDomain.lean:193:    poissonFixedEpochDelta_le_epochUniformThreshold_iff_fullBatchCalibratedSignal_sq_le
Mf/DP/PoissonFixedEpochEpochUniformDomain.lean:268:    (poissonFixedEpochDelta_le_epochUniformThreshold_iff_fullBatchCalibratedSignal_sq_le
Mf/DP/PoissonFixedEpochEpochUniformDomain.lean:274:    poissonFixedEpochCalibratedPrivacyVariance_gt_fullBatch_of_delta_le_epochUniformThreshold
Mf/DP/PoissonFixedEpochEpochUniformDomain.lean:286:    poissonFixedEpochCalibratedPrivacyVariance_gt_fullBatch_of_epochUniformSignal
Mf/DP/PoissonFixedEpochEpochUniformDomain.lean:290:    (poissonFixedEpochDelta_le_epochUniformThreshold_iff_fullBatchCalibratedSignal_sq_le
Mf/DP/PoissonFixedEpochEpochUniformDomain.lean:296:    poissonFixedEpochTotalAverageVariance_fullBatch_lt_allEnergy_of_delta_le_epochUniformThreshold
Mf/DP/PoissonFixedEpochEpochUniformDomain.lean:306:        (PoissonFixedEpochPoint.fullBatch point.epoch point.epoch_pos)
Mf/DP/PoissonFixedEpochEpochUniformDomain.lean:310:    poissonFixedEpochTotalAverageVariance_fullBatch_lt_allEnergy_of_epochUniformSignal
Mf/DP/PoissonFixedEpochEpochUniformDomain.lean:314:    (poissonFixedEpochDelta_le_epochUniformThreshold_iff_fullBatchCalibratedSignal_sq_le
Mf/DP/PoissonFixedEpochEpochUniformDomain.lean:338:                (PoissonFixedEpochPoint.fullBatch epoch hEpoch)
Mf/DP/PoissonFixedEpochEpochUniformDomain.lean:346:      poissonFixedEpochCalibratedPrivacyVariance_gt_fullBatch_of_delta_le_epochUniformThreshold
Mf/DP/PoissonFixedEpochEpochUniformDomain.lean:351:      poissonFixedEpochTotalAverageVariance_fullBatch_lt_allEnergy_of_delta_le_epochUniformThreshold
Mf/DP/PoissonFixedEpochPracticalUnitSignalDomainAudit.lean:21:#check poissonFixedEpochCalibratedPrivacyVariance_gt_fullBatch_of_unit_signal
Mf/DP/PoissonFixedEpochPracticalUnitSignalDomainAudit.lean:22:#check poissonFixedEpochTotalAverageVariance_fullBatch_lt_allEnergy_of_unit_signal
Mf/DP/PoissonFixedEpochPracticalUnitSignalDomainAudit.lean:28:  poissonFixedEpochDelta_le_unitThreshold_iff_fullBatchCalibratedSignal_sq_le_epsilon
Mf/DP/PoissonFixedEpochPracticalUnitSignalDomainAudit.lean:32:  poissonFixedEpochCalibratedPrivacyVariance_gt_fullBatch_of_delta_le_unitThreshold
Mf/DP/PoissonFixedEpochPracticalUnitSignalDomainAudit.lean:34:  poissonFixedEpochTotalAverageVariance_fullBatch_lt_of_delta_le_unitThreshold
Mf/DP/PoissonFixedEpochPracticalUnitSignalDomainAudit.lean:44:#print axioms poissonFixedEpochCalibratedPrivacyVariance_gt_fullBatch_of_unit_signal
Mf/DP/PoissonFixedEpochPracticalUnitSignalDomainAudit.lean:45:#print axioms poissonFixedEpochTotalAverageVariance_fullBatch_lt_allEnergy_of_unit_signal
Mf/DP/PoissonFixedEpochPracticalUnitSignalDomainAudit.lean:51:  poissonFixedEpochDelta_le_unitThreshold_iff_fullBatchCalibratedSignal_sq_le_epsilon
Mf/DP/PoissonFixedEpochPracticalUnitSignalDomainAudit.lean:55:  poissonFixedEpochCalibratedPrivacyVariance_gt_fullBatch_of_delta_le_unitThreshold
Mf/DP/PoissonFixedEpochPracticalUnitSignalDomainAudit.lean:57:  poissonFixedEpochTotalAverageVariance_fullBatch_lt_of_delta_le_unitThreshold
Mf/DP/BISGaussianNoiseMonotonicity.lean:10:The canonical BIS law of `paper/optimal-subsampling/main_arxiv.tex`, Section 4,
Mf/DP/PoissonFixedEpochVariance.lean:113:theorem poissonFixedEpochCalibratedStddev_fullBatch
Mf/DP/PoissonFixedEpochVariance.lean:119:        (PoissonFixedEpochPoint.fullBatch epoch epoch_pos)
Mf/DP/PoissonFixedEpochVariance.lean:121:      fullBatchGaussianCalibratedStddev epoch sensitivity epsilon delta
Mf/DP/PoissonFixedEpochVariance.lean:124:  simpa only [PoissonFixedEpochPoint.horizon_fullBatch,
Mf/DP/PoissonFixedEpochVariance.lean:125:    PoissonFixedEpochPoint.samplingRate_fullBatch] using
Mf/DP/PoissonFixedEpochVariance.lean:126:    sampledGaussianCalibratedStddev_one_eq_fullBatch epoch sensitivity epsilon delta
Mf/DP/PoissonFixedEpochVariance.lean:129:@[simp] theorem poissonFixedEpochSamplingVariance_fullBatch
Mf/DP/PoissonFixedEpochVariance.lean:132:        (PoissonFixedEpochPoint.fullBatch epoch epoch_pos) energy = 0 := by
Mf/DP/PoissonFixedEpochVariance.lean:133:  simp [poissonFixedEpochSamplingVariance, PoissonFixedEpochPoint.fullBatch]
Mf/DP/PoissonFixedEpochVariance.lean:137:theorem poissonFixedEpochPrivacyVariance_fullBatch_eq_base_sq
Mf/DP/PoissonFixedEpochVariance.lean:143:        (PoissonFixedEpochPoint.fullBatch epoch epoch_pos)
Mf/DP/PoissonFixedEpochVariance.lean:145:          (PoissonFixedEpochPoint.fullBatch epoch epoch_pos)
Mf/DP/PoissonFixedEpochVariance.lean:147:      (fullBatchGaussianBaseStddev sensitivity epsilon delta
Mf/DP/PoissonFixedEpochVariance.lean:149:  rw [poissonFixedEpochCalibratedStddev_fullBatch epoch epoch_pos sensitivity epsilon
Mf/DP/PoissonFixedEpochVariance.lean:152:  rw [fullBatchGaussianCalibratedStddev_coe]
Mf/DP/PoissonFixedEpochVariance.lean:153:  simp only [PoissonFixedEpochPoint.fullBatch]
Mf/DP/PoissonFixedEpochVariance.lean:159:theorem poissonFixedEpochTotalAverageVariance_fullBatch_eq_base_sq
Mf/DP/PoissonFixedEpochVariance.lean:165:        (PoissonFixedEpochPoint.fullBatch epoch epoch_pos)
Mf/DP/PoissonFixedEpochVariance.lean:167:      (fullBatchGaussianBaseStddev sensitivity epsilon delta
Mf/DP/PoissonFixedEpochVariance.lean:171:  rw [poissonFixedEpochSamplingVariance_fullBatch]
Mf/DP/PoissonFixedEpochVariance.lean:173:  exact poissonFixedEpochPrivacyVariance_fullBatch_eq_base_sq epoch epoch_pos
Mf/DP/PoissonFixedEpochPointwiseDominanceDomain.lean:171:    poissonFixedEpochExactCriticalDeltaCondition_iff_fullBatchCalibratedSignalCondition
Mf/DP/PoissonFixedEpochPointwiseDominanceDomain.lean:238:    poissonFixedEpochExactCriticalDeltaCondition_iff_fullBatchCalibratedSignalSquareCondition
Mf/DP/PoissonFixedEpochPointwiseDominanceDomain.lean:250:    poissonFixedEpochExactCriticalDeltaCondition_iff_fullBatchCalibratedSignalCondition
Mf/DP/PoissonFixedEpochPointwiseDominanceDomain.lean:334:theorem poissonFixedEpochCenterDominanceCondition_fullBatchCalibrated_of_exactDeltaCondition
Mf/DP/PoissonFixedEpochPointwiseDominanceDomain.lean:357:      (poissonFixedEpochExactCriticalDeltaCondition_iff_fullBatchCalibratedSignalCondition
Mf/DP/PoissonFixedEpochPointwiseDominanceDomain.lean:385:    poissonFixedEpochCenterDominanceCondition_fullBatchCalibrated_of_exactDeltaCondition
Mf/DP/PoissonFixedEpochPointwiseDominanceDomain.lean:392:    poissonFixedEpochCalibratedPrivacyVariance_gt_fullBatch_of_exactCriticalDeltaCondition
Mf/DP/PoissonFixedEpochPointwiseDominanceDomain.lean:402:  apply poissonFixedEpochCalibratedPrivacyVariance_gt_fullBatch_of_centerCondition
Mf/DP/PoissonFixedEpochPointwiseDominanceDomain.lean:406:    poissonFixedEpochCenterDominanceCondition_fullBatchCalibrated_of_exactDeltaCondition
Mf/DP/PoissonFixedEpochPointwiseDominanceDomain.lean:413:    poissonFixedEpochTotalAverageVariance_fullBatch_lt_of_exactCriticalDeltaCondition
Mf/DP/PoissonFixedEpochPointwiseDominanceDomain.lean:422:        (PoissonFixedEpochPoint.fullBatch point.epoch point.epoch_pos)
Mf/DP/PoissonFixedEpochPointwiseDominanceDomain.lean:425:  apply poissonFixedEpochTotalAverageVariance_fullBatch_lt_allEnergy_of_centerCondition
Mf/DP/PoissonFixedEpochPointwiseDominanceDomain.lean:429:    poissonFixedEpochCenterDominanceCondition_fullBatchCalibrated_of_exactDeltaCondition
Mf/DP/PoissonFixedEpochPointwiseDominanceDomain.lean:462:    (poissonFixedEpochExactCriticalDeltaCondition_iff_fullBatchCalibratedSignalSquareCondition
Mf/DP/PoissonFixedEpochPointwiseDominanceDomain.lean:469:    poissonFixedEpochCalibratedPrivacyVariance_gt_fullBatch_of_exactCriticalSignalSquareCondition
Mf/DP/PoissonFixedEpochPointwiseDominanceDomain.lean:483:    poissonFixedEpochCalibratedPrivacyVariance_gt_fullBatch_of_exactCriticalDeltaCondition
Mf/DP/PoissonFixedEpochPointwiseDominanceDomain.lean:487:    (poissonFixedEpochExactCriticalDeltaCondition_iff_fullBatchCalibratedSignalSquareCondition
Mf/DP/PoissonFixedEpochPointwiseDominanceDomain.lean:494:    poissonFixedEpochTotalAverageVariance_fullBatch_lt_of_exactCriticalSignalSquareCondition
Mf/DP/PoissonFixedEpochPointwiseDominanceDomain.lean:506:        (PoissonFixedEpochPoint.fullBatch point.epoch point.epoch_pos)
Mf/DP/PoissonFixedEpochPointwiseDominanceDomain.lean:510:    poissonFixedEpochTotalAverageVariance_fullBatch_lt_of_exactCriticalDeltaCondition
Mf/DP/PoissonFixedEpochPointwiseDominanceDomain.lean:514:    (poissonFixedEpochExactCriticalDeltaCondition_iff_fullBatchCalibratedSignalSquareCondition
Mf/DP/BISGaussianResidualParticipationRegion.lean:16:attainment of an optimal noise, or extend the region to vanishing participation.
Mf/DP/DPClippingTrajectoryTheoryImport.lean:14:`paper/private-linear-reg-optimal-rates/`.
Mf/DP/DPClippingTrajectoryTheoryImport.lean:188:achieves the optimal private linear-regression scale
Mf/DP/PoissonFixedEpochPracticalUniformDomainAudit.lean:10:#check poissonFixedEpochCalibratedPrivacyVariance_gt_fullBatch_of_conservative_domain
Mf/DP/PoissonFixedEpochPracticalUniformDomainAudit.lean:11:#check poissonFixedEpochTotalAverageVariance_fullBatch_lt_allEnergy_of_conservative_domain
Mf/DP/PoissonFixedEpochPracticalUniformDomainAudit.lean:18:  poissonFixedEpochCalibratedPrivacyVariance_gt_fullBatch_of_conservative_domain
Mf/DP/PoissonFixedEpochPracticalUniformDomainAudit.lean:20:  poissonFixedEpochTotalAverageVariance_fullBatch_lt_allEnergy_of_conservative_domain
Mf/DP/SampledGaussianAccountingAudit.lean:33:#check sampledGaussianCalibratedStddev_one_eq_fullBatch
Mf/DP/SampledGaussianAccountingAudit.lean:35:#check fullBatchGaussianCalibratedStddev_profile_eq
Mf/DP/BISGaussianResidualPayoff.lean:8:`paper/optimal-subsampling/main_arxiv.tex`.
Mf/DP/OptimalSubsamplingFixedPositiveEquality.lean:22:log-MGF has no feasible direction strictly inside the optimal BIS quadratic
Mf/DP/OptimalSubsamplingFixedPositiveEquality.lean:29:The exact open-ball condition for tying the optimal BIS fixed-positive rate.
Mf/DP/OptimalSubsamplingFixedPositiveEquality.lean:54:global optimality of BIS.
Mf/DP/PoissonFixedEpochAsymptotics.lean:15:They are deliberately not folded into the strict-interior theorem below.
Mf/DP/PoissonFixedEpochAsymptotics.lean:347:theorem eventually_poissonFixedEpoch_fullBatch_lt_totalAverageVariance
Mf/DP/PoissonFixedEpochAsymptotics.lean:356:          (PoissonFixedEpochPoint.fullBatch epoch epoch_pos)
Mf/DP/PoissonFixedEpochAsymptotics.lean:364:      (PoissonFixedEpochPoint.fullBatch epoch epoch_pos)
Mf/DP/PoissonFixedEpochAsymptotics.lean:372:theorem eventually_poissonFixedEpoch_fullBatch_lt_totalAverageVariance_uniform_energy
Mf/DP/PoissonFixedEpochAsymptotics.lean:380:          (PoissonFixedEpochPoint.fullBatch epoch epoch_pos)
Mf/DP/PoissonFixedEpochAsymptotics.lean:388:  let fullBatchVariance :=
Mf/DP/PoissonFixedEpochAsymptotics.lean:389:    (fullBatchGaussianBaseStddev sensitivity epsilon delta sensitivity_pos
Mf/DP/PoissonFixedEpochAsymptotics.lean:394:  filter_upwards [hPrivacy.eventually (eventually_gt_atTop fullBatchVariance)]
Mf/DP/PoissonFixedEpochAsymptotics.lean:397:  rw [poissonFixedEpochTotalAverageVariance_fullBatch_eq_base_sq epoch epoch_pos
Mf/DP/PoissonFixedEpochAsymptotics.lean:404:  dsimp [fullBatchVariance] at hPrivacyDominance ⊢
Mf/DP/PoissonFixedEpochAsymptotics.lean:409:theorem eventually_poissonFixedEpoch_fullBatch_le_totalAverageVariance
Mf/DP/PoissonFixedEpochAsymptotics.lean:418:          (PoissonFixedEpochPoint.fullBatch epoch epoch_pos)
Mf/DP/PoissonFixedEpochAsymptotics.lean:423:  (eventually_poissonFixedEpoch_fullBatch_lt_totalAverageVariance epoch epoch_pos
Mf/DP/PoissonFixedEpochAsymptotics.lean:442:  let fullBatchVariance :=
Mf/DP/PoissonFixedEpochAsymptotics.lean:443:    (fullBatchGaussianBaseStddev sensitivity epsilon delta sensitivity_pos
Mf/DP/PoissonFixedEpochAsymptotics.lean:450:  filter_upwards [hPrivacy.eventually (eventually_ge_atTop fullBatchVariance)]
Mf/DP/PoissonFixedEpochAsymptotics.lean:452:  exact poissonFixedEpochEnergyThreshold_eq_zero_of_fullBatch_le
Mf/DP/PoissonFixedEpochAsymptotics.lean:457:    fullBatchVariance hDominance
Mf/DP/PoissonFixedEpochPracticalEighteenthDeltaDomain.lean:79:    poissonFixedEpochCalibratedPrivacyVariance_gt_fullBatch_of_eighteenth_delta_domain
Mf/DP/PoissonFixedEpochPracticalEighteenthDeltaDomain.lean:93:    poissonFixedEpochCalibratedPrivacyVariance_gt_fullBatch_of_eighteenth_domain
Mf/DP/PoissonFixedEpochPracticalEighteenthDeltaDomain.lean:105:    poissonFixedEpochTotalAverageVariance_fullBatch_lt_of_eighteenth_delta_domain
Mf/DP/PoissonFixedEpochPracticalEighteenthDeltaDomain.lean:116:        (PoissonFixedEpochPoint.fullBatch point.epoch point.epoch_pos)
Mf/DP/PoissonFixedEpochPracticalEighteenthDeltaDomain.lean:121:    poissonFixedEpochTotalAverageVariance_fullBatch_lt_allEnergy_of_eighteenth_domain
Mf/DP/BISGaussianResidualQuadraticComponent.lean:7:`paper/optimal-subsampling/main_arxiv.tex`, Section 4, the proposed quadratic
Mf/DP/KOutOfTCertifiedCalibration.lean:3607:profile upper below that target.  It proves sufficiency of `σ`, not optimality.
Mf/DP/BISGaussianResidualCifarNoiseBracket.lean:6:# A certified near-optimal noise bracket for the CIFAR BIS request
Mf/DP/FullBatchGaussianAccounting.lean:146:def fullBatchGaussianSignal (horizon : Nat) (sensitivity : Real) : Real :=
Mf/DP/FullBatchGaussianAccounting.lean:158:        (fullBatchGaussianSignal horizon sensitivity) epsilon noiseStddev) := by
Mf/DP/FullBatchGaussianAccounting.lean:214:        simp [fullBatchGaussianSignal]
Mf/DP/FullBatchGaussianAccounting.lean:258:          (fullBatchGaussianSignal 1 sensitivity) epsilon noiseStddev) := by
Mf/DP/FullBatchGaussianAccounting.lean:261:    _ = _ := by simp [fullBatchGaussianSignal]
Mf/DP/FullBatchGaussianAccounting.lean:316:        (fullBatchGaussianSignal horizon sensitivity) epsilon noiseStddev) := by
Mf/DP/FullBatchGaussianAccounting.lean:372:    simp [fullBatchGaussianSignal]
Mf/DP/FullBatchGaussianAccounting.lean:387:        (fullBatchGaussianSignal horizon sensitivity) epsilon noiseStddev) := by
Mf/DP/FullBatchGaussianAccounting.lean:423:def fullBatchGaussianBaseStddev
Mf/DP/FullBatchGaussianAccounting.lean:433:theorem fullBatchGaussianBaseStddev_scale
Mf/DP/FullBatchGaussianAccounting.lean:437:    fullBatchGaussianBaseStddev sensitivity epsilon delta hSensitivity hEpsilon
Mf/DP/FullBatchGaussianAccounting.lean:439:      sensitivity * fullBatchGaussianBaseStddev 1 epsilon delta (by norm_num)
Mf/DP/FullBatchGaussianAccounting.lean:441:  let unitBase := fullBatchGaussianBaseStddev 1 epsilon delta (by norm_num)
Mf/DP/FullBatchGaussianAccounting.lean:447:      simpa [unitBase, fullBatchGaussianBaseStddev] using hUnitSpec.1)
Mf/DP/FullBatchGaussianAccounting.lean:455:      fullBatchGaussianBaseStddev] using hUnitSpec.2
Mf/DP/FullBatchGaussianAccounting.lean:461:  simpa [fullBatchGaussianBaseStddev, unitBase] using hEq
Mf/DP/FullBatchGaussianAccounting.lean:464:def fullBatchGaussianCalibratedStddev
Mf/DP/FullBatchGaussianAccounting.lean:468:  ⟨fullBatchGaussianBaseStddev sensitivity epsilon delta sensitivity_pos epsilon_nonneg
Mf/DP/FullBatchGaussianAccounting.lean:475:@[simp] theorem fullBatchGaussianCalibratedStddev_coe
Mf/DP/FullBatchGaussianAccounting.lean:479:    (fullBatchGaussianCalibratedStddev horizon sensitivity epsilon delta
Mf/DP/FullBatchGaussianAccounting.lean:481:      fullBatchGaussianBaseStddev sensitivity epsilon delta sensitivity_pos
Mf/DP/FullBatchGaussianAccounting.lean:485:theorem fullBatchGaussianCalibratedStddev_profile_eq
Mf/DP/FullBatchGaussianAccounting.lean:491:      (fullBatchGaussianCalibratedStddev horizon sensitivity epsilon delta
Mf/DP/FullBatchGaussianAccounting.lean:494:  let base := fullBatchGaussianBaseStddev sensitivity epsilon delta sensitivity_pos
Mf/DP/FullBatchGaussianAccounting.lean:501:  have hnoise : 0 < fullBatchGaussianCalibratedStddev horizon sensitivity epsilon delta
Mf/DP/FullBatchGaussianAccounting.lean:514:  simpa [Training.scalarGaussianSigmaProfile, base, fullBatchGaussianBaseStddev]
Mf/DP/FullBatchGaussianAccounting.lean:518:theorem fullBatchGaussianCalibratedStddev_unique
Mf/DP/FullBatchGaussianAccounting.lean:526:    noiseStddev = fullBatchGaussianCalibratedStddev horizon sensitivity epsilon delta
Mf/DP/FullBatchGaussianAccounting.lean:531:      (fullBatchGaussianSignal horizon sensitivity) epsilon noiseStddev := by
Mf/DP/FullBatchGaussianAccounting.lean:536:      (fullBatchGaussianSignal horizon sensitivity) epsilon noiseStddev = delta :=
Mf/DP/FullBatchGaussianAccounting.lean:546:        fullBatchGaussianSignal horizon sensitivity / (noiseStddev : Real) by
Mf/DP/FullBatchGaussianAccounting.lean:547:      simp [root, fullBatchGaussianSignal]
Mf/DP/FullBatchGaussianAccounting.lean:555:  unfold fullBatchGaussianCalibratedStddev fullBatchGaussianBaseStddev
Mf/DP/SamplerBridge/BMinSepBandMFCooldownTransferRoundedConstructiveAutomaticFixedSigma.lean:100:resource-optimality interpretation.
Mf/DP/SamplerBridge/BMinSepBandMFCooldownTransferRoundedConstructiveLocalMassAutomaticFeasiblePrefixUnmergedReference.lean:77:runtime, memory, or approximation-optimality meaning.
