{"argv": ["uv", "run", "--locked", "python", "scripts/clean_checkout_gate.py", "--candidate", "83d561b4d746ac5414eec7342e9f3edf86ce4a4a", "--package-resource", "ladon:schemas/ladon-result-manifest-v1.schema.json", "--package-resource", "ladon:schemas/ladon-proof-search-type-text-result-v2.schema.json"], "cwd": "/home/codex/.cache/ladon-qualification-r47/ladon-guides-r47-10957q49/candidate"}
Using CPython 3.11.15 interpreter at: /home/codex/miniconda3/bin/python3
Creating virtual environment at: .venv
   Building ladon @ file:///home/codex/.cache/ladon-qualification-r47/ladon-guides-r47-10957q49/candidate
      Built ladon @ file:///home/codex/.cache/ladon-qualification-r47/ladon-guides-r47-10957q49/candidate
Installed 18 packages in 4ms
+ /home/codex/miniconda3/bin/uv lock --check
Using CPython 3.11.15 interpreter at: /home/codex/miniconda3/bin/python3.11
Resolved 18 packages in 0.49ms
+ /home/codex/miniconda3/bin/uv sync --locked --no-editable
Using CPython 3.11.15 interpreter at: /home/codex/miniconda3/bin/python3.11
Creating virtual environment at: /tmp/ladon-clean-gate-5_kyhnnq/environment
Resolved 18 packages in 0.40ms
   Building ladon @ file:///tmp/ladon-candidate-07__zup1/source
      Built ladon @ file:///tmp/ladon-candidate-07__zup1/source
Downloading pygments (1.2MiB)
Downloading ruff (10.5MiB)
 Downloaded pygments
 Downloaded ruff
Prepared 18 packages in 817ms
Installed 18 packages in 1ms
 + attrs==26.1.0
 + colorama==0.4.6
 + iniconfig==2.3.0
 + jsonschema==4.26.0
 + jsonschema-specifications==2025.9.1
 + ladon==0.2.0 (from file:///tmp/ladon-candidate-07__zup1/source)
 + mando==0.7.1
 + packaging==26.2
 + pluggy==1.6.0
 + pygments==2.20.0
 + pytest==9.0.3
 + radon==6.0.1
 + referencing==0.37.0
 + rpds-py==2026.6.3
 + ruff==0.16.3
 + six==1.17.0
 + typing-extensions==4.16.0
 + vulture==2.16
+ /home/codex/miniconda3/bin/uv run --locked --no-sync python -m pytest --collect-only -q
+ /home/codex/.elan/bin/lake build
✔ [2/5] Built LadonFixture.Core (121ms)
✔ [3/5] Built LadonFixture.Helper (122ms)
⚠ [4/5] Built LadonFixture (118ms)
warning: LadonFixture.lean:12:23: Variable name `y` is not explicitly referenced.

The binding can be removed (if unused) or named `_` (if used implicitly).

Note: This linter can be disabled with `set_option linter.unusedVariables false`
Build completed successfully (5 jobs).
+ /home/codex/miniconda3/bin/uv run --locked --no-sync python scripts/python_quality.py --strict

== strict radon/vulture checks ==
radon/vulture: clean

== scoped ruff ==
+ /tmp/ladon-clean-gate-5_kyhnnq/environment/bin/python3 -m ruff check src tests scripts
All checks passed!

== compileall ==

== pytest ==
+ /tmp/ladon-clean-gate-5_kyhnnq/environment/bin/python3 -m pytest -q tests
........................................................................ [  2%]
..........................................F............................. [  5%]
........................................................................ [  7%]
........................................................................ [ 10%]
........................................................................ [ 12%]
........................................................................ [ 15%]
.......................FF............................................... [ 17%]
........................................................................ [ 20%]
........................................................................ [ 22%]
........................................................................ [ 25%]
........................................................................ [ 27%]
........................................................................ [ 30%]
........................................................................ [ 32%]
........................................................................ [ 35%]
........................................................................ [ 37%]
........................................................................ [ 40%]
........................................................................ [ 42%]
........................................................................ [ 45%]
........................................................................ [ 47%]
........................................................................ [ 50%]
........................................................................ [ 52%]
........................................................................ [ 55%]
........................................................................ [ 57%]
........................................................................ [ 60%]
........................................................................ [ 62%]
........................................................................ [ 65%]
........................................................................ [ 67%]
........................................................................ [ 70%]
........................................................................ [ 72%]
........................................................................ [ 75%]
............................................................FFFFFFFFF.F. [ 77%]
...FFF.................................................................. [ 80%]
........................................................................ [ 82%]
........................................................................ [ 85%]
........................................................................ [ 88%]
........................................................................ [ 90%]
........................................................................ [ 93%]
........................................................................ [ 95%]
...........EEEEFEEEEEEEE.EEEEEEE.EEEEEEE.FFFFF.........E................ [ 98%]
............................FFFFFFFFFF...........FFF.F.                  [100%]
==================================== ERRORS ====================================
_____ ERROR at setup of test_materialization_preserves_prefix_and_imports ______

tmp_path = PosixPath('/tmp/pytest-of-codex/pytest-753/test_materialization_preserves0')

    @pytest.fixture
    def planned_repository(tmp_path: Path) -> tuple[Path, TheoremPlan]:
        root = tmp_path / "repository"
        shutil.copytree(FIXTURE, root)
        build = subprocess.run(
            ["lake", "build"],
            cwd=root,
            text=True,
            capture_output=True,
            check=False,
            timeout=120,
        )
        if build.returncode != 0:
            pytest.fail(build.stderr or build.stdout)
>       return root, plan_theorem_capsule(root, "CapsuleFixture.chosen")
                     ^^^^^^^^^^^^^^^^^^^^^^^^^^^^^^^^^^^^^^^^^^^^^^^^^^^

tests/test_theorem_capsule_materialization.py:38: 
_ _ _ _ _ _ _ _ _ _ _ _ _ _ _ _ _ _ _ _ _ _ _ _ _ _ _ _ _ _ _ _ _ _ _ _ _ _ _ _ 
/tmp/ladon-clean-gate-5_kyhnnq/environment/lib/python3.11/site-packages/ladon/theorem_capsule_planning.py:86: in plan_theorem_capsule
    helper = _run_exact_helper(
_ _ _ _ _ _ _ _ _ _ _ _ _ _ _ _ _ _ _ _ _ _ _ _ _ _ _ _ _ _ _ _ _ _ _ _ _ _ _ _ 

repo_root = PosixPath('/tmp/pytest-of-codex/pytest-753/test_materialization_preserves0/repository')
entry = CapsuleSource(module='CapsuleFixture', path='CapsuleFixture.lean', content=b'import CapsuleFixture.Base\nimport Capsul...:= by\n  trivial\n\nend LocalContext\n\nend CapsuleFixture\n', imports=('CapsuleFixture.Base', 'CapsuleFixture.Large'))
theorem_name = 'CapsuleFixture.chosen'
layout = CapsuleLayout(root=PosixPath('/tmp/pytest-of-codex/pytest-753/test_materialization_preserves0/repository'), source_map...': 'CapsuleFixture/Large.lean'}, fingerprint='sha256:05a9715980f86be61dcaa12764c192a1249f24c557357c093da96a9c1e5f3dcc')

    def _run_exact_helper(
        repo_root: Path,
        entry: CapsuleSource,
        theorem_name: str,
        layout: CapsuleLayout,
        *,
        helper_path: Path,
        timeout_seconds: float,
        max_rss_bytes: int | None,
        cancel_event: threading.Event | None,
    ) -> dict[str, Any]:
        try:
            execution = prepare_direct_lean_execution(
                repo_root,
                entry.module,
                None,
                require_compiled_module=True,
            )
        except ValueError as exc:
            raise CapsuleOperationalError(str(exc)) from exc
        with tempfile.TemporaryDirectory(prefix="ladon-theorem-plan-") as temporary:
            module_file = Path(temporary) / "repository-modules.txt"
            module_file.write_text(
                "\n".join(layout.modules) + "\n",
                encoding="utf-8",
            )
            process = run_bounded_target_process(
                [
                    *execution.command,
                    "--run",
                    str(helper_path),
                    entry.module,
                    entry.path,
                    theorem_name,
                    str(module_file),
                ],
                cwd=repo_root,
                env=execution.environment,
                timeout_seconds=timeout_seconds,
                max_output_bytes=HELPER_OUTPUT_LIMIT_BYTES,
                max_rss_bytes=max_rss_bytes,
                cancel_event=cancel_event,
            )
        if process.output_limited:
            raise CapsuleOperationalError(
                "Lean theorem dependency stream exceeded the finite output limit"
            )
        if process.memory_limited:
            raise CapsuleOperationalError(
                "Lean theorem helper exceeded the finite process-tree RSS limit"
            )
        if not process.succeeded:
            outcome = "timed out" if process.timed_out else "failed"
            detail = (process.stderr or process.stdout).strip()[:2000]
>           raise CapsuleOperationalError(
                f"Lean theorem helper {outcome} for {entry.path}: {detail}"
            )
E           ladon.theorem_capsule_models.CapsuleOperationalError: Lean theorem helper failed for CapsuleFixture.lean: info: Version 4.2.4 of elan is available! Use `elan self update` to update.
E           info: downloading https://releases.lean-lang.org/lean4/v4.32.1/lean-4.32.1-linux.tar.zst
E           
E           thread 'main' panicked at library/std/src/io/stdio.rs:1165:9:
E           failed printing to stdout: Quota exceeded (os error 122)
E           note: run with `RUST_BACKTRACE=1` environment variable to display a backtrace

/tmp/ladon-clean-gate-5_kyhnnq/environment/lib/python3.11/site-packages/ladon/theorem_capsule_planning.py:197: CapsuleOperationalError
___________ ERROR at setup of test_materialization_is_deterministic ____________

tmp_path = PosixPath('/tmp/pytest-of-codex/pytest-753/test_materialization_is_determ0')

    @pytest.fixture
    def planned_repository(tmp_path: Path) -> tuple[Path, TheoremPlan]:
        root = tmp_path / "repository"
        shutil.copytree(FIXTURE, root)
        build = subprocess.run(
            ["lake", "build"],
            cwd=root,
            text=True,
            capture_output=True,
            check=False,
            timeout=120,
        )
        if build.returncode != 0:
            pytest.fail(build.stderr or build.stdout)
>       return root, plan_theorem_capsule(root, "CapsuleFixture.chosen")
                     ^^^^^^^^^^^^^^^^^^^^^^^^^^^^^^^^^^^^^^^^^^^^^^^^^^^

tests/test_theorem_capsule_materialization.py:38: 
_ _ _ _ _ _ _ _ _ _ _ _ _ _ _ _ _ _ _ _ _ _ _ _ _ _ _ _ _ _ _ _ _ _ _ _ _ _ _ _ 
/tmp/ladon-clean-gate-5_kyhnnq/environment/lib/python3.11/site-packages/ladon/theorem_capsule_planning.py:86: in plan_theorem_capsule
    helper = _run_exact_helper(
_ _ _ _ _ _ _ _ _ _ _ _ _ _ _ _ _ _ _ _ _ _ _ _ _ _ _ _ _ _ _ _ _ _ _ _ _ _ _ _ 

repo_root = PosixPath('/tmp/pytest-of-codex/pytest-753/test_materialization_is_determ0/repository')
entry = CapsuleSource(module='CapsuleFixture', path='CapsuleFixture.lean', content=b'import CapsuleFixture.Base\nimport Capsul...:= by\n  trivial\n\nend LocalContext\n\nend CapsuleFixture\n', imports=('CapsuleFixture.Base', 'CapsuleFixture.Large'))
theorem_name = 'CapsuleFixture.chosen'
layout = CapsuleLayout(root=PosixPath('/tmp/pytest-of-codex/pytest-753/test_materialization_is_determ0/repository'), source_map...': 'CapsuleFixture/Large.lean'}, fingerprint='sha256:05a9715980f86be61dcaa12764c192a1249f24c557357c093da96a9c1e5f3dcc')

    def _run_exact_helper(
        repo_root: Path,
        entry: CapsuleSource,
        theorem_name: str,
        layout: CapsuleLayout,
        *,
        helper_path: Path,
        timeout_seconds: float,
        max_rss_bytes: int | None,
        cancel_event: threading.Event | None,
    ) -> dict[str, Any]:
        try:
            execution = prepare_direct_lean_execution(
                repo_root,
                entry.module,
                None,
                require_compiled_module=True,
            )
        except ValueError as exc:
            raise CapsuleOperationalError(str(exc)) from exc
        with tempfile.TemporaryDirectory(prefix="ladon-theorem-plan-") as temporary:
            module_file = Path(temporary) / "repository-modules.txt"
            module_file.write_text(
                "\n".join(layout.modules) + "\n",
                encoding="utf-8",
            )
            process = run_bounded_target_process(
                [
                    *execution.command,
                    "--run",
                    str(helper_path),
                    entry.module,
                    entry.path,
                    theorem_name,
                    str(module_file),
                ],
                cwd=repo_root,
                env=execution.environment,
                timeout_seconds=timeout_seconds,
                max_output_bytes=HELPER_OUTPUT_LIMIT_BYTES,
                max_rss_bytes=max_rss_bytes,
                cancel_event=cancel_event,
            )
        if process.output_limited:
            raise CapsuleOperationalError(
                "Lean theorem dependency stream exceeded the finite output limit"
            )
        if process.memory_limited:
            raise CapsuleOperationalError(
                "Lean theorem helper exceeded the finite process-tree RSS limit"
            )
        if not process.succeeded:
            outcome = "timed out" if process.timed_out else "failed"
            detail = (process.stderr or process.stdout).strip()[:2000]
>           raise CapsuleOperationalError(
                f"Lean theorem helper {outcome} for {entry.path}: {detail}"
            )
E           ladon.theorem_capsule_models.CapsuleOperationalError: Lean theorem helper failed for CapsuleFixture.lean: info: Version 4.2.4 of elan is available! Use `elan self update` to update.
E           info: downloading https://releases.lean-lang.org/lean4/v4.32.1/lean-4.32.1-linux.tar.zst
E           
E           thread 'main' panicked at library/std/src/io/stdio.rs:1165:9:
E           failed printing to stdout: Quota exceeded (os error 122)
E           note: run with `RUST_BACKTRACE=1` environment variable to display a backtrace

/tmp/ladon-clean-gate-5_kyhnnq/environment/lib/python3.11/site-packages/ladon/theorem_capsule_planning.py:197: CapsuleOperationalError
________________ ERROR at setup of test_reproducible_tar_output ________________

tmp_path = PosixPath('/tmp/pytest-of-codex/pytest-753/test_reproducible_tar_output0')

    @pytest.fixture
    def planned_repository(tmp_path: Path) -> tuple[Path, TheoremPlan]:
        root = tmp_path / "repository"
        shutil.copytree(FIXTURE, root)
        build = subprocess.run(
            ["lake", "build"],
            cwd=root,
            text=True,
            capture_output=True,
            check=False,
            timeout=120,
        )
        if build.returncode != 0:
            pytest.fail(build.stderr or build.stdout)
>       return root, plan_theorem_capsule(root, "CapsuleFixture.chosen")
                     ^^^^^^^^^^^^^^^^^^^^^^^^^^^^^^^^^^^^^^^^^^^^^^^^^^^

tests/test_theorem_capsule_materialization.py:38: 
_ _ _ _ _ _ _ _ _ _ _ _ _ _ _ _ _ _ _ _ _ _ _ _ _ _ _ _ _ _ _ _ _ _ _ _ _ _ _ _ 
/tmp/ladon-clean-gate-5_kyhnnq/environment/lib/python3.11/site-packages/ladon/theorem_capsule_planning.py:86: in plan_theorem_capsule
    helper = _run_exact_helper(
_ _ _ _ _ _ _ _ _ _ _ _ _ _ _ _ _ _ _ _ _ _ _ _ _ _ _ _ _ _ _ _ _ _ _ _ _ _ _ _ 

repo_root = PosixPath('/tmp/pytest-of-codex/pytest-753/test_reproducible_tar_output0/repository')
entry = CapsuleSource(module='CapsuleFixture', path='CapsuleFixture.lean', content=b'import CapsuleFixture.Base\nimport Capsul...:= by\n  trivial\n\nend LocalContext\n\nend CapsuleFixture\n', imports=('CapsuleFixture.Base', 'CapsuleFixture.Large'))
theorem_name = 'CapsuleFixture.chosen'
layout = CapsuleLayout(root=PosixPath('/tmp/pytest-of-codex/pytest-753/test_reproducible_tar_output0/repository'), source_map=L...': 'CapsuleFixture/Large.lean'}, fingerprint='sha256:05a9715980f86be61dcaa12764c192a1249f24c557357c093da96a9c1e5f3dcc')

    def _run_exact_helper(
        repo_root: Path,
        entry: CapsuleSource,
        theorem_name: str,
        layout: CapsuleLayout,
        *,
        helper_path: Path,
        timeout_seconds: float,
        max_rss_bytes: int | None,
        cancel_event: threading.Event | None,
    ) -> dict[str, Any]:
        try:
            execution = prepare_direct_lean_execution(
                repo_root,
                entry.module,
                None,
                require_compiled_module=True,
            )
        except ValueError as exc:
            raise CapsuleOperationalError(str(exc)) from exc
        with tempfile.TemporaryDirectory(prefix="ladon-theorem-plan-") as temporary:
            module_file = Path(temporary) / "repository-modules.txt"
            module_file.write_text(
                "\n".join(layout.modules) + "\n",
                encoding="utf-8",
            )
            process = run_bounded_target_process(
                [
                    *execution.command,
                    "--run",
                    str(helper_path),
                    entry.module,
                    entry.path,
                    theorem_name,
                    str(module_file),
                ],
                cwd=repo_root,
                env=execution.environment,
                timeout_seconds=timeout_seconds,
                max_output_bytes=HELPER_OUTPUT_LIMIT_BYTES,
                max_rss_bytes=max_rss_bytes,
                cancel_event=cancel_event,
            )
        if process.output_limited:
            raise CapsuleOperationalError(
                "Lean theorem dependency stream exceeded the finite output limit"
            )
        if process.memory_limited:
            raise CapsuleOperationalError(
                "Lean theorem helper exceeded the finite process-tree RSS limit"
            )
        if not process.succeeded:
            outcome = "timed out" if process.timed_out else "failed"
            detail = (process.stderr or process.stdout).strip()[:2000]
>           raise CapsuleOperationalError(
                f"Lean theorem helper {outcome} for {entry.path}: {detail}"
            )
E           ladon.theorem_capsule_models.CapsuleOperationalError: Lean theorem helper failed for CapsuleFixture.lean: info: Version 4.2.4 of elan is available! Use `elan self update` to update.
E           info: downloading https://releases.lean-lang.org/lean4/v4.32.1/lean-4.32.1-linux.tar.zst
E           
E           thread 'main' panicked at library/std/src/io/stdio.rs:1165:9:
E           failed printing to stdout: Quota exceeded (os error 122)
E           note: run with `RUST_BACKTRACE=1` environment variable to display a backtrace

/tmp/ladon-clean-gate-5_kyhnnq/environment/lib/python3.11/site-packages/ladon/theorem_capsule_planning.py:197: CapsuleOperationalError
________________ ERROR at setup of test_reproducible_zip_output ________________

tmp_path = PosixPath('/tmp/pytest-of-codex/pytest-753/test_reproducible_zip_output0')

    @pytest.fixture
    def planned_repository(tmp_path: Path) -> tuple[Path, TheoremPlan]:
        root = tmp_path / "repository"
        shutil.copytree(FIXTURE, root)
        build = subprocess.run(
            ["lake", "build"],
            cwd=root,
            text=True,
            capture_output=True,
            check=False,
            timeout=120,
        )
        if build.returncode != 0:
            pytest.fail(build.stderr or build.stdout)
>       return root, plan_theorem_capsule(root, "CapsuleFixture.chosen")
                     ^^^^^^^^^^^^^^^^^^^^^^^^^^^^^^^^^^^^^^^^^^^^^^^^^^^

tests/test_theorem_capsule_materialization.py:38: 
_ _ _ _ _ _ _ _ _ _ _ _ _ _ _ _ _ _ _ _ _ _ _ _ _ _ _ _ _ _ _ _ _ _ _ _ _ _ _ _ 
/tmp/ladon-clean-gate-5_kyhnnq/environment/lib/python3.11/site-packages/ladon/theorem_capsule_planning.py:86: in plan_theorem_capsule
    helper = _run_exact_helper(
_ _ _ _ _ _ _ _ _ _ _ _ _ _ _ _ _ _ _ _ _ _ _ _ _ _ _ _ _ _ _ _ _ _ _ _ _ _ _ _ 

repo_root = PosixPath('/tmp/pytest-of-codex/pytest-753/test_reproducible_zip_output0/repository')
entry = CapsuleSource(module='CapsuleFixture', path='CapsuleFixture.lean', content=b'import CapsuleFixture.Base\nimport Capsul...:= by\n  trivial\n\nend LocalContext\n\nend CapsuleFixture\n', imports=('CapsuleFixture.Base', 'CapsuleFixture.Large'))
theorem_name = 'CapsuleFixture.chosen'
layout = CapsuleLayout(root=PosixPath('/tmp/pytest-of-codex/pytest-753/test_reproducible_zip_output0/repository'), source_map=L...': 'CapsuleFixture/Large.lean'}, fingerprint='sha256:05a9715980f86be61dcaa12764c192a1249f24c557357c093da96a9c1e5f3dcc')

    def _run_exact_helper(
        repo_root: Path,
        entry: CapsuleSource,
        theorem_name: str,
        layout: CapsuleLayout,
        *,
        helper_path: Path,
        timeout_seconds: float,
        max_rss_bytes: int | None,
        cancel_event: threading.Event | None,
    ) -> dict[str, Any]:
        try:
            execution = prepare_direct_lean_execution(
                repo_root,
                entry.module,
                None,
                require_compiled_module=True,
            )
        except ValueError as exc:
            raise CapsuleOperationalError(str(exc)) from exc
        with tempfile.TemporaryDirectory(prefix="ladon-theorem-plan-") as temporary:
            module_file = Path(temporary) / "repository-modules.txt"
            module_file.write_text(
                "\n".join(layout.modules) + "\n",
                encoding="utf-8",
            )
            process = run_bounded_target_process(
                [
                    *execution.command,
                    "--run",
                    str(helper_path),
                    entry.module,
                    entry.path,
                    theorem_name,
                    str(module_file),
                ],
                cwd=repo_root,
                env=execution.environment,
                timeout_seconds=timeout_seconds,
                max_output_bytes=HELPER_OUTPUT_LIMIT_BYTES,
                max_rss_bytes=max_rss_bytes,
                cancel_event=cancel_event,
            )
        if process.output_limited:
            raise CapsuleOperationalError(
                "Lean theorem dependency stream exceeded the finite output limit"
            )
        if process.memory_limited:
            raise CapsuleOperationalError(
                "Lean theorem helper exceeded the finite process-tree RSS limit"
            )
        if not process.succeeded:
            outcome = "timed out" if process.timed_out else "failed"
            detail = (process.stderr or process.stdout).strip()[:2000]
>           raise CapsuleOperationalError(
                f"Lean theorem helper {outcome} for {entry.path}: {detail}"
            )
E           ladon.theorem_capsule_models.CapsuleOperationalError: Lean theorem helper failed for CapsuleFixture.lean: info: Version 4.2.4 of elan is available! Use `elan self update` to update.
E           info: downloading https://releases.lean-lang.org/lean4/v4.32.1/lean-4.32.1-linux.tar.zst
E           
E           thread 'main' panicked at library/std/src/io/stdio.rs:1165:9:
E           failed printing to stdout: Quota exceeded (os error 122)
E           note: run with `RUST_BACKTRACE=1` environment variable to display a backtrace

/tmp/ladon-clean-gate-5_kyhnnq/environment/lib/python3.11/site-packages/ladon/theorem_capsule_planning.py:197: CapsuleOperationalError
__________ ERROR at setup of test_materialization_rejects_stale_plan ___________

tmp_path = PosixPath('/tmp/pytest-of-codex/pytest-753/test_materialization_rejects_s0')

    @pytest.fixture
    def planned_repository(tmp_path: Path) -> tuple[Path, TheoremPlan]:
        root = tmp_path / "repository"
        shutil.copytree(FIXTURE, root)
        build = subprocess.run(
            ["lake", "build"],
            cwd=root,
            text=True,
            capture_output=True,
            check=False,
            timeout=120,
        )
        if build.returncode != 0:
            pytest.fail(build.stderr or build.stdout)
>       return root, plan_theorem_capsule(root, "CapsuleFixture.chosen")
                     ^^^^^^^^^^^^^^^^^^^^^^^^^^^^^^^^^^^^^^^^^^^^^^^^^^^

tests/test_theorem_capsule_materialization.py:38: 
_ _ _ _ _ _ _ _ _ _ _ _ _ _ _ _ _ _ _ _ _ _ _ _ _ _ _ _ _ _ _ _ _ _ _ _ _ _ _ _ 
/tmp/ladon-clean-gate-5_kyhnnq/environment/lib/python3.11/site-packages/ladon/theorem_capsule_planning.py:86: in plan_theorem_capsule
    helper = _run_exact_helper(
_ _ _ _ _ _ _ _ _ _ _ _ _ _ _ _ _ _ _ _ _ _ _ _ _ _ _ _ _ _ _ _ _ _ _ _ _ _ _ _ 

repo_root = PosixPath('/tmp/pytest-of-codex/pytest-753/test_materialization_rejects_s0/repository')
entry = CapsuleSource(module='CapsuleFixture', path='CapsuleFixture.lean', content=b'import CapsuleFixture.Base\nimport Capsul...:= by\n  trivial\n\nend LocalContext\n\nend CapsuleFixture\n', imports=('CapsuleFixture.Base', 'CapsuleFixture.Large'))
theorem_name = 'CapsuleFixture.chosen'
layout = CapsuleLayout(root=PosixPath('/tmp/pytest-of-codex/pytest-753/test_materialization_rejects_s0/repository'), source_map...': 'CapsuleFixture/Large.lean'}, fingerprint='sha256:05a9715980f86be61dcaa12764c192a1249f24c557357c093da96a9c1e5f3dcc')

    def _run_exact_helper(
        repo_root: Path,
        entry: CapsuleSource,
        theorem_name: str,
        layout: CapsuleLayout,
        *,
        helper_path: Path,
        timeout_seconds: float,
        max_rss_bytes: int | None,
        cancel_event: threading.Event | None,
    ) -> dict[str, Any]:
        try:
            execution = prepare_direct_lean_execution(
                repo_root,
                entry.module,
                None,
                require_compiled_module=True,
            )
        except ValueError as exc:
            raise CapsuleOperationalError(str(exc)) from exc
        with tempfile.TemporaryDirectory(prefix="ladon-theorem-plan-") as temporary:
            module_file = Path(temporary) / "repository-modules.txt"
            module_file.write_text(
                "\n".join(layout.modules) + "\n",
                encoding="utf-8",
            )
            process = run_bounded_target_process(
                [
                    *execution.command,
                    "--run",
                    str(helper_path),
                    entry.module,
                    entry.path,
                    theorem_name,
                    str(module_file),
                ],
                cwd=repo_root,
                env=execution.environment,
                timeout_seconds=timeout_seconds,
                max_output_bytes=HELPER_OUTPUT_LIMIT_BYTES,
                max_rss_bytes=max_rss_bytes,
                cancel_event=cancel_event,
            )
        if process.output_limited:
            raise CapsuleOperationalError(
                "Lean theorem dependency stream exceeded the finite output limit"
            )
        if process.memory_limited:
            raise CapsuleOperationalError(
                "Lean theorem helper exceeded the finite process-tree RSS limit"
            )
        if not process.succeeded:
            outcome = "timed out" if process.timed_out else "failed"
            detail = (process.stderr or process.stdout).strip()[:2000]
>           raise CapsuleOperationalError(
                f"Lean theorem helper {outcome} for {entry.path}: {detail}"
            )
E           ladon.theorem_capsule_models.CapsuleOperationalError: Lean theorem helper failed for CapsuleFixture.lean: info: Version 4.2.4 of elan is available! Use `elan self update` to update.
E           info: downloading https://releases.lean-lang.org/lean4/v4.32.1/lean-4.32.1-linux.tar.zst
E           
E           thread 'main' panicked at library/std/src/io/stdio.rs:1165:9:
E           failed printing to stdout: Quota exceeded (os error 122)
E           note: run with `RUST_BACKTRACE=1` environment variable to display a backtrace

/tmp/ladon-clean-gate-5_kyhnnq/environment/lib/python3.11/site-packages/ladon/theorem_capsule_planning.py:197: CapsuleOperationalError
___ ERROR at setup of test_materialization_rejects_output_inside_repository ____

tmp_path = PosixPath('/tmp/pytest-of-codex/pytest-753/test_materialization_rejects_o0')

    @pytest.fixture
    def planned_repository(tmp_path: Path) -> tuple[Path, TheoremPlan]:
        root = tmp_path / "repository"
        shutil.copytree(FIXTURE, root)
        build = subprocess.run(
            ["lake", "build"],
            cwd=root,
            text=True,
            capture_output=True,
            check=False,
            timeout=120,
        )
        if build.returncode != 0:
            pytest.fail(build.stderr or build.stdout)
>       return root, plan_theorem_capsule(root, "CapsuleFixture.chosen")
                     ^^^^^^^^^^^^^^^^^^^^^^^^^^^^^^^^^^^^^^^^^^^^^^^^^^^

tests/test_theorem_capsule_materialization.py:38: 
_ _ _ _ _ _ _ _ _ _ _ _ _ _ _ _ _ _ _ _ _ _ _ _ _ _ _ _ _ _ _ _ _ _ _ _ _ _ _ _ 
/tmp/ladon-clean-gate-5_kyhnnq/environment/lib/python3.11/site-packages/ladon/theorem_capsule_planning.py:86: in plan_theorem_capsule
    helper = _run_exact_helper(
_ _ _ _ _ _ _ _ _ _ _ _ _ _ _ _ _ _ _ _ _ _ _ _ _ _ _ _ _ _ _ _ _ _ _ _ _ _ _ _ 

repo_root = PosixPath('/tmp/pytest-of-codex/pytest-753/test_materialization_rejects_o0/repository')
entry = CapsuleSource(module='CapsuleFixture', path='CapsuleFixture.lean', content=b'import CapsuleFixture.Base\nimport Capsul...:= by\n  trivial\n\nend LocalContext\n\nend CapsuleFixture\n', imports=('CapsuleFixture.Base', 'CapsuleFixture.Large'))
theorem_name = 'CapsuleFixture.chosen'
layout = CapsuleLayout(root=PosixPath('/tmp/pytest-of-codex/pytest-753/test_materialization_rejects_o0/repository'), source_map...': 'CapsuleFixture/Large.lean'}, fingerprint='sha256:05a9715980f86be61dcaa12764c192a1249f24c557357c093da96a9c1e5f3dcc')

    def _run_exact_helper(
        repo_root: Path,
        entry: CapsuleSource,
        theorem_name: str,
        layout: CapsuleLayout,
        *,
        helper_path: Path,
        timeout_seconds: float,
        max_rss_bytes: int | None,
        cancel_event: threading.Event | None,
    ) -> dict[str, Any]:
        try:
            execution = prepare_direct_lean_execution(
                repo_root,
                entry.module,
                None,
                require_compiled_module=True,
            )
        except ValueError as exc:
            raise CapsuleOperationalError(str(exc)) from exc
        with tempfile.TemporaryDirectory(prefix="ladon-theorem-plan-") as temporary:
            module_file = Path(temporary) / "repository-modules.txt"
            module_file.write_text(
                "\n".join(layout.modules) + "\n",
                encoding="utf-8",
            )
            process = run_bounded_target_process(
                [
                    *execution.command,
                    "--run",
                    str(helper_path),
                    entry.module,
                    entry.path,
                    theorem_name,
                    str(module_file),
                ],
                cwd=repo_root,
                env=execution.environment,
                timeout_seconds=timeout_seconds,
                max_output_bytes=HELPER_OUTPUT_LIMIT_BYTES,
                max_rss_bytes=max_rss_bytes,
                cancel_event=cancel_event,
            )
        if process.output_limited:
            raise CapsuleOperationalError(
                "Lean theorem dependency stream exceeded the finite output limit"
            )
        if process.memory_limited:
            raise CapsuleOperationalError(
                "Lean theorem helper exceeded the finite process-tree RSS limit"
            )
        if not process.succeeded:
            outcome = "timed out" if process.timed_out else "failed"
            detail = (process.stderr or process.stdout).strip()[:2000]
>           raise CapsuleOperationalError(
                f"Lean theorem helper {outcome} for {entry.path}: {detail}"
            )
E           ladon.theorem_capsule_models.CapsuleOperationalError: Lean theorem helper failed for CapsuleFixture.lean: info: Version 4.2.4 of elan is available! Use `elan self update` to update.
E           info: downloading https://releases.lean-lang.org/lean4/v4.32.1/lean-4.32.1-linux.tar.zst
E           
E           thread 'main' panicked at library/std/src/io/stdio.rs:1165:9:
E           failed printing to stdout: Quota exceeded (os error 122)
E           note: run with `RUST_BACKTRACE=1` environment variable to display a backtrace

/tmp/ladon-clean-gate-5_kyhnnq/environment/lib/python3.11/site-packages/ladon/theorem_capsule_planning.py:197: CapsuleOperationalError
_______ ERROR at setup of test_materialization_rejects_unsafe_plan_path ________

tmp_path = PosixPath('/tmp/pytest-of-codex/pytest-753/test_materialization_rejects_u0')

    @pytest.fixture
    def planned_repository(tmp_path: Path) -> tuple[Path, TheoremPlan]:
        root = tmp_path / "repository"
        shutil.copytree(FIXTURE, root)
        build = subprocess.run(
            ["lake", "build"],
            cwd=root,
            text=True,
            capture_output=True,
            check=False,
            timeout=120,
        )
        if build.returncode != 0:
            pytest.fail(build.stderr or build.stdout)
>       return root, plan_theorem_capsule(root, "CapsuleFixture.chosen")
                     ^^^^^^^^^^^^^^^^^^^^^^^^^^^^^^^^^^^^^^^^^^^^^^^^^^^

tests/test_theorem_capsule_materialization.py:38: 
_ _ _ _ _ _ _ _ _ _ _ _ _ _ _ _ _ _ _ _ _ _ _ _ _ _ _ _ _ _ _ _ _ _ _ _ _ _ _ _ 
/tmp/ladon-clean-gate-5_kyhnnq/environment/lib/python3.11/site-packages/ladon/theorem_capsule_planning.py:86: in plan_theorem_capsule
    helper = _run_exact_helper(
_ _ _ _ _ _ _ _ _ _ _ _ _ _ _ _ _ _ _ _ _ _ _ _ _ _ _ _ _ _ _ _ _ _ _ _ _ _ _ _ 

repo_root = PosixPath('/tmp/pytest-of-codex/pytest-753/test_materialization_rejects_u0/repository')
entry = CapsuleSource(module='CapsuleFixture', path='CapsuleFixture.lean', content=b'import CapsuleFixture.Base\nimport Capsul...:= by\n  trivial\n\nend LocalContext\n\nend CapsuleFixture\n', imports=('CapsuleFixture.Base', 'CapsuleFixture.Large'))
theorem_name = 'CapsuleFixture.chosen'
layout = CapsuleLayout(root=PosixPath('/tmp/pytest-of-codex/pytest-753/test_materialization_rejects_u0/repository'), source_map...': 'CapsuleFixture/Large.lean'}, fingerprint='sha256:05a9715980f86be61dcaa12764c192a1249f24c557357c093da96a9c1e5f3dcc')

    def _run_exact_helper(
        repo_root: Path,
        entry: CapsuleSource,
        theorem_name: str,
        layout: CapsuleLayout,
        *,
        helper_path: Path,
        timeout_seconds: float,
        max_rss_bytes: int | None,
        cancel_event: threading.Event | None,
    ) -> dict[str, Any]:
        try:
            execution = prepare_direct_lean_execution(
                repo_root,
                entry.module,
                None,
                require_compiled_module=True,
            )
        except ValueError as exc:
            raise CapsuleOperationalError(str(exc)) from exc
        with tempfile.TemporaryDirectory(prefix="ladon-theorem-plan-") as temporary:
            module_file = Path(temporary) / "repository-modules.txt"
            module_file.write_text(
                "\n".join(layout.modules) + "\n",
                encoding="utf-8",
            )
            process = run_bounded_target_process(
                [
                    *execution.command,
                    "--run",
                    str(helper_path),
                    entry.module,
                    entry.path,
                    theorem_name,
                    str(module_file),
                ],
                cwd=repo_root,
                env=execution.environment,
                timeout_seconds=timeout_seconds,
                max_output_bytes=HELPER_OUTPUT_LIMIT_BYTES,
                max_rss_bytes=max_rss_bytes,
                cancel_event=cancel_event,
            )
        if process.output_limited:
            raise CapsuleOperationalError(
                "Lean theorem dependency stream exceeded the finite output limit"
            )
        if process.memory_limited:
            raise CapsuleOperationalError(
                "Lean theorem helper exceeded the finite process-tree RSS limit"
            )
        if not process.succeeded:
            outcome = "timed out" if process.timed_out else "failed"
            detail = (process.stderr or process.stdout).strip()[:2000]
>           raise CapsuleOperationalError(
                f"Lean theorem helper {outcome} for {entry.path}: {detail}"
            )
E           ladon.theorem_capsule_models.CapsuleOperationalError: Lean theorem helper failed for CapsuleFixture.lean: info: Version 4.2.4 of elan is available! Use `elan self update` to update.
E           info: downloading https://releases.lean-lang.org/lean4/v4.32.1/lean-4.32.1-linux.tar.zst
E           
E           thread 'main' panicked at library/std/src/io/stdio.rs:1165:9:
E           failed printing to stdout: Quota exceeded (os error 122)
E           note: run with `RUST_BACKTRACE=1` environment variable to display a backtrace

/tmp/ladon-clean-gate-5_kyhnnq/environment/lib/python3.11/site-packages/ladon/theorem_capsule_planning.py:197: CapsuleOperationalError
____ ERROR at setup of test_materialization_rejects_symlinked_planned_input ____

tmp_path = PosixPath('/tmp/pytest-of-codex/pytest-753/test_materialization_rejects_s1')

    @pytest.fixture
    def planned_repository(tmp_path: Path) -> tuple[Path, TheoremPlan]:
        root = tmp_path / "repository"
        shutil.copytree(FIXTURE, root)
        build = subprocess.run(
            ["lake", "build"],
            cwd=root,
            text=True,
            capture_output=True,
            check=False,
            timeout=120,
        )
        if build.returncode != 0:
>           pytest.fail(build.stderr or build.stdout)
E           Failed: info: capsule_fixture: no previous manifest, creating one from scratch
E           info: toolchain not updated; already up-to-date
E           error: build failed

tests/test_theorem_capsule_materialization.py:37: Failed
____ ERROR at setup of test_materialization_rejects_casefold_path_collision ____

tmp_path = PosixPath('/tmp/pytest-of-codex/pytest-753/test_materialization_rejects_c0')

    @pytest.fixture
    def planned_repository(tmp_path: Path) -> tuple[Path, TheoremPlan]:
        root = tmp_path / "repository"
>       shutil.copytree(FIXTURE, root)

tests/test_theorem_capsule_materialization.py:27: 
_ _ _ _ _ _ _ _ _ _ _ _ _ _ _ _ _ _ _ _ _ _ _ _ _ _ _ _ _ _ _ _ _ _ _ _ _ _ _ _ 
/home/codex/miniconda3/lib/python3.11/shutil.py:573: in copytree
    return _copytree(entries=entries, src=src, dst=dst, symlinks=symlinks,
_ _ _ _ _ _ _ _ _ _ _ _ _ _ _ _ _ _ _ _ _ _ _ _ _ _ _ _ _ _ _ _ _ _ _ _ _ _ _ _ 

entries = [<DirEntry 'lean-toolchain'>, <DirEntry 'lakefile.toml'>, <DirEntry 'CapsuleFixture'>, <DirEntry 'CapsuleFixture.lean'>]
src = PosixPath('/tmp/ladon-candidate-07__zup1/source/tests/fixtures/theorem_capsule')
dst = PosixPath('/tmp/pytest-of-codex/pytest-753/test_materialization_rejects_c0/repository')
symlinks = False, ignore = None
copy_function = <function copy2 at 0x77c2b3b2ec00>
ignore_dangling_symlinks = False, dirs_exist_ok = False

    def _copytree(entries, src, dst, symlinks, ignore, copy_function,
                  ignore_dangling_symlinks, dirs_exist_ok=False):
        if ignore is not None:
            ignored_names = ignore(os.fspath(src), [x.name for x in entries])
        else:
            ignored_names = ()
    
        os.makedirs(dst, exist_ok=dirs_exist_ok)
        errors = []
        use_srcentry = copy_function is copy2 or copy_function is copy
    
        for srcentry in entries:
            if srcentry.name in ignored_names:
                continue
            srcname = os.path.join(src, srcentry.name)
            dstname = os.path.join(dst, srcentry.name)
            srcobj = srcentry if use_srcentry else srcname
            try:
                is_symlink = srcentry.is_symlink()
                if is_symlink and os.name == 'nt':
                    # Special check for directory junctions, which appear as
                    # symlinks but we want to recurse.
                    lstat = srcentry.stat(follow_symlinks=False)
                    if lstat.st_reparse_tag == stat.IO_REPARSE_TAG_MOUNT_POINT:
                        is_symlink = False
                if is_symlink:
                    linkto = os.readlink(srcname)
                    if symlinks:
                        # We can't just leave it to `copy_function` because legacy
                        # code with a custom `copy_function` may rely on copytree
                        # doing the right thing.
                        os.symlink(linkto, dstname)
                        copystat(srcobj, dstname, follow_symlinks=not symlinks)
                    else:
                        # ignore dangling symlink if the flag is on
                        if not os.path.exists(linkto) and ignore_dangling_symlinks:
                            continue
                        # otherwise let the copy occur. copy2 will raise an error
                        if srcentry.is_dir():
                            copytree(srcobj, dstname, symlinks, ignore,
                                     copy_function, ignore_dangling_symlinks,
                                     dirs_exist_ok)
                        else:
                            copy_function(srcobj, dstname)
                elif srcentry.is_dir():
                    copytree(srcobj, dstname, symlinks, ignore, copy_function,
                             ignore_dangling_symlinks, dirs_exist_ok)
                else:
                    # Will raise a SpecialFileError for unsupported file types
                    copy_function(srcobj, dstname)
            # catch the Error from the recursive copytree so that we can
            # continue with other files
            except Error as err:
                errors.extend(err.args[0])
            except OSError as why:
                errors.append((srcname, dstname, str(why)))
        try:
            copystat(src, dst)
        except OSError as why:
            # Copying file access times may fail on Windows
            if getattr(why, 'winerror', None) is None:
                errors.append((src, dst, str(why)))
        if errors:
>           raise Error(errors)
E           shutil.Error: [('/tmp/ladon-candidate-07__zup1/source/tests/fixtures/theorem_capsule/lean-toolchain', '/tmp/pytest-of-codex/pytest-753/test_materialization_rejects_c0/repository/lean-toolchain', '[Errno 122] Disk quota exceeded'), ('/tmp/ladon-candidate-07__zup1/source/tests/fixtures/theorem_capsule/lakefile.toml', '/tmp/pytest-of-codex/pytest-753/test_materialization_rejects_c0/repository/lakefile.toml', '[Errno 122] Disk quota exceeded'), ('/tmp/ladon-candidate-07__zup1/source/tests/fixtures/theorem_capsule/CapsuleFixture/Large.lean', '/tmp/pytest-of-codex/pytest-753/test_materialization_rejects_c0/repository/CapsuleFixture/Large.lean', '[Errno 122] Disk quota exceeded'), ('/tmp/ladon-candidate-07__zup1/source/tests/fixtures/theorem_capsule/CapsuleFixture/Base.lean', '/tmp/pytest-of-codex/pytest-753/test_materialization_rejects_c0/repository/CapsuleFixture/Base.lean', '[Errno 122] Disk quota exceeded'), ('/tmp/ladon-candidate-07__zup1/source/tests/fixtures/theorem_capsule/CapsuleFixture.lean', '/tmp/pytest-of-codex/pytest-753/test_materialization_rejects_c0/repository/CapsuleFixture.lean', '[Errno 122] Disk quota exceeded')]

/home/codex/miniconda3/lib/python3.11/shutil.py:527: Error
_____ ERROR at setup of test_materialization_refuses_existing_destination ______

tmp_path = PosixPath('/tmp/pytest-of-codex/pytest-753/test_materialization_refuses_e0')

    @pytest.fixture
    def planned_repository(tmp_path: Path) -> tuple[Path, TheoremPlan]:
        root = tmp_path / "repository"
>       shutil.copytree(FIXTURE, root)

tests/test_theorem_capsule_materialization.py:27: 
_ _ _ _ _ _ _ _ _ _ _ _ _ _ _ _ _ _ _ _ _ _ _ _ _ _ _ _ _ _ _ _ _ _ _ _ _ _ _ _ 
/home/codex/miniconda3/lib/python3.11/shutil.py:573: in copytree
    return _copytree(entries=entries, src=src, dst=dst, symlinks=symlinks,
_ _ _ _ _ _ _ _ _ _ _ _ _ _ _ _ _ _ _ _ _ _ _ _ _ _ _ _ _ _ _ _ _ _ _ _ _ _ _ _ 

entries = [<DirEntry 'lean-toolchain'>, <DirEntry 'lakefile.toml'>, <DirEntry 'CapsuleFixture'>, <DirEntry 'CapsuleFixture.lean'>]
src = PosixPath('/tmp/ladon-candidate-07__zup1/source/tests/fixtures/theorem_capsule')
dst = PosixPath('/tmp/pytest-of-codex/pytest-753/test_materialization_refuses_e0/repository')
symlinks = False, ignore = None
copy_function = <function copy2 at 0x77c2b3b2ec00>
ignore_dangling_symlinks = False, dirs_exist_ok = False

    def _copytree(entries, src, dst, symlinks, ignore, copy_function,
                  ignore_dangling_symlinks, dirs_exist_ok=False):
        if ignore is not None:
            ignored_names = ignore(os.fspath(src), [x.name for x in entries])
        else:
            ignored_names = ()
    
        os.makedirs(dst, exist_ok=dirs_exist_ok)
        errors = []
        use_srcentry = copy_function is copy2 or copy_function is copy
    
        for srcentry in entries:
            if srcentry.name in ignored_names:
                continue
            srcname = os.path.join(src, srcentry.name)
            dstname = os.path.join(dst, srcentry.name)
            srcobj = srcentry if use_srcentry else srcname
            try:
                is_symlink = srcentry.is_symlink()
                if is_symlink and os.name == 'nt':
                    # Special check for directory junctions, which appear as
                    # symlinks but we want to recurse.
                    lstat = srcentry.stat(follow_symlinks=False)
                    if lstat.st_reparse_tag == stat.IO_REPARSE_TAG_MOUNT_POINT:
                        is_symlink = False
                if is_symlink:
                    linkto = os.readlink(srcname)
                    if symlinks:
                        # We can't just leave it to `copy_function` because legacy
                        # code with a custom `copy_function` may rely on copytree
                        # doing the right thing.
                        os.symlink(linkto, dstname)
                        copystat(srcobj, dstname, follow_symlinks=not symlinks)
                    else:
                        # ignore dangling symlink if the flag is on
                        if not os.path.exists(linkto) and ignore_dangling_symlinks:
                            continue
                        # otherwise let the copy occur. copy2 will raise an error
                        if srcentry.is_dir():
                            copytree(srcobj, dstname, symlinks, ignore,
                                     copy_function, ignore_dangling_symlinks,
                                     dirs_exist_ok)
                        else:
                            copy_function(srcobj, dstname)
                elif srcentry.is_dir():
                    copytree(srcobj, dstname, symlinks, ignore, copy_function,
                             ignore_dangling_symlinks, dirs_exist_ok)
                else:
                    # Will raise a SpecialFileError for unsupported file types
                    copy_function(srcobj, dstname)
            # catch the Error from the recursive copytree so that we can
            # continue with other files
            except Error as err:
                errors.extend(err.args[0])
            except OSError as why:
                errors.append((srcname, dstname, str(why)))
        try:
            copystat(src, dst)
        except OSError as why:
            # Copying file access times may fail on Windows
            if getattr(why, 'winerror', None) is None:
                errors.append((src, dst, str(why)))
        if errors:
>           raise Error(errors)
E           shutil.Error: [('/tmp/ladon-candidate-07__zup1/source/tests/fixtures/theorem_capsule/lean-toolchain', '/tmp/pytest-of-codex/pytest-753/test_materialization_refuses_e0/repository/lean-toolchain', '[Errno 122] Disk quota exceeded'), ('/tmp/ladon-candidate-07__zup1/source/tests/fixtures/theorem_capsule/lakefile.toml', '/tmp/pytest-of-codex/pytest-753/test_materialization_refuses_e0/repository/lakefile.toml', '[Errno 122] Disk quota exceeded'), ('/tmp/ladon-candidate-07__zup1/source/tests/fixtures/theorem_capsule/CapsuleFixture/Large.lean', '/tmp/pytest-of-codex/pytest-753/test_materialization_refuses_e0/repository/CapsuleFixture/Large.lean', '[Errno 122] Disk quota exceeded'), ('/tmp/ladon-candidate-07__zup1/source/tests/fixtures/theorem_capsule/CapsuleFixture/Base.lean', '/tmp/pytest-of-codex/pytest-753/test_materialization_refuses_e0/repository/CapsuleFixture/Base.lean', '[Errno 122] Disk quota exceeded'), ('/tmp/ladon-candidate-07__zup1/source/tests/fixtures/theorem_capsule/CapsuleFixture.lean', '/tmp/pytest-of-codex/pytest-753/test_materialization_refuses_e0/repository/CapsuleFixture.lean', '[Errno 122] Disk quota exceeded')]

/home/codex/miniconda3/lib/python3.11/shutil.py:527: Error
______ ERROR at setup of test_materialization_cleans_interrupted_staging _______

tmp_path = PosixPath('/tmp/pytest-of-codex/pytest-753/test_materialization_cleans_in0')

    @pytest.fixture
    def planned_repository(tmp_path: Path) -> tuple[Path, TheoremPlan]:
        root = tmp_path / "repository"
>       shutil.copytree(FIXTURE, root)

tests/test_theorem_capsule_materialization.py:27: 
_ _ _ _ _ _ _ _ _ _ _ _ _ _ _ _ _ _ _ _ _ _ _ _ _ _ _ _ _ _ _ _ _ _ _ _ _ _ _ _ 
/home/codex/miniconda3/lib/python3.11/shutil.py:573: in copytree
    return _copytree(entries=entries, src=src, dst=dst, symlinks=symlinks,
_ _ _ _ _ _ _ _ _ _ _ _ _ _ _ _ _ _ _ _ _ _ _ _ _ _ _ _ _ _ _ _ _ _ _ _ _ _ _ _ 

entries = [<DirEntry 'lean-toolchain'>, <DirEntry 'lakefile.toml'>, <DirEntry 'CapsuleFixture'>, <DirEntry 'CapsuleFixture.lean'>]
src = PosixPath('/tmp/ladon-candidate-07__zup1/source/tests/fixtures/theorem_capsule')
dst = PosixPath('/tmp/pytest-of-codex/pytest-753/test_materialization_cleans_in0/repository')
symlinks = False, ignore = None
copy_function = <function copy2 at 0x77c2b3b2ec00>
ignore_dangling_symlinks = False, dirs_exist_ok = False

    def _copytree(entries, src, dst, symlinks, ignore, copy_function,
                  ignore_dangling_symlinks, dirs_exist_ok=False):
        if ignore is not None:
            ignored_names = ignore(os.fspath(src), [x.name for x in entries])
        else:
            ignored_names = ()
    
        os.makedirs(dst, exist_ok=dirs_exist_ok)
        errors = []
        use_srcentry = copy_function is copy2 or copy_function is copy
    
        for srcentry in entries:
            if srcentry.name in ignored_names:
                continue
            srcname = os.path.join(src, srcentry.name)
            dstname = os.path.join(dst, srcentry.name)
            srcobj = srcentry if use_srcentry else srcname
            try:
                is_symlink = srcentry.is_symlink()
                if is_symlink and os.name == 'nt':
                    # Special check for directory junctions, which appear as
                    # symlinks but we want to recurse.
                    lstat = srcentry.stat(follow_symlinks=False)
                    if lstat.st_reparse_tag == stat.IO_REPARSE_TAG_MOUNT_POINT:
                        is_symlink = False
                if is_symlink:
                    linkto = os.readlink(srcname)
                    if symlinks:
                        # We can't just leave it to `copy_function` because legacy
                        # code with a custom `copy_function` may rely on copytree
                        # doing the right thing.
                        os.symlink(linkto, dstname)
                        copystat(srcobj, dstname, follow_symlinks=not symlinks)
                    else:
                        # ignore dangling symlink if the flag is on
                        if not os.path.exists(linkto) and ignore_dangling_symlinks:
                            continue
                        # otherwise let the copy occur. copy2 will raise an error
                        if srcentry.is_dir():
                            copytree(srcobj, dstname, symlinks, ignore,
                                     copy_function, ignore_dangling_symlinks,
                                     dirs_exist_ok)
                        else:
                            copy_function(srcobj, dstname)
                elif srcentry.is_dir():
                    copytree(srcobj, dstname, symlinks, ignore, copy_function,
                             ignore_dangling_symlinks, dirs_exist_ok)
                else:
                    # Will raise a SpecialFileError for unsupported file types
                    copy_function(srcobj, dstname)
            # catch the Error from the recursive copytree so that we can
            # continue with other files
            except Error as err:
                errors.extend(err.args[0])
            except OSError as why:
                errors.append((srcname, dstname, str(why)))
        try:
            copystat(src, dst)
        except OSError as why:
            # Copying file access times may fail on Windows
            if getattr(why, 'winerror', None) is None:
                errors.append((src, dst, str(why)))
        if errors:
>           raise Error(errors)
E           shutil.Error: [('/tmp/ladon-candidate-07__zup1/source/tests/fixtures/theorem_capsule/lean-toolchain', '/tmp/pytest-of-codex/pytest-753/test_materialization_cleans_in0/repository/lean-toolchain', '[Errno 122] Disk quota exceeded'), ('/tmp/ladon-candidate-07__zup1/source/tests/fixtures/theorem_capsule/lakefile.toml', '/tmp/pytest-of-codex/pytest-753/test_materialization_cleans_in0/repository/lakefile.toml', '[Errno 122] Disk quota exceeded'), ('/tmp/ladon-candidate-07__zup1/source/tests/fixtures/theorem_capsule/CapsuleFixture/Large.lean', '/tmp/pytest-of-codex/pytest-753/test_materialization_cleans_in0/repository/CapsuleFixture/Large.lean', '[Errno 122] Disk quota exceeded'), ('/tmp/ladon-candidate-07__zup1/source/tests/fixtures/theorem_capsule/CapsuleFixture/Base.lean', '/tmp/pytest-of-codex/pytest-753/test_materialization_cleans_in0/repository/CapsuleFixture/Base.lean', '[Errno 122] Disk quota exceeded'), ('/tmp/ladon-candidate-07__zup1/source/tests/fixtures/theorem_capsule/CapsuleFixture.lean', '/tmp/pytest-of-codex/pytest-753/test_materialization_cleans_in0/repository/CapsuleFixture.lean', '[Errno 122] Disk quota exceeded')]

/home/codex/miniconda3/lib/python3.11/shutil.py:527: Error
_______ ERROR at setup of test_plan_is_exact_complete_and_deterministic ________

tmp_path = PosixPath('/tmp/pytest-of-codex/pytest-753/test_plan_is_exact_complete_an0')

    @pytest.fixture
    def compiled_repository(tmp_path: Path) -> Path:
        root = tmp_path / "repository"
>       shutil.copytree(FIXTURE, root)

tests/test_theorem_capsule_planning.py:27: 
_ _ _ _ _ _ _ _ _ _ _ _ _ _ _ _ _ _ _ _ _ _ _ _ _ _ _ _ _ _ _ _ _ _ _ _ _ _ _ _ 
/home/codex/miniconda3/lib/python3.11/shutil.py:573: in copytree
    return _copytree(entries=entries, src=src, dst=dst, symlinks=symlinks,
_ _ _ _ _ _ _ _ _ _ _ _ _ _ _ _ _ _ _ _ _ _ _ _ _ _ _ _ _ _ _ _ _ _ _ _ _ _ _ _ 

entries = [<DirEntry 'lean-toolchain'>, <DirEntry 'lakefile.toml'>, <DirEntry 'CapsuleFixture'>, <DirEntry 'CapsuleFixture.lean'>]
src = PosixPath('/tmp/ladon-candidate-07__zup1/source/tests/fixtures/theorem_capsule')
dst = PosixPath('/tmp/pytest-of-codex/pytest-753/test_plan_is_exact_complete_an0/repository')
symlinks = False, ignore = None
copy_function = <function copy2 at 0x77c2b3b2ec00>
ignore_dangling_symlinks = False, dirs_exist_ok = False

    def _copytree(entries, src, dst, symlinks, ignore, copy_function,
                  ignore_dangling_symlinks, dirs_exist_ok=False):
        if ignore is not None:
            ignored_names = ignore(os.fspath(src), [x.name for x in entries])
        else:
            ignored_names = ()
    
        os.makedirs(dst, exist_ok=dirs_exist_ok)
        errors = []
        use_srcentry = copy_function is copy2 or copy_function is copy
    
        for srcentry in entries:
            if srcentry.name in ignored_names:
                continue
            srcname = os.path.join(src, srcentry.name)
            dstname = os.path.join(dst, srcentry.name)
            srcobj = srcentry if use_srcentry else srcname
            try:
                is_symlink = srcentry.is_symlink()
                if is_symlink and os.name == 'nt':
                    # Special check for directory junctions, which appear as
                    # symlinks but we want to recurse.
                    lstat = srcentry.stat(follow_symlinks=False)
                    if lstat.st_reparse_tag == stat.IO_REPARSE_TAG_MOUNT_POINT:
                        is_symlink = False
                if is_symlink:
                    linkto = os.readlink(srcname)
                    if symlinks:
                        # We can't just leave it to `copy_function` because legacy
                        # code with a custom `copy_function` may rely on copytree
                        # doing the right thing.
                        os.symlink(linkto, dstname)
                        copystat(srcobj, dstname, follow_symlinks=not symlinks)
                    else:
                        # ignore dangling symlink if the flag is on
                        if not os.path.exists(linkto) and ignore_dangling_symlinks:
                            continue
                        # otherwise let the copy occur. copy2 will raise an error
                        if srcentry.is_dir():
                            copytree(srcobj, dstname, symlinks, ignore,
                                     copy_function, ignore_dangling_symlinks,
                                     dirs_exist_ok)
                        else:
                            copy_function(srcobj, dstname)
                elif srcentry.is_dir():
                    copytree(srcobj, dstname, symlinks, ignore, copy_function,
                             ignore_dangling_symlinks, dirs_exist_ok)
                else:
                    # Will raise a SpecialFileError for unsupported file types
                    copy_function(srcobj, dstname)
            # catch the Error from the recursive copytree so that we can
            # continue with other files
            except Error as err:
                errors.extend(err.args[0])
            except OSError as why:
                errors.append((srcname, dstname, str(why)))
        try:
            copystat(src, dst)
        except OSError as why:
            # Copying file access times may fail on Windows
            if getattr(why, 'winerror', None) is None:
                errors.append((src, dst, str(why)))
        if errors:
>           raise Error(errors)
E           shutil.Error: [('/tmp/ladon-candidate-07__zup1/source/tests/fixtures/theorem_capsule/lean-toolchain', '/tmp/pytest-of-codex/pytest-753/test_plan_is_exact_complete_an0/repository/lean-toolchain', '[Errno 122] Disk quota exceeded'), ('/tmp/ladon-candidate-07__zup1/source/tests/fixtures/theorem_capsule/lakefile.toml', '/tmp/pytest-of-codex/pytest-753/test_plan_is_exact_complete_an0/repository/lakefile.toml', '[Errno 122] Disk quota exceeded'), ('/tmp/ladon-candidate-07__zup1/source/tests/fixtures/theorem_capsule/CapsuleFixture/Large.lean', '/tmp/pytest-of-codex/pytest-753/test_plan_is_exact_complete_an0/repository/CapsuleFixture/Large.lean', '[Errno 122] Disk quota exceeded'), ('/tmp/ladon-candidate-07__zup1/source/tests/fixtures/theorem_capsule/CapsuleFixture/Base.lean', '/tmp/pytest-of-codex/pytest-753/test_plan_is_exact_complete_an0/repository/CapsuleFixture/Base.lean', '[Errno 122] Disk quota exceeded'), ('/tmp/ladon-candidate-07__zup1/source/tests/fixtures/theorem_capsule/CapsuleFixture.lean', '/tmp/pytest-of-codex/pytest-753/test_plan_is_exact_complete_an0/repository/CapsuleFixture.lean', '[Errno 122] Disk quota exceeded')]

/home/codex/miniconda3/lib/python3.11/shutil.py:527: Error
_________ ERROR at setup of test_plan_prefix_ends_before_later_theorem _________

tmp_path = PosixPath('/tmp/pytest-of-codex/pytest-753/test_plan_prefix_ends_before_l0')

    @pytest.fixture
    def compiled_repository(tmp_path: Path) -> Path:
        root = tmp_path / "repository"
>       shutil.copytree(FIXTURE, root)

tests/test_theorem_capsule_planning.py:27: 
_ _ _ _ _ _ _ _ _ _ _ _ _ _ _ _ _ _ _ _ _ _ _ _ _ _ _ _ _ _ _ _ _ _ _ _ _ _ _ _ 
/home/codex/miniconda3/lib/python3.11/shutil.py:573: in copytree
    return _copytree(entries=entries, src=src, dst=dst, symlinks=symlinks,
_ _ _ _ _ _ _ _ _ _ _ _ _ _ _ _ _ _ _ _ _ _ _ _ _ _ _ _ _ _ _ _ _ _ _ _ _ _ _ _ 

entries = [<DirEntry 'lean-toolchain'>, <DirEntry 'lakefile.toml'>, <DirEntry 'CapsuleFixture'>, <DirEntry 'CapsuleFixture.lean'>]
src = PosixPath('/tmp/ladon-candidate-07__zup1/source/tests/fixtures/theorem_capsule')
dst = PosixPath('/tmp/pytest-of-codex/pytest-753/test_plan_prefix_ends_before_l0/repository')
symlinks = False, ignore = None
copy_function = <function copy2 at 0x77c2b3b2ec00>
ignore_dangling_symlinks = False, dirs_exist_ok = False

    def _copytree(entries, src, dst, symlinks, ignore, copy_function,
                  ignore_dangling_symlinks, dirs_exist_ok=False):
        if ignore is not None:
            ignored_names = ignore(os.fspath(src), [x.name for x in entries])
        else:
            ignored_names = ()
    
        os.makedirs(dst, exist_ok=dirs_exist_ok)
        errors = []
        use_srcentry = copy_function is copy2 or copy_function is copy
    
        for srcentry in entries:
            if srcentry.name in ignored_names:
                continue
            srcname = os.path.join(src, srcentry.name)
            dstname = os.path.join(dst, srcentry.name)
            srcobj = srcentry if use_srcentry else srcname
            try:
                is_symlink = srcentry.is_symlink()
                if is_symlink and os.name == 'nt':
                    # Special check for directory junctions, which appear as
                    # symlinks but we want to recurse.
                    lstat = srcentry.stat(follow_symlinks=False)
                    if lstat.st_reparse_tag == stat.IO_REPARSE_TAG_MOUNT_POINT:
                        is_symlink = False
                if is_symlink:
                    linkto = os.readlink(srcname)
                    if symlinks:
                        # We can't just leave it to `copy_function` because legacy
                        # code with a custom `copy_function` may rely on copytree
                        # doing the right thing.
                        os.symlink(linkto, dstname)
                        copystat(srcobj, dstname, follow_symlinks=not symlinks)
                    else:
                        # ignore dangling symlink if the flag is on
                        if not os.path.exists(linkto) and ignore_dangling_symlinks:
                            continue
                        # otherwise let the copy occur. copy2 will raise an error
                        if srcentry.is_dir():
                            copytree(srcobj, dstname, symlinks, ignore,
                                     copy_function, ignore_dangling_symlinks,
                                     dirs_exist_ok)
                        else:
                            copy_function(srcobj, dstname)
                elif srcentry.is_dir():
                    copytree(srcobj, dstname, symlinks, ignore, copy_function,
                             ignore_dangling_symlinks, dirs_exist_ok)
                else:
                    # Will raise a SpecialFileError for unsupported file types
                    copy_function(srcobj, dstname)
            # catch the Error from the recursive copytree so that we can
            # continue with other files
            except Error as err:
                errors.extend(err.args[0])
            except OSError as why:
                errors.append((srcname, dstname, str(why)))
        try:
            copystat(src, dst)
        except OSError as why:
            # Copying file access times may fail on Windows
            if getattr(why, 'winerror', None) is None:
                errors.append((src, dst, str(why)))
        if errors:
>           raise Error(errors)
E           shutil.Error: [('/tmp/ladon-candidate-07__zup1/source/tests/fixtures/theorem_capsule/lean-toolchain', '/tmp/pytest-of-codex/pytest-753/test_plan_prefix_ends_before_l0/repository/lean-toolchain', '[Errno 122] Disk quota exceeded'), ('/tmp/ladon-candidate-07__zup1/source/tests/fixtures/theorem_capsule/lakefile.toml', '/tmp/pytest-of-codex/pytest-753/test_plan_prefix_ends_before_l0/repository/lakefile.toml', '[Errno 122] Disk quota exceeded'), ('/tmp/ladon-candidate-07__zup1/source/tests/fixtures/theorem_capsule/CapsuleFixture/Large.lean', '/tmp/pytest-of-codex/pytest-753/test_plan_prefix_ends_before_l0/repository/CapsuleFixture/Large.lean', '[Errno 122] Disk quota exceeded'), ('/tmp/ladon-candidate-07__zup1/source/tests/fixtures/theorem_capsule/CapsuleFixture/Base.lean', '/tmp/pytest-of-codex/pytest-753/test_plan_prefix_ends_before_l0/repository/CapsuleFixture/Base.lean', '[Errno 122] Disk quota exceeded'), ('/tmp/ladon-candidate-07__zup1/source/tests/fixtures/theorem_capsule/CapsuleFixture.lean', '/tmp/pytest-of-codex/pytest-753/test_plan_prefix_ends_before_l0/repository/CapsuleFixture.lean', '[Errno 122] Disk quota exceeded')]

/home/codex/miniconda3/lib/python3.11/shutil.py:527: Error
________ ERROR at setup of test_plan_rejects_short_and_wrong_kind_names ________

tmp_path = PosixPath('/tmp/pytest-of-codex/pytest-753/test_plan_rejects_short_and_wr0')

    @pytest.fixture
    def compiled_repository(tmp_path: Path) -> Path:
        root = tmp_path / "repository"
>       shutil.copytree(FIXTURE, root)

tests/test_theorem_capsule_planning.py:27: 
_ _ _ _ _ _ _ _ _ _ _ _ _ _ _ _ _ _ _ _ _ _ _ _ _ _ _ _ _ _ _ _ _ _ _ _ _ _ _ _ 
/home/codex/miniconda3/lib/python3.11/shutil.py:573: in copytree
    return _copytree(entries=entries, src=src, dst=dst, symlinks=symlinks,
_ _ _ _ _ _ _ _ _ _ _ _ _ _ _ _ _ _ _ _ _ _ _ _ _ _ _ _ _ _ _ _ _ _ _ _ _ _ _ _ 

entries = [<DirEntry 'lean-toolchain'>, <DirEntry 'lakefile.toml'>, <DirEntry 'CapsuleFixture'>, <DirEntry 'CapsuleFixture.lean'>]
src = PosixPath('/tmp/ladon-candidate-07__zup1/source/tests/fixtures/theorem_capsule')
dst = PosixPath('/tmp/pytest-of-codex/pytest-753/test_plan_rejects_short_and_wr0/repository')
symlinks = False, ignore = None
copy_function = <function copy2 at 0x77c2b3b2ec00>
ignore_dangling_symlinks = False, dirs_exist_ok = False

    def _copytree(entries, src, dst, symlinks, ignore, copy_function,
                  ignore_dangling_symlinks, dirs_exist_ok=False):
        if ignore is not None:
            ignored_names = ignore(os.fspath(src), [x.name for x in entries])
        else:
            ignored_names = ()
    
        os.makedirs(dst, exist_ok=dirs_exist_ok)
        errors = []
        use_srcentry = copy_function is copy2 or copy_function is copy
    
        for srcentry in entries:
            if srcentry.name in ignored_names:
                continue
            srcname = os.path.join(src, srcentry.name)
            dstname = os.path.join(dst, srcentry.name)
            srcobj = srcentry if use_srcentry else srcname
            try:
                is_symlink = srcentry.is_symlink()
                if is_symlink and os.name == 'nt':
                    # Special check for directory junctions, which appear as
                    # symlinks but we want to recurse.
                    lstat = srcentry.stat(follow_symlinks=False)
                    if lstat.st_reparse_tag == stat.IO_REPARSE_TAG_MOUNT_POINT:
                        is_symlink = False
                if is_symlink:
                    linkto = os.readlink(srcname)
                    if symlinks:
                        # We can't just leave it to `copy_function` because legacy
                        # code with a custom `copy_function` may rely on copytree
                        # doing the right thing.
                        os.symlink(linkto, dstname)
                        copystat(srcobj, dstname, follow_symlinks=not symlinks)
                    else:
                        # ignore dangling symlink if the flag is on
                        if not os.path.exists(linkto) and ignore_dangling_symlinks:
                            continue
                        # otherwise let the copy occur. copy2 will raise an error
                        if srcentry.is_dir():
                            copytree(srcobj, dstname, symlinks, ignore,
                                     copy_function, ignore_dangling_symlinks,
                                     dirs_exist_ok)
                        else:
                            copy_function(srcobj, dstname)
                elif srcentry.is_dir():
                    copytree(srcobj, dstname, symlinks, ignore, copy_function,
                             ignore_dangling_symlinks, dirs_exist_ok)
                else:
                    # Will raise a SpecialFileError for unsupported file types
                    copy_function(srcobj, dstname)
            # catch the Error from the recursive copytree so that we can
            # continue with other files
            except Error as err:
                errors.extend(err.args[0])
            except OSError as why:
                errors.append((srcname, dstname, str(why)))
        try:
            copystat(src, dst)
        except OSError as why:
            # Copying file access times may fail on Windows
            if getattr(why, 'winerror', None) is None:
                errors.append((src, dst, str(why)))
        if errors:
>           raise Error(errors)
E           shutil.Error: [('/tmp/ladon-candidate-07__zup1/source/tests/fixtures/theorem_capsule/lean-toolchain', '/tmp/pytest-of-codex/pytest-753/test_plan_rejects_short_and_wr0/repository/lean-toolchain', '[Errno 122] Disk quota exceeded'), ('/tmp/ladon-candidate-07__zup1/source/tests/fixtures/theorem_capsule/lakefile.toml', '/tmp/pytest-of-codex/pytest-753/test_plan_rejects_short_and_wr0/repository/lakefile.toml', '[Errno 122] Disk quota exceeded'), ('/tmp/ladon-candidate-07__zup1/source/tests/fixtures/theorem_capsule/CapsuleFixture/Large.lean', '/tmp/pytest-of-codex/pytest-753/test_plan_rejects_short_and_wr0/repository/CapsuleFixture/Large.lean', '[Errno 122] Disk quota exceeded'), ('/tmp/ladon-candidate-07__zup1/source/tests/fixtures/theorem_capsule/CapsuleFixture/Base.lean', '/tmp/pytest-of-codex/pytest-753/test_plan_rejects_short_and_wr0/repository/CapsuleFixture/Base.lean', '[Errno 122] Disk quota exceeded'), ('/tmp/ladon-candidate-07__zup1/source/tests/fixtures/theorem_capsule/CapsuleFixture.lean', '/tmp/pytest-of-codex/pytest-753/test_plan_rejects_short_and_wr0/repository/CapsuleFixture.lean', '[Errno 122] Disk quota exceeded')]

/home/codex/miniconda3/lib/python3.11/shutil.py:527: Error
____ ERROR at setup of test_plan_rejects_ambiguous_exact_lexical_candidates ____

tmp_path = PosixPath('/tmp/pytest-of-codex/pytest-753/test_plan_rejects_ambiguous_ex0')

    @pytest.fixture
    def compiled_repository(tmp_path: Path) -> Path:
        root = tmp_path / "repository"
>       shutil.copytree(FIXTURE, root)

tests/test_theorem_capsule_planning.py:27: 
_ _ _ _ _ _ _ _ _ _ _ _ _ _ _ _ _ _ _ _ _ _ _ _ _ _ _ _ _ _ _ _ _ _ _ _ _ _ _ _ 
/home/codex/miniconda3/lib/python3.11/shutil.py:573: in copytree
    return _copytree(entries=entries, src=src, dst=dst, symlinks=symlinks,
_ _ _ _ _ _ _ _ _ _ _ _ _ _ _ _ _ _ _ _ _ _ _ _ _ _ _ _ _ _ _ _ _ _ _ _ _ _ _ _ 

entries = [<DirEntry 'lean-toolchain'>, <DirEntry 'lakefile.toml'>, <DirEntry 'CapsuleFixture'>, <DirEntry 'CapsuleFixture.lean'>]
src = PosixPath('/tmp/ladon-candidate-07__zup1/source/tests/fixtures/theorem_capsule')
dst = PosixPath('/tmp/pytest-of-codex/pytest-753/test_plan_rejects_ambiguous_ex0/repository')
symlinks = False, ignore = None
copy_function = <function copy2 at 0x77c2b3b2ec00>
ignore_dangling_symlinks = False, dirs_exist_ok = False

    def _copytree(entries, src, dst, symlinks, ignore, copy_function,
                  ignore_dangling_symlinks, dirs_exist_ok=False):
        if ignore is not None:
            ignored_names = ignore(os.fspath(src), [x.name for x in entries])
        else:
            ignored_names = ()
    
        os.makedirs(dst, exist_ok=dirs_exist_ok)
        errors = []
        use_srcentry = copy_function is copy2 or copy_function is copy
    
        for srcentry in entries:
            if srcentry.name in ignored_names:
                continue
            srcname = os.path.join(src, srcentry.name)
            dstname = os.path.join(dst, srcentry.name)
            srcobj = srcentry if use_srcentry else srcname
            try:
                is_symlink = srcentry.is_symlink()
                if is_symlink and os.name == 'nt':
                    # Special check for directory junctions, which appear as
                    # symlinks but we want to recurse.
                    lstat = srcentry.stat(follow_symlinks=False)
                    if lstat.st_reparse_tag == stat.IO_REPARSE_TAG_MOUNT_POINT:
                        is_symlink = False
                if is_symlink:
                    linkto = os.readlink(srcname)
                    if symlinks:
                        # We can't just leave it to `copy_function` because legacy
                        # code with a custom `copy_function` may rely on copytree
                        # doing the right thing.
                        os.symlink(linkto, dstname)
                        copystat(srcobj, dstname, follow_symlinks=not symlinks)
                    else:
                        # ignore dangling symlink if the flag is on
                        if not os.path.exists(linkto) and ignore_dangling_symlinks:
                            continue
                        # otherwise let the copy occur. copy2 will raise an error
                        if srcentry.is_dir():
                            copytree(srcobj, dstname, symlinks, ignore,
                                     copy_function, ignore_dangling_symlinks,
                                     dirs_exist_ok)
                        else:
                            copy_function(srcobj, dstname)
                elif srcentry.is_dir():
                    copytree(srcobj, dstname, symlinks, ignore, copy_function,
                             ignore_dangling_symlinks, dirs_exist_ok)
                else:
                    # Will raise a SpecialFileError for unsupported file types
                    copy_function(srcobj, dstname)
            # catch the Error from the recursive copytree so that we can
            # continue with other files
            except Error as err:
                errors.extend(err.args[0])
            except OSError as why:
                errors.append((srcname, dstname, str(why)))
        try:
            copystat(src, dst)
        except OSError as why:
            # Copying file access times may fail on Windows
            if getattr(why, 'winerror', None) is None:
                errors.append((src, dst, str(why)))
        if errors:
>           raise Error(errors)
E           shutil.Error: [('/tmp/ladon-candidate-07__zup1/source/tests/fixtures/theorem_capsule/lean-toolchain', '/tmp/pytest-of-codex/pytest-753/test_plan_rejects_ambiguous_ex0/repository/lean-toolchain', '[Errno 122] Disk quota exceeded'), ('/tmp/ladon-candidate-07__zup1/source/tests/fixtures/theorem_capsule/lakefile.toml', '/tmp/pytest-of-codex/pytest-753/test_plan_rejects_ambiguous_ex0/repository/lakefile.toml', '[Errno 122] Disk quota exceeded'), ('/tmp/ladon-candidate-07__zup1/source/tests/fixtures/theorem_capsule/CapsuleFixture/Large.lean', '/tmp/pytest-of-codex/pytest-753/test_plan_rejects_ambiguous_ex0/repository/CapsuleFixture/Large.lean', '[Errno 122] Disk quota exceeded'), ('/tmp/ladon-candidate-07__zup1/source/tests/fixtures/theorem_capsule/CapsuleFixture/Base.lean', '/tmp/pytest-of-codex/pytest-753/test_plan_rejects_ambiguous_ex0/repository/CapsuleFixture/Base.lean', '[Errno 122] Disk quota exceeded'), ('/tmp/ladon-candidate-07__zup1/source/tests/fixtures/theorem_capsule/CapsuleFixture.lean', '/tmp/pytest-of-codex/pytest-753/test_plan_rejects_ambiguous_ex0/repository/CapsuleFixture.lean', '[Errno 122] Disk quota exceeded')]

/home/codex/miniconda3/lib/python3.11/shutil.py:527: Error
_______ ERROR at setup of test_plan_process_tree_rss_limit_fails_closed ________

tmp_path = PosixPath('/tmp/pytest-of-codex/pytest-753/test_plan_process_tree_rss_lim0')

    @pytest.fixture
    def compiled_repository(tmp_path: Path) -> Path:
        root = tmp_path / "repository"
>       shutil.copytree(FIXTURE, root)

tests/test_theorem_capsule_planning.py:27: 
_ _ _ _ _ _ _ _ _ _ _ _ _ _ _ _ _ _ _ _ _ _ _ _ _ _ _ _ _ _ _ _ _ _ _ _ _ _ _ _ 
/home/codex/miniconda3/lib/python3.11/shutil.py:573: in copytree
    return _copytree(entries=entries, src=src, dst=dst, symlinks=symlinks,
_ _ _ _ _ _ _ _ _ _ _ _ _ _ _ _ _ _ _ _ _ _ _ _ _ _ _ _ _ _ _ _ _ _ _ _ _ _ _ _ 

entries = [<DirEntry 'lean-toolchain'>, <DirEntry 'lakefile.toml'>, <DirEntry 'CapsuleFixture'>, <DirEntry 'CapsuleFixture.lean'>]
src = PosixPath('/tmp/ladon-candidate-07__zup1/source/tests/fixtures/theorem_capsule')
dst = PosixPath('/tmp/pytest-of-codex/pytest-753/test_plan_process_tree_rss_lim0/repository')
symlinks = False, ignore = None
copy_function = <function copy2 at 0x77c2b3b2ec00>
ignore_dangling_symlinks = False, dirs_exist_ok = False

    def _copytree(entries, src, dst, symlinks, ignore, copy_function,
                  ignore_dangling_symlinks, dirs_exist_ok=False):
        if ignore is not None:
            ignored_names = ignore(os.fspath(src), [x.name for x in entries])
        else:
            ignored_names = ()
    
        os.makedirs(dst, exist_ok=dirs_exist_ok)
        errors = []
        use_srcentry = copy_function is copy2 or copy_function is copy
    
        for srcentry in entries:
            if srcentry.name in ignored_names:
                continue
            srcname = os.path.join(src, srcentry.name)
            dstname = os.path.join(dst, srcentry.name)
            srcobj = srcentry if use_srcentry else srcname
            try:
                is_symlink = srcentry.is_symlink()
                if is_symlink and os.name == 'nt':
                    # Special check for directory junctions, which appear as
                    # symlinks but we want to recurse.
                    lstat = srcentry.stat(follow_symlinks=False)
                    if lstat.st_reparse_tag == stat.IO_REPARSE_TAG_MOUNT_POINT:
                        is_symlink = False
                if is_symlink:
                    linkto = os.readlink(srcname)
                    if symlinks:
                        # We can't just leave it to `copy_function` because legacy
                        # code with a custom `copy_function` may rely on copytree
                        # doing the right thing.
                        os.symlink(linkto, dstname)
                        copystat(srcobj, dstname, follow_symlinks=not symlinks)
                    else:
                        # ignore dangling symlink if the flag is on
                        if not os.path.exists(linkto) and ignore_dangling_symlinks:
                            continue
                        # otherwise let the copy occur. copy2 will raise an error
                        if srcentry.is_dir():
                            copytree(srcobj, dstname, symlinks, ignore,
                                     copy_function, ignore_dangling_symlinks,
                                     dirs_exist_ok)
                        else:
                            copy_function(srcobj, dstname)
                elif srcentry.is_dir():
                    copytree(srcobj, dstname, symlinks, ignore, copy_function,
                             ignore_dangling_symlinks, dirs_exist_ok)
                else:
                    # Will raise a SpecialFileError for unsupported file types
                    copy_function(srcobj, dstname)
            # catch the Error from the recursive copytree so that we can
            # continue with other files
            except Error as err:
                errors.extend(err.args[0])
            except OSError as why:
                errors.append((srcname, dstname, str(why)))
        try:
            copystat(src, dst)
        except OSError as why:
            # Copying file access times may fail on Windows
            if getattr(why, 'winerror', None) is None:
                errors.append((src, dst, str(why)))
        if errors:
>           raise Error(errors)
E           shutil.Error: [('/tmp/ladon-candidate-07__zup1/source/tests/fixtures/theorem_capsule/lean-toolchain', '/tmp/pytest-of-codex/pytest-753/test_plan_process_tree_rss_lim0/repository/lean-toolchain', '[Errno 122] Disk quota exceeded'), ('/tmp/ladon-candidate-07__zup1/source/tests/fixtures/theorem_capsule/lakefile.toml', '/tmp/pytest-of-codex/pytest-753/test_plan_process_tree_rss_lim0/repository/lakefile.toml', '[Errno 122] Disk quota exceeded'), ('/tmp/ladon-candidate-07__zup1/source/tests/fixtures/theorem_capsule/CapsuleFixture/Large.lean', '/tmp/pytest-of-codex/pytest-753/test_plan_process_tree_rss_lim0/repository/CapsuleFixture/Large.lean', '[Errno 122] Disk quota exceeded'), ('/tmp/ladon-candidate-07__zup1/source/tests/fixtures/theorem_capsule/CapsuleFixture/Base.lean', '/tmp/pytest-of-codex/pytest-753/test_plan_process_tree_rss_lim0/repository/CapsuleFixture/Base.lean', '[Errno 122] Disk quota exceeded'), ('/tmp/ladon-candidate-07__zup1/source/tests/fixtures/theorem_capsule/CapsuleFixture.lean', '/tmp/pytest-of-codex/pytest-753/test_plan_process_tree_rss_lim0/repository/CapsuleFixture.lean', '[Errno 122] Disk quota exceeded')]

/home/codex/miniconda3/lib/python3.11/shutil.py:527: Error
_______ ERROR at setup of test_plan_marks_native_lake_facets_ineligible ________

tmp_path = PosixPath('/tmp/pytest-of-codex/pytest-753/test_plan_marks_native_lake_fa0')

    @pytest.fixture
    def compiled_repository(tmp_path: Path) -> Path:
        root = tmp_path / "repository"
>       shutil.copytree(FIXTURE, root)

tests/test_theorem_capsule_planning.py:27: 
_ _ _ _ _ _ _ _ _ _ _ _ _ _ _ _ _ _ _ _ _ _ _ _ _ _ _ _ _ _ _ _ _ _ _ _ _ _ _ _ 
/home/codex/miniconda3/lib/python3.11/shutil.py:573: in copytree
    return _copytree(entries=entries, src=src, dst=dst, symlinks=symlinks,
_ _ _ _ _ _ _ _ _ _ _ _ _ _ _ _ _ _ _ _ _ _ _ _ _ _ _ _ _ _ _ _ _ _ _ _ _ _ _ _ 

entries = [<DirEntry 'lean-toolchain'>, <DirEntry 'lakefile.toml'>, <DirEntry 'CapsuleFixture'>, <DirEntry 'CapsuleFixture.lean'>]
src = PosixPath('/tmp/ladon-candidate-07__zup1/source/tests/fixtures/theorem_capsule')
dst = PosixPath('/tmp/pytest-of-codex/pytest-753/test_plan_marks_native_lake_fa0/repository')
symlinks = False, ignore = None
copy_function = <function copy2 at 0x77c2b3b2ec00>
ignore_dangling_symlinks = False, dirs_exist_ok = False

    def _copytree(entries, src, dst, symlinks, ignore, copy_function,
                  ignore_dangling_symlinks, dirs_exist_ok=False):
        if ignore is not None:
            ignored_names = ignore(os.fspath(src), [x.name for x in entries])
        else:
            ignored_names = ()
    
        os.makedirs(dst, exist_ok=dirs_exist_ok)
        errors = []
        use_srcentry = copy_function is copy2 or copy_function is copy
    
        for srcentry in entries:
            if srcentry.name in ignored_names:
                continue
            srcname = os.path.join(src, srcentry.name)
            dstname = os.path.join(dst, srcentry.name)
            srcobj = srcentry if use_srcentry else srcname
            try:
                is_symlink = srcentry.is_symlink()
                if is_symlink and os.name == 'nt':
                    # Special check for directory junctions, which appear as
                    # symlinks but we want to recurse.
                    lstat = srcentry.stat(follow_symlinks=False)
                    if lstat.st_reparse_tag == stat.IO_REPARSE_TAG_MOUNT_POINT:
                        is_symlink = False
                if is_symlink:
                    linkto = os.readlink(srcname)
                    if symlinks:
                        # We can't just leave it to `copy_function` because legacy
                        # code with a custom `copy_function` may rely on copytree
                        # doing the right thing.
                        os.symlink(linkto, dstname)
                        copystat(srcobj, dstname, follow_symlinks=not symlinks)
                    else:
                        # ignore dangling symlink if the flag is on
                        if not os.path.exists(linkto) and ignore_dangling_symlinks:
                            continue
                        # otherwise let the copy occur. copy2 will raise an error
                        if srcentry.is_dir():
                            copytree(srcobj, dstname, symlinks, ignore,
                                     copy_function, ignore_dangling_symlinks,
                                     dirs_exist_ok)
                        else:
                            copy_function(srcobj, dstname)
                elif srcentry.is_dir():
                    copytree(srcobj, dstname, symlinks, ignore, copy_function,
                             ignore_dangling_symlinks, dirs_exist_ok)
                else:
                    # Will raise a SpecialFileError for unsupported file types
                    copy_function(srcobj, dstname)
            # catch the Error from the recursive copytree so that we can
            # continue with other files
            except Error as err:
                errors.extend(err.args[0])
            except OSError as why:
                errors.append((srcname, dstname, str(why)))
        try:
            copystat(src, dst)
        except OSError as why:
            # Copying file access times may fail on Windows
            if getattr(why, 'winerror', None) is None:
                errors.append((src, dst, str(why)))
        if errors:
>           raise Error(errors)
E           shutil.Error: [('/tmp/ladon-candidate-07__zup1/source/tests/fixtures/theorem_capsule/lean-toolchain', '/tmp/pytest-of-codex/pytest-753/test_plan_marks_native_lake_fa0/repository/lean-toolchain', '[Errno 122] Disk quota exceeded'), ('/tmp/ladon-candidate-07__zup1/source/tests/fixtures/theorem_capsule/lakefile.toml', '/tmp/pytest-of-codex/pytest-753/test_plan_marks_native_lake_fa0/repository/lakefile.toml', '[Errno 122] Disk quota exceeded'), ('/tmp/ladon-candidate-07__zup1/source/tests/fixtures/theorem_capsule/CapsuleFixture/Large.lean', '/tmp/pytest-of-codex/pytest-753/test_plan_marks_native_lake_fa0/repository/CapsuleFixture/Large.lean', '[Errno 122] Disk quota exceeded'), ('/tmp/ladon-candidate-07__zup1/source/tests/fixtures/theorem_capsule/CapsuleFixture/Base.lean', '/tmp/pytest-of-codex/pytest-753/test_plan_marks_native_lake_fa0/repository/CapsuleFixture/Base.lean', '[Errno 122] Disk quota exceeded'), ('/tmp/ladon-candidate-07__zup1/source/tests/fixtures/theorem_capsule/CapsuleFixture.lean', '/tmp/pytest-of-codex/pytest-753/test_plan_marks_native_lake_fa0/repository/CapsuleFixture.lean', '[Errno 122] Disk quota exceeded')]

/home/codex/miniconda3/lib/python3.11/shutil.py:527: Error
___________ ERROR at setup of test_plan_cli_emits_one_json_document ____________

tmp_path = PosixPath('/tmp/pytest-of-codex/pytest-753/test_plan_cli_emits_one_json_d0')

    @pytest.fixture
    def compiled_repository(tmp_path: Path) -> Path:
        root = tmp_path / "repository"
>       shutil.copytree(FIXTURE, root)

tests/test_theorem_capsule_planning.py:27: 
_ _ _ _ _ _ _ _ _ _ _ _ _ _ _ _ _ _ _ _ _ _ _ _ _ _ _ _ _ _ _ _ _ _ _ _ _ _ _ _ 
/home/codex/miniconda3/lib/python3.11/shutil.py:573: in copytree
    return _copytree(entries=entries, src=src, dst=dst, symlinks=symlinks,
_ _ _ _ _ _ _ _ _ _ _ _ _ _ _ _ _ _ _ _ _ _ _ _ _ _ _ _ _ _ _ _ _ _ _ _ _ _ _ _ 

entries = [<DirEntry 'lean-toolchain'>, <DirEntry 'lakefile.toml'>, <DirEntry 'CapsuleFixture'>, <DirEntry 'CapsuleFixture.lean'>]
src = PosixPath('/tmp/ladon-candidate-07__zup1/source/tests/fixtures/theorem_capsule')
dst = PosixPath('/tmp/pytest-of-codex/pytest-753/test_plan_cli_emits_one_json_d0/repository')
symlinks = False, ignore = None
copy_function = <function copy2 at 0x77c2b3b2ec00>
ignore_dangling_symlinks = False, dirs_exist_ok = False

    def _copytree(entries, src, dst, symlinks, ignore, copy_function,
                  ignore_dangling_symlinks, dirs_exist_ok=False):
        if ignore is not None:
            ignored_names = ignore(os.fspath(src), [x.name for x in entries])
        else:
            ignored_names = ()
    
        os.makedirs(dst, exist_ok=dirs_exist_ok)
        errors = []
        use_srcentry = copy_function is copy2 or copy_function is copy
    
        for srcentry in entries:
            if srcentry.name in ignored_names:
                continue
            srcname = os.path.join(src, srcentry.name)
            dstname = os.path.join(dst, srcentry.name)
            srcobj = srcentry if use_srcentry else srcname
            try:
                is_symlink = srcentry.is_symlink()
                if is_symlink and os.name == 'nt':
                    # Special check for directory junctions, which appear as
                    # symlinks but we want to recurse.
                    lstat = srcentry.stat(follow_symlinks=False)
                    if lstat.st_reparse_tag == stat.IO_REPARSE_TAG_MOUNT_POINT:
                        is_symlink = False
                if is_symlink:
                    linkto = os.readlink(srcname)
                    if symlinks:
                        # We can't just leave it to `copy_function` because legacy
                        # code with a custom `copy_function` may rely on copytree
                        # doing the right thing.
                        os.symlink(linkto, dstname)
                        copystat(srcobj, dstname, follow_symlinks=not symlinks)
                    else:
                        # ignore dangling symlink if the flag is on
                        if not os.path.exists(linkto) and ignore_dangling_symlinks:
                            continue
                        # otherwise let the copy occur. copy2 will raise an error
                        if srcentry.is_dir():
                            copytree(srcobj, dstname, symlinks, ignore,
                                     copy_function, ignore_dangling_symlinks,
                                     dirs_exist_ok)
                        else:
                            copy_function(srcobj, dstname)
                elif srcentry.is_dir():
                    copytree(srcobj, dstname, symlinks, ignore, copy_function,
                             ignore_dangling_symlinks, dirs_exist_ok)
                else:
                    # Will raise a SpecialFileError for unsupported file types
                    copy_function(srcobj, dstname)
            # catch the Error from the recursive copytree so that we can
            # continue with other files
            except Error as err:
                errors.extend(err.args[0])
            except OSError as why:
                errors.append((srcname, dstname, str(why)))
        try:
            copystat(src, dst)
        except OSError as why:
            # Copying file access times may fail on Windows
            if getattr(why, 'winerror', None) is None:
                errors.append((src, dst, str(why)))
        if errors:
>           raise Error(errors)
E           shutil.Error: [('/tmp/ladon-candidate-07__zup1/source/tests/fixtures/theorem_capsule/lean-toolchain', '/tmp/pytest-of-codex/pytest-753/test_plan_cli_emits_one_json_d0/repository/lean-toolchain', '[Errno 122] Disk quota exceeded'), ('/tmp/ladon-candidate-07__zup1/source/tests/fixtures/theorem_capsule/lakefile.toml', '/tmp/pytest-of-codex/pytest-753/test_plan_cli_emits_one_json_d0/repository/lakefile.toml', '[Errno 122] Disk quota exceeded'), ('/tmp/ladon-candidate-07__zup1/source/tests/fixtures/theorem_capsule/CapsuleFixture/Large.lean', '/tmp/pytest-of-codex/pytest-753/test_plan_cli_emits_one_json_d0/repository/CapsuleFixture/Large.lean', '[Errno 122] Disk quota exceeded'), ('/tmp/ladon-candidate-07__zup1/source/tests/fixtures/theorem_capsule/CapsuleFixture/Base.lean', '/tmp/pytest-of-codex/pytest-753/test_plan_cli_emits_one_json_d0/repository/CapsuleFixture/Base.lean', '[Errno 122] Disk quota exceeded'), ('/tmp/ladon-candidate-07__zup1/source/tests/fixtures/theorem_capsule/CapsuleFixture.lean', '/tmp/pytest-of-codex/pytest-753/test_plan_cli_emits_one_json_d0/repository/CapsuleFixture.lean', '[Errno 122] Disk quota exceeded')]

/home/codex/miniconda3/lib/python3.11/shutil.py:527: Error
_ ERROR at setup of test_plan_cli_rejects_output_inside_target_without_writing _

tmp_path = PosixPath('/tmp/pytest-of-codex/pytest-753/test_plan_cli_rejects_output_i0')

    @pytest.fixture
    def compiled_repository(tmp_path: Path) -> Path:
        root = tmp_path / "repository"
>       shutil.copytree(FIXTURE, root)

tests/test_theorem_capsule_planning.py:27: 
_ _ _ _ _ _ _ _ _ _ _ _ _ _ _ _ _ _ _ _ _ _ _ _ _ _ _ _ _ _ _ _ _ _ _ _ _ _ _ _ 
/home/codex/miniconda3/lib/python3.11/shutil.py:573: in copytree
    return _copytree(entries=entries, src=src, dst=dst, symlinks=symlinks,
_ _ _ _ _ _ _ _ _ _ _ _ _ _ _ _ _ _ _ _ _ _ _ _ _ _ _ _ _ _ _ _ _ _ _ _ _ _ _ _ 

entries = [<DirEntry 'lean-toolchain'>, <DirEntry 'lakefile.toml'>, <DirEntry 'CapsuleFixture'>, <DirEntry 'CapsuleFixture.lean'>]
src = PosixPath('/tmp/ladon-candidate-07__zup1/source/tests/fixtures/theorem_capsule')
dst = PosixPath('/tmp/pytest-of-codex/pytest-753/test_plan_cli_rejects_output_i0/repository')
symlinks = False, ignore = None
copy_function = <function copy2 at 0x77c2b3b2ec00>
ignore_dangling_symlinks = False, dirs_exist_ok = False

    def _copytree(entries, src, dst, symlinks, ignore, copy_function,
                  ignore_dangling_symlinks, dirs_exist_ok=False):
        if ignore is not None:
            ignored_names = ignore(os.fspath(src), [x.name for x in entries])
        else:
            ignored_names = ()
    
        os.makedirs(dst, exist_ok=dirs_exist_ok)
        errors = []
        use_srcentry = copy_function is copy2 or copy_function is copy
    
        for srcentry in entries:
            if srcentry.name in ignored_names:
                continue
            srcname = os.path.join(src, srcentry.name)
            dstname = os.path.join(dst, srcentry.name)
            srcobj = srcentry if use_srcentry else srcname
            try:
                is_symlink = srcentry.is_symlink()
                if is_symlink and os.name == 'nt':
                    # Special check for directory junctions, which appear as
                    # symlinks but we want to recurse.
                    lstat = srcentry.stat(follow_symlinks=False)
                    if lstat.st_reparse_tag == stat.IO_REPARSE_TAG_MOUNT_POINT:
                        is_symlink = False
                if is_symlink:
                    linkto = os.readlink(srcname)
                    if symlinks:
                        # We can't just leave it to `copy_function` because legacy
                        # code with a custom `copy_function` may rely on copytree
                        # doing the right thing.
                        os.symlink(linkto, dstname)
                        copystat(srcobj, dstname, follow_symlinks=not symlinks)
                    else:
                        # ignore dangling symlink if the flag is on
                        if not os.path.exists(linkto) and ignore_dangling_symlinks:
                            continue
                        # otherwise let the copy occur. copy2 will raise an error
                        if srcentry.is_dir():
                            copytree(srcobj, dstname, symlinks, ignore,
                                     copy_function, ignore_dangling_symlinks,
                                     dirs_exist_ok)
                        else:
                            copy_function(srcobj, dstname)
                elif srcentry.is_dir():
                    copytree(srcobj, dstname, symlinks, ignore, copy_function,
                             ignore_dangling_symlinks, dirs_exist_ok)
                else:
                    # Will raise a SpecialFileError for unsupported file types
                    copy_function(srcobj, dstname)
            # catch the Error from the recursive copytree so that we can
            # continue with other files
            except Error as err:
                errors.extend(err.args[0])
            except OSError as why:
                errors.append((srcname, dstname, str(why)))
        try:
            copystat(src, dst)
        except OSError as why:
            # Copying file access times may fail on Windows
            if getattr(why, 'winerror', None) is None:
                errors.append((src, dst, str(why)))
        if errors:
>           raise Error(errors)
E           shutil.Error: [('/tmp/ladon-candidate-07__zup1/source/tests/fixtures/theorem_capsule/lean-toolchain', '/tmp/pytest-of-codex/pytest-753/test_plan_cli_rejects_output_i0/repository/lean-toolchain', '[Errno 122] Disk quota exceeded'), ('/tmp/ladon-candidate-07__zup1/source/tests/fixtures/theorem_capsule/lakefile.toml', '/tmp/pytest-of-codex/pytest-753/test_plan_cli_rejects_output_i0/repository/lakefile.toml', '[Errno 122] Disk quota exceeded'), ('/tmp/ladon-candidate-07__zup1/source/tests/fixtures/theorem_capsule/CapsuleFixture/Large.lean', '/tmp/pytest-of-codex/pytest-753/test_plan_cli_rejects_output_i0/repository/CapsuleFixture/Large.lean', '[Errno 122] Disk quota exceeded'), ('/tmp/ladon-candidate-07__zup1/source/tests/fixtures/theorem_capsule/CapsuleFixture/Base.lean', '/tmp/pytest-of-codex/pytest-753/test_plan_cli_rejects_output_i0/repository/CapsuleFixture/Base.lean', '[Errno 122] Disk quota exceeded'), ('/tmp/ladon-candidate-07__zup1/source/tests/fixtures/theorem_capsule/CapsuleFixture.lean', '/tmp/pytest-of-codex/pytest-753/test_plan_cli_rejects_output_i0/repository/CapsuleFixture.lean', '[Errno 122] Disk quota exceeded')]

/home/codex/miniconda3/lib/python3.11/shutil.py:527: Error
__ ERROR at setup of test_replay_verifies_after_original_checkout_is_renamed ___

tmp_path = PosixPath('/tmp/pytest-of-codex/pytest-753/test_replay_verifies_after_ori0')

    @pytest.fixture
    def capsule_fixture(tmp_path: Path) -> tuple[Path, Path]:
        repository = tmp_path / "repository"
>       shutil.copytree(FIXTURE, repository)

tests/test_theorem_capsule_replay.py:25: 
_ _ _ _ _ _ _ _ _ _ _ _ _ _ _ _ _ _ _ _ _ _ _ _ _ _ _ _ _ _ _ _ _ _ _ _ _ _ _ _ 
/home/codex/miniconda3/lib/python3.11/shutil.py:573: in copytree
    return _copytree(entries=entries, src=src, dst=dst, symlinks=symlinks,
_ _ _ _ _ _ _ _ _ _ _ _ _ _ _ _ _ _ _ _ _ _ _ _ _ _ _ _ _ _ _ _ _ _ _ _ _ _ _ _ 

entries = [<DirEntry 'lean-toolchain'>, <DirEntry 'lakefile.toml'>, <DirEntry 'CapsuleFixture'>, <DirEntry 'CapsuleFixture.lean'>]
src = PosixPath('/tmp/ladon-candidate-07__zup1/source/tests/fixtures/theorem_capsule')
dst = PosixPath('/tmp/pytest-of-codex/pytest-753/test_replay_verifies_after_ori0/repository')
symlinks = False, ignore = None
copy_function = <function copy2 at 0x77c2b3b2ec00>
ignore_dangling_symlinks = False, dirs_exist_ok = False

    def _copytree(entries, src, dst, symlinks, ignore, copy_function,
                  ignore_dangling_symlinks, dirs_exist_ok=False):
        if ignore is not None:
            ignored_names = ignore(os.fspath(src), [x.name for x in entries])
        else:
            ignored_names = ()
    
        os.makedirs(dst, exist_ok=dirs_exist_ok)
        errors = []
        use_srcentry = copy_function is copy2 or copy_function is copy
    
        for srcentry in entries:
            if srcentry.name in ignored_names:
                continue
            srcname = os.path.join(src, srcentry.name)
            dstname = os.path.join(dst, srcentry.name)
            srcobj = srcentry if use_srcentry else srcname
            try:
                is_symlink = srcentry.is_symlink()
                if is_symlink and os.name == 'nt':
                    # Special check for directory junctions, which appear as
                    # symlinks but we want to recurse.
                    lstat = srcentry.stat(follow_symlinks=False)
                    if lstat.st_reparse_tag == stat.IO_REPARSE_TAG_MOUNT_POINT:
                        is_symlink = False
                if is_symlink:
                    linkto = os.readlink(srcname)
                    if symlinks:
                        # We can't just leave it to `copy_function` because legacy
                        # code with a custom `copy_function` may rely on copytree
                        # doing the right thing.
                        os.symlink(linkto, dstname)
                        copystat(srcobj, dstname, follow_symlinks=not symlinks)
                    else:
                        # ignore dangling symlink if the flag is on
                        if not os.path.exists(linkto) and ignore_dangling_symlinks:
                            continue
                        # otherwise let the copy occur. copy2 will raise an error
                        if srcentry.is_dir():
                            copytree(srcobj, dstname, symlinks, ignore,
                                     copy_function, ignore_dangling_symlinks,
                                     dirs_exist_ok)
                        else:
                            copy_function(srcobj, dstname)
                elif srcentry.is_dir():
                    copytree(srcobj, dstname, symlinks, ignore, copy_function,
                             ignore_dangling_symlinks, dirs_exist_ok)
                else:
                    # Will raise a SpecialFileError for unsupported file types
                    copy_function(srcobj, dstname)
            # catch the Error from the recursive copytree so that we can
            # continue with other files
            except Error as err:
                errors.extend(err.args[0])
            except OSError as why:
                errors.append((srcname, dstname, str(why)))
        try:
            copystat(src, dst)
        except OSError as why:
            # Copying file access times may fail on Windows
            if getattr(why, 'winerror', None) is None:
                errors.append((src, dst, str(why)))
        if errors:
>           raise Error(errors)
E           shutil.Error: [('/tmp/ladon-candidate-07__zup1/source/tests/fixtures/theorem_capsule/lean-toolchain', '/tmp/pytest-of-codex/pytest-753/test_replay_verifies_after_ori0/repository/lean-toolchain', '[Errno 122] Disk quota exceeded'), ('/tmp/ladon-candidate-07__zup1/source/tests/fixtures/theorem_capsule/lakefile.toml', '/tmp/pytest-of-codex/pytest-753/test_replay_verifies_after_ori0/repository/lakefile.toml', '[Errno 122] Disk quota exceeded'), ('/tmp/ladon-candidate-07__zup1/source/tests/fixtures/theorem_capsule/CapsuleFixture/Large.lean', '/tmp/pytest-of-codex/pytest-753/test_replay_verifies_after_ori0/repository/CapsuleFixture/Large.lean', '[Errno 122] Disk quota exceeded'), ('/tmp/ladon-candidate-07__zup1/source/tests/fixtures/theorem_capsule/CapsuleFixture/Base.lean', '/tmp/pytest-of-codex/pytest-753/test_replay_verifies_after_ori0/repository/CapsuleFixture/Base.lean', '[Errno 122] Disk quota exceeded'), ('/tmp/ladon-candidate-07__zup1/source/tests/fixtures/theorem_capsule/CapsuleFixture.lean', '/tmp/pytest-of-codex/pytest-753/test_replay_verifies_after_ori0/repository/CapsuleFixture.lean', '[Errno 122] Disk quota exceeded')]

/home/codex/miniconda3/lib/python3.11/shutil.py:527: Error
______ ERROR at setup of test_replay_rejects_mutated_content_before_lean _______

tmp_path = PosixPath('/tmp/pytest-of-codex/pytest-753/test_replay_rejects_mutated_co0')

    @pytest.fixture
    def capsule_fixture(tmp_path: Path) -> tuple[Path, Path]:
        repository = tmp_path / "repository"
>       shutil.copytree(FIXTURE, repository)

tests/test_theorem_capsule_replay.py:25: 
_ _ _ _ _ _ _ _ _ _ _ _ _ _ _ _ _ _ _ _ _ _ _ _ _ _ _ _ _ _ _ _ _ _ _ _ _ _ _ _ 
/home/codex/miniconda3/lib/python3.11/shutil.py:573: in copytree
    return _copytree(entries=entries, src=src, dst=dst, symlinks=symlinks,
_ _ _ _ _ _ _ _ _ _ _ _ _ _ _ _ _ _ _ _ _ _ _ _ _ _ _ _ _ _ _ _ _ _ _ _ _ _ _ _ 

entries = [<DirEntry 'lean-toolchain'>, <DirEntry 'lakefile.toml'>, <DirEntry 'CapsuleFixture'>, <DirEntry 'CapsuleFixture.lean'>]
src = PosixPath('/tmp/ladon-candidate-07__zup1/source/tests/fixtures/theorem_capsule')
dst = PosixPath('/tmp/pytest-of-codex/pytest-753/test_replay_rejects_mutated_co0/repository')
symlinks = False, ignore = None
copy_function = <function copy2 at 0x77c2b3b2ec00>
ignore_dangling_symlinks = False, dirs_exist_ok = False

    def _copytree(entries, src, dst, symlinks, ignore, copy_function,
                  ignore_dangling_symlinks, dirs_exist_ok=False):
        if ignore is not None:
            ignored_names = ignore(os.fspath(src), [x.name for x in entries])
        else:
            ignored_names = ()
    
        os.makedirs(dst, exist_ok=dirs_exist_ok)
        errors = []
        use_srcentry = copy_function is copy2 or copy_function is copy
    
        for srcentry in entries:
            if srcentry.name in ignored_names:
                continue
            srcname = os.path.join(src, srcentry.name)
            dstname = os.path.join(dst, srcentry.name)
            srcobj = srcentry if use_srcentry else srcname
            try:
                is_symlink = srcentry.is_symlink()
                if is_symlink and os.name == 'nt':
                    # Special check for directory junctions, which appear as
                    # symlinks but we want to recurse.
                    lstat = srcentry.stat(follow_symlinks=False)
                    if lstat.st_reparse_tag == stat.IO_REPARSE_TAG_MOUNT_POINT:
                        is_symlink = False
                if is_symlink:
                    linkto = os.readlink(srcname)
                    if symlinks:
                        # We can't just leave it to `copy_function` because legacy
                        # code with a custom `copy_function` may rely on copytree
                        # doing the right thing.
                        os.symlink(linkto, dstname)
                        copystat(srcobj, dstname, follow_symlinks=not symlinks)
                    else:
                        # ignore dangling symlink if the flag is on
                        if not os.path.exists(linkto) and ignore_dangling_symlinks:
                            continue
                        # otherwise let the copy occur. copy2 will raise an error
                        if srcentry.is_dir():
                            copytree(srcobj, dstname, symlinks, ignore,
                                     copy_function, ignore_dangling_symlinks,
                                     dirs_exist_ok)
                        else:
                            copy_function(srcobj, dstname)
                elif srcentry.is_dir():
                    copytree(srcobj, dstname, symlinks, ignore, copy_function,
                             ignore_dangling_symlinks, dirs_exist_ok)
                else:
                    # Will raise a SpecialFileError for unsupported file types
                    copy_function(srcobj, dstname)
            # catch the Error from the recursive copytree so that we can
            # continue with other files
            except Error as err:
                errors.extend(err.args[0])
            except OSError as why:
                errors.append((srcname, dstname, str(why)))
        try:
            copystat(src, dst)
        except OSError as why:
            # Copying file access times may fail on Windows
            if getattr(why, 'winerror', None) is None:
                errors.append((src, dst, str(why)))
        if errors:
>           raise Error(errors)
E           shutil.Error: [('/tmp/ladon-candidate-07__zup1/source/tests/fixtures/theorem_capsule/lean-toolchain', '/tmp/pytest-of-codex/pytest-753/test_replay_rejects_mutated_co0/repository/lean-toolchain', '[Errno 122] Disk quota exceeded'), ('/tmp/ladon-candidate-07__zup1/source/tests/fixtures/theorem_capsule/lakefile.toml', '/tmp/pytest-of-codex/pytest-753/test_replay_rejects_mutated_co0/repository/lakefile.toml', '[Errno 122] Disk quota exceeded'), ('/tmp/ladon-candidate-07__zup1/source/tests/fixtures/theorem_capsule/CapsuleFixture/Large.lean', '/tmp/pytest-of-codex/pytest-753/test_replay_rejects_mutated_co0/repository/CapsuleFixture/Large.lean', '[Errno 122] Disk quota exceeded'), ('/tmp/ladon-candidate-07__zup1/source/tests/fixtures/theorem_capsule/CapsuleFixture/Base.lean', '/tmp/pytest-of-codex/pytest-753/test_replay_rejects_mutated_co0/repository/CapsuleFixture/Base.lean', '[Errno 122] Disk quota exceeded'), ('/tmp/ladon-candidate-07__zup1/source/tests/fixtures/theorem_capsule/CapsuleFixture.lean', '/tmp/pytest-of-codex/pytest-753/test_replay_rejects_mutated_co0/repository/CapsuleFixture.lean', '[Errno 122] Disk quota exceeded')]

/home/codex/miniconda3/lib/python3.11/shutil.py:527: Error
____________ ERROR at setup of test_replay_rejects_undeclared_file _____________

tmp_path = PosixPath('/tmp/pytest-of-codex/pytest-753/test_replay_rejects_undeclared0')

    @pytest.fixture
    def capsule_fixture(tmp_path: Path) -> tuple[Path, Path]:
        repository = tmp_path / "repository"
>       shutil.copytree(FIXTURE, repository)

tests/test_theorem_capsule_replay.py:25: 
_ _ _ _ _ _ _ _ _ _ _ _ _ _ _ _ _ _ _ _ _ _ _ _ _ _ _ _ _ _ _ _ _ _ _ _ _ _ _ _ 
/home/codex/miniconda3/lib/python3.11/shutil.py:573: in copytree
    return _copytree(entries=entries, src=src, dst=dst, symlinks=symlinks,
_ _ _ _ _ _ _ _ _ _ _ _ _ _ _ _ _ _ _ _ _ _ _ _ _ _ _ _ _ _ _ _ _ _ _ _ _ _ _ _ 

entries = [<DirEntry 'lean-toolchain'>, <DirEntry 'lakefile.toml'>, <DirEntry 'CapsuleFixture'>, <DirEntry 'CapsuleFixture.lean'>]
src = PosixPath('/tmp/ladon-candidate-07__zup1/source/tests/fixtures/theorem_capsule')
dst = PosixPath('/tmp/pytest-of-codex/pytest-753/test_replay_rejects_undeclared0/repository')
symlinks = False, ignore = None
copy_function = <function copy2 at 0x77c2b3b2ec00>
ignore_dangling_symlinks = False, dirs_exist_ok = False

    def _copytree(entries, src, dst, symlinks, ignore, copy_function,
                  ignore_dangling_symlinks, dirs_exist_ok=False):
        if ignore is not None:
            ignored_names = ignore(os.fspath(src), [x.name for x in entries])
        else:
            ignored_names = ()
    
        os.makedirs(dst, exist_ok=dirs_exist_ok)
        errors = []
        use_srcentry = copy_function is copy2 or copy_function is copy
    
        for srcentry in entries:
            if srcentry.name in ignored_names:
                continue
            srcname = os.path.join(src, srcentry.name)
            dstname = os.path.join(dst, srcentry.name)
            srcobj = srcentry if use_srcentry else srcname
            try:
                is_symlink = srcentry.is_symlink()
                if is_symlink and os.name == 'nt':
                    # Special check for directory junctions, which appear as
                    # symlinks but we want to recurse.
                    lstat = srcentry.stat(follow_symlinks=False)
                    if lstat.st_reparse_tag == stat.IO_REPARSE_TAG_MOUNT_POINT:
                        is_symlink = False
                if is_symlink:
                    linkto = os.readlink(srcname)
                    if symlinks:
                        # We can't just leave it to `copy_function` because legacy
                        # code with a custom `copy_function` may rely on copytree
                        # doing the right thing.
                        os.symlink(linkto, dstname)
                        copystat(srcobj, dstname, follow_symlinks=not symlinks)
                    else:
                        # ignore dangling symlink if the flag is on
                        if not os.path.exists(linkto) and ignore_dangling_symlinks:
                            continue
                        # otherwise let the copy occur. copy2 will raise an error
                        if srcentry.is_dir():
                            copytree(srcobj, dstname, symlinks, ignore,
                                     copy_function, ignore_dangling_symlinks,
                                     dirs_exist_ok)
                        else:
                            copy_function(srcobj, dstname)
                elif srcentry.is_dir():
                    copytree(srcobj, dstname, symlinks, ignore, copy_function,
                             ignore_dangling_symlinks, dirs_exist_ok)
                else:
                    # Will raise a SpecialFileError for unsupported file types
                    copy_function(srcobj, dstname)
            # catch the Error from the recursive copytree so that we can
            # continue with other files
            except Error as err:
                errors.extend(err.args[0])
            except OSError as why:
                errors.append((srcname, dstname, str(why)))
        try:
            copystat(src, dst)
        except OSError as why:
            # Copying file access times may fail on Windows
            if getattr(why, 'winerror', None) is None:
                errors.append((src, dst, str(why)))
        if errors:
>           raise Error(errors)
E           shutil.Error: [('/tmp/ladon-candidate-07__zup1/source/tests/fixtures/theorem_capsule/lean-toolchain', '/tmp/pytest-of-codex/pytest-753/test_replay_rejects_undeclared0/repository/lean-toolchain', '[Errno 122] Disk quota exceeded'), ('/tmp/ladon-candidate-07__zup1/source/tests/fixtures/theorem_capsule/lakefile.toml', '/tmp/pytest-of-codex/pytest-753/test_replay_rejects_undeclared0/repository/lakefile.toml', '[Errno 122] Disk quota exceeded'), ('/tmp/ladon-candidate-07__zup1/source/tests/fixtures/theorem_capsule/CapsuleFixture/Large.lean', '/tmp/pytest-of-codex/pytest-753/test_replay_rejects_undeclared0/repository/CapsuleFixture/Large.lean', '[Errno 122] Disk quota exceeded'), ('/tmp/ladon-candidate-07__zup1/source/tests/fixtures/theorem_capsule/CapsuleFixture/Base.lean', '/tmp/pytest-of-codex/pytest-753/test_replay_rejects_undeclared0/repository/CapsuleFixture/Base.lean', '[Errno 122] Disk quota exceeded'), ('/tmp/ladon-candidate-07__zup1/source/tests/fixtures/theorem_capsule/CapsuleFixture.lean', '/tmp/pytest-of-codex/pytest-753/test_replay_rejects_undeclared0/repository/CapsuleFixture.lean', '[Errno 122] Disk quota exceeded')]

/home/codex/miniconda3/lib/python3.11/shutil.py:527: Error
_____ ERROR at setup of test_replay_rejects_undeclared_symlink_before_lean _____

tmp_path = PosixPath('/tmp/pytest-of-codex/pytest-753/test_replay_rejects_undeclared1')

    @pytest.fixture
    def capsule_fixture(tmp_path: Path) -> tuple[Path, Path]:
        repository = tmp_path / "repository"
>       shutil.copytree(FIXTURE, repository)

tests/test_theorem_capsule_replay.py:25: 
_ _ _ _ _ _ _ _ _ _ _ _ _ _ _ _ _ _ _ _ _ _ _ _ _ _ _ _ _ _ _ _ _ _ _ _ _ _ _ _ 
/home/codex/miniconda3/lib/python3.11/shutil.py:573: in copytree
    return _copytree(entries=entries, src=src, dst=dst, symlinks=symlinks,
_ _ _ _ _ _ _ _ _ _ _ _ _ _ _ _ _ _ _ _ _ _ _ _ _ _ _ _ _ _ _ _ _ _ _ _ _ _ _ _ 

entries = [<DirEntry 'lean-toolchain'>, <DirEntry 'lakefile.toml'>, <DirEntry 'CapsuleFixture'>, <DirEntry 'CapsuleFixture.lean'>]
src = PosixPath('/tmp/ladon-candidate-07__zup1/source/tests/fixtures/theorem_capsule')
dst = PosixPath('/tmp/pytest-of-codex/pytest-753/test_replay_rejects_undeclared1/repository')
symlinks = False, ignore = None
copy_function = <function copy2 at 0x77c2b3b2ec00>
ignore_dangling_symlinks = False, dirs_exist_ok = False

    def _copytree(entries, src, dst, symlinks, ignore, copy_function,
                  ignore_dangling_symlinks, dirs_exist_ok=False):
        if ignore is not None:
            ignored_names = ignore(os.fspath(src), [x.name for x in entries])
        else:
            ignored_names = ()
    
        os.makedirs(dst, exist_ok=dirs_exist_ok)
        errors = []
        use_srcentry = copy_function is copy2 or copy_function is copy
    
        for srcentry in entries:
            if srcentry.name in ignored_names:
                continue
            srcname = os.path.join(src, srcentry.name)
            dstname = os.path.join(dst, srcentry.name)
            srcobj = srcentry if use_srcentry else srcname
            try:
                is_symlink = srcentry.is_symlink()
                if is_symlink and os.name == 'nt':
                    # Special check for directory junctions, which appear as
                    # symlinks but we want to recurse.
                    lstat = srcentry.stat(follow_symlinks=False)
                    if lstat.st_reparse_tag == stat.IO_REPARSE_TAG_MOUNT_POINT:
                        is_symlink = False
                if is_symlink:
                    linkto = os.readlink(srcname)
                    if symlinks:
                        # We can't just leave it to `copy_function` because legacy
                        # code with a custom `copy_function` may rely on copytree
                        # doing the right thing.
                        os.symlink(linkto, dstname)
                        copystat(srcobj, dstname, follow_symlinks=not symlinks)
                    else:
                        # ignore dangling symlink if the flag is on
                        if not os.path.exists(linkto) and ignore_dangling_symlinks:
                            continue
                        # otherwise let the copy occur. copy2 will raise an error
                        if srcentry.is_dir():
                            copytree(srcobj, dstname, symlinks, ignore,
                                     copy_function, ignore_dangling_symlinks,
                                     dirs_exist_ok)
                        else:
                            copy_function(srcobj, dstname)
                elif srcentry.is_dir():
                    copytree(srcobj, dstname, symlinks, ignore, copy_function,
                             ignore_dangling_symlinks, dirs_exist_ok)
                else:
                    # Will raise a SpecialFileError for unsupported file types
                    copy_function(srcobj, dstname)
            # catch the Error from the recursive copytree so that we can
            # continue with other files
            except Error as err:
                errors.extend(err.args[0])
            except OSError as why:
                errors.append((srcname, dstname, str(why)))
        try:
            copystat(src, dst)
        except OSError as why:
            # Copying file access times may fail on Windows
            if getattr(why, 'winerror', None) is None:
                errors.append((src, dst, str(why)))
        if errors:
>           raise Error(errors)
E           shutil.Error: [('/tmp/ladon-candidate-07__zup1/source/tests/fixtures/theorem_capsule/lean-toolchain', '/tmp/pytest-of-codex/pytest-753/test_replay_rejects_undeclared1/repository/lean-toolchain', '[Errno 122] Disk quota exceeded'), ('/tmp/ladon-candidate-07__zup1/source/tests/fixtures/theorem_capsule/lakefile.toml', '/tmp/pytest-of-codex/pytest-753/test_replay_rejects_undeclared1/repository/lakefile.toml', '[Errno 122] Disk quota exceeded'), ('/tmp/ladon-candidate-07__zup1/source/tests/fixtures/theorem_capsule/CapsuleFixture/Large.lean', '/tmp/pytest-of-codex/pytest-753/test_replay_rejects_undeclared1/repository/CapsuleFixture/Large.lean', '[Errno 122] Disk quota exceeded'), ('/tmp/ladon-candidate-07__zup1/source/tests/fixtures/theorem_capsule/CapsuleFixture/Base.lean', '/tmp/pytest-of-codex/pytest-753/test_replay_rejects_undeclared1/repository/CapsuleFixture/Base.lean', '[Errno 122] Disk quota exceeded'), ('/tmp/ladon-candidate-07__zup1/source/tests/fixtures/theorem_capsule/CapsuleFixture.lean', '/tmp/pytest-of-codex/pytest-753/test_replay_rejects_undeclared1/repository/CapsuleFixture.lean', '[Errno 122] Disk quota exceeded')]

/home/codex/miniconda3/lib/python3.11/shutil.py:527: Error
_ ERROR at setup of test_replay_rejects_resigned_toolchain_drift_against_plan __

tmp_path = PosixPath('/tmp/pytest-of-codex/pytest-753/test_replay_rejects_resigned_t0')

    @pytest.fixture
    def capsule_fixture(tmp_path: Path) -> tuple[Path, Path]:
        repository = tmp_path / "repository"
>       shutil.copytree(FIXTURE, repository)

tests/test_theorem_capsule_replay.py:25: 
_ _ _ _ _ _ _ _ _ _ _ _ _ _ _ _ _ _ _ _ _ _ _ _ _ _ _ _ _ _ _ _ _ _ _ _ _ _ _ _ 
/home/codex/miniconda3/lib/python3.11/shutil.py:573: in copytree
    return _copytree(entries=entries, src=src, dst=dst, symlinks=symlinks,
_ _ _ _ _ _ _ _ _ _ _ _ _ _ _ _ _ _ _ _ _ _ _ _ _ _ _ _ _ _ _ _ _ _ _ _ _ _ _ _ 

entries = [<DirEntry 'lean-toolchain'>, <DirEntry 'lakefile.toml'>, <DirEntry 'CapsuleFixture'>, <DirEntry 'CapsuleFixture.lean'>]
src = PosixPath('/tmp/ladon-candidate-07__zup1/source/tests/fixtures/theorem_capsule')
dst = PosixPath('/tmp/pytest-of-codex/pytest-753/test_replay_rejects_resigned_t0/repository')
symlinks = False, ignore = None
copy_function = <function copy2 at 0x77c2b3b2ec00>
ignore_dangling_symlinks = False, dirs_exist_ok = False

    def _copytree(entries, src, dst, symlinks, ignore, copy_function,
                  ignore_dangling_symlinks, dirs_exist_ok=False):
        if ignore is not None:
            ignored_names = ignore(os.fspath(src), [x.name for x in entries])
        else:
            ignored_names = ()
    
        os.makedirs(dst, exist_ok=dirs_exist_ok)
        errors = []
        use_srcentry = copy_function is copy2 or copy_function is copy
    
        for srcentry in entries:
            if srcentry.name in ignored_names:
                continue
            srcname = os.path.join(src, srcentry.name)
            dstname = os.path.join(dst, srcentry.name)
            srcobj = srcentry if use_srcentry else srcname
            try:
                is_symlink = srcentry.is_symlink()
                if is_symlink and os.name == 'nt':
                    # Special check for directory junctions, which appear as
                    # symlinks but we want to recurse.
                    lstat = srcentry.stat(follow_symlinks=False)
                    if lstat.st_reparse_tag == stat.IO_REPARSE_TAG_MOUNT_POINT:
                        is_symlink = False
                if is_symlink:
                    linkto = os.readlink(srcname)
                    if symlinks:
                        # We can't just leave it to `copy_function` because legacy
                        # code with a custom `copy_function` may rely on copytree
                        # doing the right thing.
                        os.symlink(linkto, dstname)
                        copystat(srcobj, dstname, follow_symlinks=not symlinks)
                    else:
                        # ignore dangling symlink if the flag is on
                        if not os.path.exists(linkto) and ignore_dangling_symlinks:
                            continue
                        # otherwise let the copy occur. copy2 will raise an error
                        if srcentry.is_dir():
                            copytree(srcobj, dstname, symlinks, ignore,
                                     copy_function, ignore_dangling_symlinks,
                                     dirs_exist_ok)
                        else:
                            copy_function(srcobj, dstname)
                elif srcentry.is_dir():
                    copytree(srcobj, dstname, symlinks, ignore, copy_function,
                             ignore_dangling_symlinks, dirs_exist_ok)
                else:
                    # Will raise a SpecialFileError for unsupported file types
                    copy_function(srcobj, dstname)
            # catch the Error from the recursive copytree so that we can
            # continue with other files
            except Error as err:
                errors.extend(err.args[0])
            except OSError as why:
                errors.append((srcname, dstname, str(why)))
        try:
            copystat(src, dst)
        except OSError as why:
            # Copying file access times may fail on Windows
            if getattr(why, 'winerror', None) is None:
                errors.append((src, dst, str(why)))
        if errors:
>           raise Error(errors)
E           shutil.Error: [('/tmp/ladon-candidate-07__zup1/source/tests/fixtures/theorem_capsule/lean-toolchain', '/tmp/pytest-of-codex/pytest-753/test_replay_rejects_resigned_t0/repository/lean-toolchain', '[Errno 122] Disk quota exceeded'), ('/tmp/ladon-candidate-07__zup1/source/tests/fixtures/theorem_capsule/lakefile.toml', '/tmp/pytest-of-codex/pytest-753/test_replay_rejects_resigned_t0/repository/lakefile.toml', '[Errno 122] Disk quota exceeded'), ('/tmp/ladon-candidate-07__zup1/source/tests/fixtures/theorem_capsule/CapsuleFixture/Large.lean', '/tmp/pytest-of-codex/pytest-753/test_replay_rejects_resigned_t0/repository/CapsuleFixture/Large.lean', '[Errno 122] Disk quota exceeded'), ('/tmp/ladon-candidate-07__zup1/source/tests/fixtures/theorem_capsule/CapsuleFixture/Base.lean', '/tmp/pytest-of-codex/pytest-753/test_replay_rejects_resigned_t0/repository/CapsuleFixture/Base.lean', '[Errno 122] Disk quota exceeded'), ('/tmp/ladon-candidate-07__zup1/source/tests/fixtures/theorem_capsule/CapsuleFixture.lean', '/tmp/pytest-of-codex/pytest-753/test_replay_rejects_resigned_t0/repository/CapsuleFixture.lean', '[Errno 122] Disk quota exceeded')]

/home/codex/miniconda3/lib/python3.11/shutil.py:527: Error
_______ ERROR at setup of test_replay_detects_structural_identity_change _______

tmp_path = PosixPath('/tmp/pytest-of-codex/pytest-753/test_replay_detects_structural0')

    @pytest.fixture
    def capsule_fixture(tmp_path: Path) -> tuple[Path, Path]:
        repository = tmp_path / "repository"
>       shutil.copytree(FIXTURE, repository)

tests/test_theorem_capsule_replay.py:25: 
_ _ _ _ _ _ _ _ _ _ _ _ _ _ _ _ _ _ _ _ _ _ _ _ _ _ _ _ _ _ _ _ _ _ _ _ _ _ _ _ 
/home/codex/miniconda3/lib/python3.11/shutil.py:573: in copytree
    return _copytree(entries=entries, src=src, dst=dst, symlinks=symlinks,
_ _ _ _ _ _ _ _ _ _ _ _ _ _ _ _ _ _ _ _ _ _ _ _ _ _ _ _ _ _ _ _ _ _ _ _ _ _ _ _ 

entries = [<DirEntry 'lean-toolchain'>, <DirEntry 'lakefile.toml'>, <DirEntry 'CapsuleFixture'>, <DirEntry 'CapsuleFixture.lean'>]
src = PosixPath('/tmp/ladon-candidate-07__zup1/source/tests/fixtures/theorem_capsule')
dst = PosixPath('/tmp/pytest-of-codex/pytest-753/test_replay_detects_structural0/repository')
symlinks = False, ignore = None
copy_function = <function copy2 at 0x77c2b3b2ec00>
ignore_dangling_symlinks = False, dirs_exist_ok = False

    def _copytree(entries, src, dst, symlinks, ignore, copy_function,
                  ignore_dangling_symlinks, dirs_exist_ok=False):
        if ignore is not None:
            ignored_names = ignore(os.fspath(src), [x.name for x in entries])
        else:
            ignored_names = ()
    
        os.makedirs(dst, exist_ok=dirs_exist_ok)
        errors = []
        use_srcentry = copy_function is copy2 or copy_function is copy
    
        for srcentry in entries:
            if srcentry.name in ignored_names:
                continue
            srcname = os.path.join(src, srcentry.name)
            dstname = os.path.join(dst, srcentry.name)
            srcobj = srcentry if use_srcentry else srcname
            try:
                is_symlink = srcentry.is_symlink()
                if is_symlink and os.name == 'nt':
                    # Special check for directory junctions, which appear as
                    # symlinks but we want to recurse.
                    lstat = srcentry.stat(follow_symlinks=False)
                    if lstat.st_reparse_tag == stat.IO_REPARSE_TAG_MOUNT_POINT:
                        is_symlink = False
                if is_symlink:
                    linkto = os.readlink(srcname)
                    if symlinks:
                        # We can't just leave it to `copy_function` because legacy
                        # code with a custom `copy_function` may rely on copytree
                        # doing the right thing.
                        os.symlink(linkto, dstname)
                        copystat(srcobj, dstname, follow_symlinks=not symlinks)
                    else:
                        # ignore dangling symlink if the flag is on
                        if not os.path.exists(linkto) and ignore_dangling_symlinks:
                            continue
                        # otherwise let the copy occur. copy2 will raise an error
                        if srcentry.is_dir():
                            copytree(srcobj, dstname, symlinks, ignore,
                                     copy_function, ignore_dangling_symlinks,
                                     dirs_exist_ok)
                        else:
                            copy_function(srcobj, dstname)
                elif srcentry.is_dir():
                    copytree(srcobj, dstname, symlinks, ignore, copy_function,
                             ignore_dangling_symlinks, dirs_exist_ok)
                else:
                    # Will raise a SpecialFileError for unsupported file types
                    copy_function(srcobj, dstname)
            # catch the Error from the recursive copytree so that we can
            # continue with other files
            except Error as err:
                errors.extend(err.args[0])
            except OSError as why:
                errors.append((srcname, dstname, str(why)))
        try:
            copystat(src, dst)
        except OSError as why:
            # Copying file access times may fail on Windows
            if getattr(why, 'winerror', None) is None:
                errors.append((src, dst, str(why)))
        if errors:
>           raise Error(errors)
E           shutil.Error: [('/tmp/ladon-candidate-07__zup1/source/tests/fixtures/theorem_capsule/lean-toolchain', '/tmp/pytest-of-codex/pytest-753/test_replay_detects_structural0/repository/lean-toolchain', '[Errno 122] Disk quota exceeded'), ('/tmp/ladon-candidate-07__zup1/source/tests/fixtures/theorem_capsule/lakefile.toml', '/tmp/pytest-of-codex/pytest-753/test_replay_detects_structural0/repository/lakefile.toml', '[Errno 122] Disk quota exceeded'), ('/tmp/ladon-candidate-07__zup1/source/tests/fixtures/theorem_capsule/CapsuleFixture/Large.lean', '/tmp/pytest-of-codex/pytest-753/test_replay_detects_structural0/repository/CapsuleFixture/Large.lean', '[Errno 122] Disk quota exceeded'), ('/tmp/ladon-candidate-07__zup1/source/tests/fixtures/theorem_capsule/CapsuleFixture/Base.lean', '/tmp/pytest-of-codex/pytest-753/test_replay_detects_structural0/repository/CapsuleFixture/Base.lean', '[Errno 122] Disk quota exceeded'), ('/tmp/ladon-candidate-07__zup1/source/tests/fixtures/theorem_capsule/CapsuleFixture.lean', '/tmp/pytest-of-codex/pytest-753/test_replay_detects_structural0/repository/CapsuleFixture.lean', '[Errno 122] Disk quota exceeded')]

/home/codex/miniconda3/lib/python3.11/shutil.py:527: Error
__ ERROR at setup of test_replay_classifies_process_timeout_as_resource_limit __

tmp_path = PosixPath('/tmp/pytest-of-codex/pytest-753/test_replay_classifies_process0')

    @pytest.fixture
    def capsule_fixture(tmp_path: Path) -> tuple[Path, Path]:
        repository = tmp_path / "repository"
>       shutil.copytree(FIXTURE, repository)

tests/test_theorem_capsule_replay.py:25: 
_ _ _ _ _ _ _ _ _ _ _ _ _ _ _ _ _ _ _ _ _ _ _ _ _ _ _ _ _ _ _ _ _ _ _ _ _ _ _ _ 
/home/codex/miniconda3/lib/python3.11/shutil.py:573: in copytree
    return _copytree(entries=entries, src=src, dst=dst, symlinks=symlinks,
_ _ _ _ _ _ _ _ _ _ _ _ _ _ _ _ _ _ _ _ _ _ _ _ _ _ _ _ _ _ _ _ _ _ _ _ _ _ _ _ 

entries = [<DirEntry 'lean-toolchain'>, <DirEntry 'lakefile.toml'>, <DirEntry 'CapsuleFixture'>, <DirEntry 'CapsuleFixture.lean'>]
src = PosixPath('/tmp/ladon-candidate-07__zup1/source/tests/fixtures/theorem_capsule')
dst = PosixPath('/tmp/pytest-of-codex/pytest-753/test_replay_classifies_process0/repository')
symlinks = False, ignore = None
copy_function = <function copy2 at 0x77c2b3b2ec00>
ignore_dangling_symlinks = False, dirs_exist_ok = False

    def _copytree(entries, src, dst, symlinks, ignore, copy_function,
                  ignore_dangling_symlinks, dirs_exist_ok=False):
        if ignore is not None:
            ignored_names = ignore(os.fspath(src), [x.name for x in entries])
        else:
            ignored_names = ()
    
        os.makedirs(dst, exist_ok=dirs_exist_ok)
        errors = []
        use_srcentry = copy_function is copy2 or copy_function is copy
    
        for srcentry in entries:
            if srcentry.name in ignored_names:
                continue
            srcname = os.path.join(src, srcentry.name)
            dstname = os.path.join(dst, srcentry.name)
            srcobj = srcentry if use_srcentry else srcname
            try:
                is_symlink = srcentry.is_symlink()
                if is_symlink and os.name == 'nt':
                    # Special check for directory junctions, which appear as
                    # symlinks but we want to recurse.
                    lstat = srcentry.stat(follow_symlinks=False)
                    if lstat.st_reparse_tag == stat.IO_REPARSE_TAG_MOUNT_POINT:
                        is_symlink = False
                if is_symlink:
                    linkto = os.readlink(srcname)
                    if symlinks:
                        # We can't just leave it to `copy_function` because legacy
                        # code with a custom `copy_function` may rely on copytree
                        # doing the right thing.
                        os.symlink(linkto, dstname)
                        copystat(srcobj, dstname, follow_symlinks=not symlinks)
                    else:
                        # ignore dangling symlink if the flag is on
                        if not os.path.exists(linkto) and ignore_dangling_symlinks:
                            continue
                        # otherwise let the copy occur. copy2 will raise an error
                        if srcentry.is_dir():
                            copytree(srcobj, dstname, symlinks, ignore,
                                     copy_function, ignore_dangling_symlinks,
                                     dirs_exist_ok)
                        else:
                            copy_function(srcobj, dstname)
                elif srcentry.is_dir():
                    copytree(srcobj, dstname, symlinks, ignore, copy_function,
                             ignore_dangling_symlinks, dirs_exist_ok)
                else:
                    # Will raise a SpecialFileError for unsupported file types
                    copy_function(srcobj, dstname)
            # catch the Error from the recursive copytree so that we can
            # continue with other files
            except Error as err:
                errors.extend(err.args[0])
            except OSError as why:
                errors.append((srcname, dstname, str(why)))
        try:
            copystat(src, dst)
        except OSError as why:
            # Copying file access times may fail on Windows
            if getattr(why, 'winerror', None) is None:
                errors.append((src, dst, str(why)))
        if errors:
>           raise Error(errors)
E           shutil.Error: [('/tmp/ladon-candidate-07__zup1/source/tests/fixtures/theorem_capsule/lean-toolchain', '/tmp/pytest-of-codex/pytest-753/test_replay_classifies_process0/repository/lean-toolchain', '[Errno 122] Disk quota exceeded'), ('/tmp/ladon-candidate-07__zup1/source/tests/fixtures/theorem_capsule/lakefile.toml', '/tmp/pytest-of-codex/pytest-753/test_replay_classifies_process0/repository/lakefile.toml', '[Errno 122] Disk quota exceeded'), ('/tmp/ladon-candidate-07__zup1/source/tests/fixtures/theorem_capsule/CapsuleFixture/Large.lean', '/tmp/pytest-of-codex/pytest-753/test_replay_classifies_process0/repository/CapsuleFixture/Large.lean', '[Errno 122] Disk quota exceeded'), ('/tmp/ladon-candidate-07__zup1/source/tests/fixtures/theorem_capsule/CapsuleFixture/Base.lean', '/tmp/pytest-of-codex/pytest-753/test_replay_classifies_process0/repository/CapsuleFixture/Base.lean', '[Errno 122] Disk quota exceeded'), ('/tmp/ladon-candidate-07__zup1/source/tests/fixtures/theorem_capsule/CapsuleFixture.lean', '/tmp/pytest-of-codex/pytest-753/test_replay_classifies_process0/repository/CapsuleFixture.lean', '[Errno 122] Disk quota exceeded')]

/home/codex/miniconda3/lib/python3.11/shutil.py:527: Error
_ ERROR at setup of test_installed_cli_refreshes_then_serves_a_warm_source_linked_route _

tmp_path = PosixPath('/tmp/pytest-of-codex/pytest-753/test_installed_cli_refreshes_t0')

    @pytest.fixture
    def compiled_repository(tmp_path: Path) -> Path:
        root = tmp_path / "repository"
>       shutil.copytree(FIXTURE, root, ignore=shutil.ignore_patterns(".lake", ".ladon"))

tests/test_theorem_lineage_integration.py:22: 
_ _ _ _ _ _ _ _ _ _ _ _ _ _ _ _ _ _ _ _ _ _ _ _ _ _ _ _ _ _ _ _ _ _ _ _ _ _ _ _ 
/home/codex/miniconda3/lib/python3.11/shutil.py:573: in copytree
    return _copytree(entries=entries, src=src, dst=dst, symlinks=symlinks,
_ _ _ _ _ _ _ _ _ _ _ _ _ _ _ _ _ _ _ _ _ _ _ _ _ _ _ _ _ _ _ _ _ _ _ _ _ _ _ _ 

entries = [<DirEntry 'lean-toolchain'>, <DirEntry 'lakefile.toml'>, <DirEntry 'CapsuleFixture'>, <DirEntry 'CapsuleFixture.lean'>]
src = PosixPath('/tmp/ladon-candidate-07__zup1/source/tests/fixtures/theorem_capsule')
dst = PosixPath('/tmp/pytest-of-codex/pytest-753/test_installed_cli_refreshes_t0/repository')
symlinks = False
ignore = <function ignore_patterns.<locals>._ignore_patterns at 0x77c2ae893c40>
copy_function = <function copy2 at 0x77c2b3b2ec00>
ignore_dangling_symlinks = False, dirs_exist_ok = False

    def _copytree(entries, src, dst, symlinks, ignore, copy_function,
                  ignore_dangling_symlinks, dirs_exist_ok=False):
        if ignore is not None:
            ignored_names = ignore(os.fspath(src), [x.name for x in entries])
        else:
            ignored_names = ()
    
        os.makedirs(dst, exist_ok=dirs_exist_ok)
        errors = []
        use_srcentry = copy_function is copy2 or copy_function is copy
    
        for srcentry in entries:
            if srcentry.name in ignored_names:
                continue
            srcname = os.path.join(src, srcentry.name)
            dstname = os.path.join(dst, srcentry.name)
            srcobj = srcentry if use_srcentry else srcname
            try:
                is_symlink = srcentry.is_symlink()
                if is_symlink and os.name == 'nt':
                    # Special check for directory junctions, which appear as
                    # symlinks but we want to recurse.
                    lstat = srcentry.stat(follow_symlinks=False)
                    if lstat.st_reparse_tag == stat.IO_REPARSE_TAG_MOUNT_POINT:
                        is_symlink = False
                if is_symlink:
                    linkto = os.readlink(srcname)
                    if symlinks:
                        # We can't just leave it to `copy_function` because legacy
                        # code with a custom `copy_function` may rely on copytree
                        # doing the right thing.
                        os.symlink(linkto, dstname)
                        copystat(srcobj, dstname, follow_symlinks=not symlinks)
                    else:
                        # ignore dangling symlink if the flag is on
                        if not os.path.exists(linkto) and ignore_dangling_symlinks:
                            continue
                        # otherwise let the copy occur. copy2 will raise an error
                        if srcentry.is_dir():
                            copytree(srcobj, dstname, symlinks, ignore,
                                     copy_function, ignore_dangling_symlinks,
                                     dirs_exist_ok)
                        else:
                            copy_function(srcobj, dstname)
                elif srcentry.is_dir():
                    copytree(srcobj, dstname, symlinks, ignore, copy_function,
                             ignore_dangling_symlinks, dirs_exist_ok)
                else:
                    # Will raise a SpecialFileError for unsupported file types
                    copy_function(srcobj, dstname)
            # catch the Error from the recursive copytree so that we can
            # continue with other files
            except Error as err:
                errors.extend(err.args[0])
            except OSError as why:
                errors.append((srcname, dstname, str(why)))
        try:
            copystat(src, dst)
        except OSError as why:
            # Copying file access times may fail on Windows
            if getattr(why, 'winerror', None) is None:
                errors.append((src, dst, str(why)))
        if errors:
>           raise Error(errors)
E           shutil.Error: [('/tmp/ladon-candidate-07__zup1/source/tests/fixtures/theorem_capsule/lean-toolchain', '/tmp/pytest-of-codex/pytest-753/test_installed_cli_refreshes_t0/repository/lean-toolchain', '[Errno 122] Disk quota exceeded'), ('/tmp/ladon-candidate-07__zup1/source/tests/fixtures/theorem_capsule/lakefile.toml', '/tmp/pytest-of-codex/pytest-753/test_installed_cli_refreshes_t0/repository/lakefile.toml', '[Errno 122] Disk quota exceeded'), ('/tmp/ladon-candidate-07__zup1/source/tests/fixtures/theorem_capsule/CapsuleFixture/Large.lean', '/tmp/pytest-of-codex/pytest-753/test_installed_cli_refreshes_t0/repository/CapsuleFixture/Large.lean', '[Errno 122] Disk quota exceeded'), ('/tmp/ladon-candidate-07__zup1/source/tests/fixtures/theorem_capsule/CapsuleFixture/Base.lean', '/tmp/pytest-of-codex/pytest-753/test_installed_cli_refreshes_t0/repository/CapsuleFixture/Base.lean', '[Errno 122] Disk quota exceeded'), ('/tmp/ladon-candidate-07__zup1/source/tests/fixtures/theorem_capsule/CapsuleFixture.lean', '/tmp/pytest-of-codex/pytest-753/test_installed_cli_refreshes_t0/repository/CapsuleFixture.lean', '[Errno 122] Disk quota exceeded')]

/home/codex/miniconda3/lib/python3.11/shutil.py:527: Error
=================================== FAILURES ===================================
___________ test_real_helper_supplies_exact_check_and_axiom_results ____________

tmp_path = PosixPath('/tmp/pytest-of-codex/pytest-753/test_real_helper_supplies_exac0')

    @pytest.mark.skipif(shutil.which("lake") is None, reason="lake is unavailable")
    def test_real_helper_supplies_exact_check_and_axiom_results(
        tmp_path: Path,
    ) -> None:
        fixture = built_real_fixture(tmp_path)
        source_path = fixture / "LadonDeclarationFixture.lean"
>       payload = run_elaborated_helper(
            fixture,
            source_path,
            "LadonDeclarationFixture",
        )

tests/test_audit_enrichment.py:137: 
_ _ _ _ _ _ _ _ _ _ _ _ _ _ _ _ _ _ _ _ _ _ _ _ _ _ _ _ _ _ _ _ _ _ _ _ _ _ _ _ 

repo_root = PosixPath('/tmp/pytest-of-codex/pytest-753/test_real_helper_supplies_exac0/lean_declarations')
file_path = PosixPath('/tmp/pytest-of-codex/pytest-753/test_real_helper_supplies_exac0/lean_declarations/LadonDeclarationFixture.lean')
module = 'LadonDeclarationFixture'

    def run_elaborated_helper(
        repo_root: Path,
        file_path: Path,
        module: str,
        *,
        helper_path: Path = DEFAULT_ELABORATED_HELPER,
        timeout_seconds: float = 120.0,
        cancel_event: threading.Event | None = None,
    ) -> dict[str, Any]:
        """Run the elaborated helper and parse its JSON suffix."""
    
        relative = str(file_path.relative_to(repo_root))
        execution = prepare_direct_lean_execution(
            repo_root,
            module,
            None,
            require_compiled_module=True,
        )
        process = run_target_process(
            [
                *execution.command,
                "--run",
                str(helper_path),
                module,
                relative,
            ],
            cwd=repo_root,
            env=execution.environment,
            timeout_seconds=timeout_seconds,
            cancel_event=cancel_event,
        )
        if not process.succeeded:
            details = (process.stderr or process.stdout).strip()
            outcome = "timed out" if process.timed_out else "failed"
>           raise RuntimeError(
                f"Lean elaborated helper {outcome} for {relative}: {details}"
            )
E           RuntimeError: Lean elaborated helper failed for LadonDeclarationFixture.lean: info: Version 4.2.4 of elan is available! Use `elan self update` to update.
E           info: downloading https://releases.lean-lang.org/lean4/v4.32.1/lean-4.32.1-linux.tar.zst
E           info: installing /tmp/ladon-clean-gate-5_kyhnnq/home/.elan/toolchains/leanprover--lean4---v4.32.1
E           error: failed to extract package
E           info: caused by: failed to unpack `lean-4.32.1-linux/lib/lean/Lean/Meta/Tactic/Grind/AC/Eq.olean` into `/tmp/ladon-clean-gate-5_kyhnnq/home/.elan/toolchains/leanprover--lean4---v4.32.tmp/lib/lean/Lean/Meta/Tactic/Grind/AC/Eq.olean`
E           info: caused by: Quota exceeded (os error 122)

/tmp/ladon-clean-gate-5_kyhnnq/environment/lib/python3.11/site-packages/ladon/elaborated_extraction.py:183: RuntimeError
_____ test_console_discovers_and_checks_imported_lemma[repository-stored] ______

tmp_path = PosixPath('/tmp/pytest-of-codex/pytest-753/test_console_discovers_and_che0')
scope = 'repository', freshness = 'stored'

    @pytest.mark.skipif(shutil.which("lake") is None, reason="Lean toolchain unavailable")
    @pytest.mark.parametrize(("scope", "freshness"), [("repository", "stored"), ("module", "verify")])
    def test_console_discovers_and_checks_imported_lemma(
        tmp_path: Path, scope: str, freshness: str,
    ) -> None:
        repository = tmp_path / "repo"
        repository.mkdir()
        fixture = Path(__file__).parent / "fixtures" / "lean_integration"
        shutil.copyfile(fixture / "lean-toolchain", repository / "lean-toolchain")
        (repository / "lakefile.toml").write_text(
            'name = "discovery_scope"\nversion = "0.1.0"\n'
            'defaultTargets = ["Main"]\n[[lean_lib]]\nname = "Main"\n'
            '[[lean_lib]]\nname = "Helpers"\n',
            encoding="utf-8",
        )
        (repository / "Helpers.lean").write_text(
            "namespace Helpers\ntheorem useful : True := True.intro\nend Helpers\n",
            encoding="utf-8",
        )
        (repository / "Main.lean").write_text(
            "import Helpers\nnamespace Main\ntheorem localFact : True := True.intro\nend Main\n",
            encoding="utf-8",
        )
        _run(["lake", "build"], repository)
        console = os.environ.get("LADON_CONSOLE", str(Path(sys.executable).with_name("ladon")))
        common = ["--repo-root", str(repository), "--format", "json"]
        _run([console, "proof-search", "index", "build", *common], tmp_path)
        command = [
            console, "proof-search", "discover", *common,
            "--module", "Main", "--goal", "True", "--pattern", "True",
            "--scope", scope, "--freshness", freshness,
            "--max-candidates", "1", "--scratch-mode", "advisory", "--projection", "audit",
        ]
        if scope == "module":
            command.extend(["--root", "Helpers"])
    
>       result = json.loads(_run(command, tmp_path).stdout)
                            ^^^^^^^^^^^^^^^^^^^^^^^

tests/test_discovery_scope_lean_integration.py:57: 
_ _ _ _ _ _ _ _ _ _ _ _ _ _ _ _ _ _ _ _ _ _ _ _ _ _ _ _ _ _ _ _ _ _ _ _ _ _ _ _ 

command = ['/tmp/ladon-clean-gate-5_kyhnnq/environment/bin/ladon', 'proof-search', 'discover', '--repo-root', '/tmp/pytest-of-codex/pytest-753/test_console_discovers_and_che0/repo', '--format', ...]
cwd = PosixPath('/tmp/pytest-of-codex/pytest-753/test_console_discovers_and_che0')

    def _run(command: list[str], cwd: Path) -> subprocess.CompletedProcess[str]:
        completed = subprocess.run(
            command, cwd=cwd, text=True, capture_output=True, timeout=120, check=False,
        )
>       assert completed.returncode == 0, completed.stdout + completed.stderr
E       AssertionError: {"diagnostic":{"code":"toolchain-unavailable","message":"cannot inspect lake version: timed out","remediation":"Run 'ladon doctor --json' and correct the reported Lean/Lake posture."},"exitClass":"operational","exitCode":1,"operation":"discover","schema":"ladon-proof-search-terminal-v1","status":"failed"}
E         
E       assert 1 == 0
E        +  where 1 = CompletedProcess(args=['/tmp/ladon-clean-gate-5_kyhnnq/environment/bin/ladon', 'proof-search', 'discover', '--repo-roo...ass":"operational","exitCode":1,"operation":"discover","schema":"ladon-proof-search-terminal-v1","status":"failed"}\n').returncode

tests/test_discovery_scope_lean_integration.py:17: AssertionError
_______ test_console_discovers_and_checks_imported_lemma[module-verify] ________

tmp_path = PosixPath('/tmp/pytest-of-codex/pytest-753/test_console_discovers_and_che1')
scope = 'module', freshness = 'verify'

    @pytest.mark.skipif(shutil.which("lake") is None, reason="Lean toolchain unavailable")
    @pytest.mark.parametrize(("scope", "freshness"), [("repository", "stored"), ("module", "verify")])
    def test_console_discovers_and_checks_imported_lemma(
        tmp_path: Path, scope: str, freshness: str,
    ) -> None:
        repository = tmp_path / "repo"
        repository.mkdir()
        fixture = Path(__file__).parent / "fixtures" / "lean_integration"
        shutil.copyfile(fixture / "lean-toolchain", repository / "lean-toolchain")
        (repository / "lakefile.toml").write_text(
            'name = "discovery_scope"\nversion = "0.1.0"\n'
            'defaultTargets = ["Main"]\n[[lean_lib]]\nname = "Main"\n'
            '[[lean_lib]]\nname = "Helpers"\n',
            encoding="utf-8",
        )
        (repository / "Helpers.lean").write_text(
            "namespace Helpers\ntheorem useful : True := True.intro\nend Helpers\n",
            encoding="utf-8",
        )
        (repository / "Main.lean").write_text(
            "import Helpers\nnamespace Main\ntheorem localFact : True := True.intro\nend Main\n",
            encoding="utf-8",
        )
        _run(["lake", "build"], repository)
        console = os.environ.get("LADON_CONSOLE", str(Path(sys.executable).with_name("ladon")))
        common = ["--repo-root", str(repository), "--format", "json"]
        _run([console, "proof-search", "index", "build", *common], tmp_path)
        command = [
            console, "proof-search", "discover", *common,
            "--module", "Main", "--goal", "True", "--pattern", "True",
            "--scope", scope, "--freshness", freshness,
            "--max-candidates", "1", "--scratch-mode", "advisory", "--projection", "audit",
        ]
        if scope == "module":
            command.extend(["--root", "Helpers"])
    
>       result = json.loads(_run(command, tmp_path).stdout)
                            ^^^^^^^^^^^^^^^^^^^^^^^

tests/test_discovery_scope_lean_integration.py:57: 
_ _ _ _ _ _ _ _ _ _ _ _ _ _ _ _ _ _ _ _ _ _ _ _ _ _ _ _ _ _ _ _ _ _ _ _ _ _ _ _ 

command = ['/tmp/ladon-clean-gate-5_kyhnnq/environment/bin/ladon', 'proof-search', 'discover', '--repo-root', '/tmp/pytest-of-codex/pytest-753/test_console_discovers_and_che1/repo', '--format', ...]
cwd = PosixPath('/tmp/pytest-of-codex/pytest-753/test_console_discovers_and_che1')

    def _run(command: list[str], cwd: Path) -> subprocess.CompletedProcess[str]:
        completed = subprocess.run(
            command, cwd=cwd, text=True, capture_output=True, timeout=120, check=False,
        )
>       assert completed.returncode == 0, completed.stdout + completed.stderr
E       AssertionError: {"diagnostic":{"code":"toolchain-unavailable","message":"cannot inspect lake version: failed or exceeded output bounds","remediation":"Run 'ladon doctor --json' and correct the reported Lean/Lake posture."},"exitClass":"operational","exitCode":1,"operation":"discover","schema":"ladon-proof-search-terminal-v1","status":"failed"}
E         
E       assert 1 == 0
E        +  where 1 = CompletedProcess(args=['/tmp/ladon-clean-gate-5_kyhnnq/environment/bin/ladon', 'proof-search', 'discover', '--repo-roo...ass":"operational","exitCode":1,"operation":"discover","schema":"ladon-proof-search-terminal-v1","status":"failed"}\n').returncode

tests/test_discovery_scope_lean_integration.py:17: AssertionError
______________ test_default_ambient_scratch_receipt_is_expandable ______________

tmp_path = PosixPath('/tmp/pytest-of-codex/pytest-753/test_default_ambient_scratch_r0')

    @pytest.mark.skipif(shutil.which('lake') is None, reason='Lean toolchain unavailable')
    def test_default_ambient_scratch_receipt_is_expandable(tmp_path: Path) -> None:
        store = tmp_path / 'evidence.sqlite'
        command = [sys.executable, '-m', 'ladon.entrypoint', 'proof-search', 'discover',
                   '--repo-root', str(FIXTURE), '--module', 'LadonFixture',
                   '--goal', '∀ value : Nat, value = value', '--candidate', 'LadonFixture.fixtureIdentity',
                   '--scratch-mode', 'advisory', '--toolchain-mode', 'ambient',
                   '--evidence-store', str(store), '--format', 'json']
        result = subprocess.run(command, cwd=ROOT, capture_output=True, text=True, timeout=60, check=False)
>       assert result.returncode == 0, result.stderr
E       AssertionError: {"diagnostic":{"code":"toolchain-unavailable","message":"cannot inspect lake version: failed or exceeded output bounds","remediation":"Run 'ladon doctor --json' and correct the reported Lean/Lake posture."},"exitClass":"operational","exitCode":1,"operation":"discover","schema":"ladon-proof-search-terminal-v1","status":"failed"}
E         
E       assert 1 == 0
E        +  where 1 = CompletedProcess(args=['/tmp/ladon-clean-gate-5_kyhnnq/environment/bin/python3', '-m', 'ladon.entrypoint', 'proof-sear...ass":"operational","exitCode":1,"operation":"discover","schema":"ladon-proof-search-terminal-v1","status":"failed"}\n').returncode

tests/test_semantic_candidate_lean_integration.py:26: AssertionError
___________ test_installed_cli_emits_batch_closed_semantic_evidence ____________

    @pytest.mark.skipif(shutil.which("lake") is None, reason="Lean toolchain unavailable")
    def test_installed_cli_emits_batch_closed_semantic_evidence() -> None:
        completed = subprocess.run(
            [
                sys.executable,
                "-m",
                "ladon.entrypoint",
                "proof-search",
                "check",
                "candidate",
                "--repo-root",
                str(FIXTURE),
                "--module",
                "LadonFixture",
                "--goal",
                "∀ value : Nat, value = value",
                "--candidate",
                "LadonFixture.fixtureIdentity",
                "--timeout-seconds",
                "30",
                "--max-rss-mib",
                "4096",
                "--projection",
                "audit",
                "--format",
                "json",
            ],
            cwd=ROOT,
            text=True,
            capture_output=True,
            check=False,
        )
    
>       assert completed.returncode == 0, completed.stderr
E       AssertionError: {"diagnostic":{"code":"toolchain-unavailable","message":"cannot inspect lake version: failed or exceeded output bounds","remediation":"Run 'ladon doctor --json' and correct the reported Lean/Lake posture."},"exitClass":"operational","exitCode":1,"operation":"check.candidate","schema":"ladon-proof-search-terminal-v1","status":"failed"}
E         
E       assert 1 == 0
E        +  where 1 = CompletedProcess(args=['/tmp/ladon-clean-gate-5_kyhnnq/environment/bin/python3', '-m', 'ladon.entrypoint', 'proof-sear...perational","exitCode":1,"operation":"check.candidate","schema":"ladon-proof-search-terminal-v1","status":"failed"}\n').returncode

tests/test_semantic_candidate_lean_integration.py:77: AssertionError
_______ test_installed_cli_default_projection_is_compact_and_expandable ________

tmp_path = PosixPath('/tmp/pytest-of-codex/pytest-753/test_installed_cli_default_pro0')

    @pytest.mark.skipif(shutil.which("lake") is None, reason="Lean toolchain unavailable")
    def test_installed_cli_default_projection_is_compact_and_expandable(tmp_path: Path) -> None:
        evidence_store = tmp_path / "semantic-evidence.sqlite"
        command = [
            sys.executable,
            "-m",
            "ladon.entrypoint",
            "proof-search",
            "check",
            "candidate",
            "--repo-root",
            str(FIXTURE),
            "--module",
            "LadonFixture",
            "--goal",
            "∀ value : Nat, value = value",
            "--candidate",
            "LadonFixture.fixtureIdentity",
            "--timeout-seconds",
            "30",
            "--max-rss-mib",
            "4096",
            "--evidence-store",
            str(evidence_store),
            "--format",
            "json",
        ]
    
        completed = subprocess.run(
            command,
            cwd=ROOT,
            text=True,
            capture_output=True,
            check=False,
        )
    
>       assert completed.returncode == 0, completed.stderr
E       AssertionError: {"diagnostic":{"code":"toolchain-unavailable","message":"cannot inspect lake version: failed or exceeded output bounds","remediation":"Run 'ladon doctor --json' and correct the reported Lean/Lake posture."},"exitClass":"operational","exitCode":1,"operation":"check.candidate","schema":"ladon-proof-search-terminal-v1","status":"failed"}
E         
E       assert 1 == 0
E        +  where 1 = CompletedProcess(args=['/tmp/ladon-clean-gate-5_kyhnnq/environment/bin/python3', '-m', 'ladon.entrypoint', 'proof-sear...perational","exitCode":1,"operation":"check.candidate","schema":"ladon-proof-search-terminal-v1","status":"failed"}\n').returncode

tests/test_semantic_candidate_lean_integration.py:126: AssertionError
________ test_discovery_batches_candidates_and_replays_selected_scratch ________

    @pytest.mark.skipif(shutil.which("lake") is None, reason="Lean toolchain unavailable")
    def test_discovery_batches_candidates_and_replays_selected_scratch() -> None:
        completed = subprocess.run(
            [
                sys.executable,
                "-m",
                "ladon.entrypoint",
                "proof-search",
                "discover",
                "--repo-root",
                str(FIXTURE),
                "--module",
                "LadonFixture",
                "--goal",
                "∀ value : Nat, value = value",
                "--candidate",
                "LadonFixture.fixtureIdentity",
                "--candidate",
                "LadonFixture.noSuch",
                "--timeout-seconds",
                "30",
                "--max-rss-mib",
                "4096",
                "--scratch-mode",
                "advisory",
                "--projection",
                "audit",
                "--format",
                "json",
            ],
            cwd=ROOT,
            text=True,
            capture_output=True,
            check=False,
        )
>       assert completed.returncode == 0, completed.stderr
E       AssertionError: {"diagnostic":{"code":"toolchain-unavailable","message":"cannot inspect lake version: failed or exceeded output bounds","remediation":"Run 'ladon doctor --json' and correct the reported Lean/Lake posture."},"exitClass":"operational","exitCode":1,"operation":"discover","schema":"ladon-proof-search-terminal-v1","status":"failed"}
E         
E       assert 1 == 0
E        +  where 1 = CompletedProcess(args=['/tmp/ladon-clean-gate-5_kyhnnq/environment/bin/python3', '-m', 'ladon.entrypoint', 'proof-sear...ass":"operational","exitCode":1,"operation":"discover","schema":"ladon-proof-search-terminal-v1","status":"failed"}\n').returncode

tests/test_semantic_candidate_lean_integration.py:198: AssertionError
________ test_discovery_default_is_compact_and_does_not_replay_scratch _________

tmp_path = PosixPath('/tmp/pytest-of-codex/pytest-753/test_discovery_default_is_comp0')

    @pytest.mark.skipif(shutil.which("lake") is None, reason="Lean toolchain unavailable")
    def test_discovery_default_is_compact_and_does_not_replay_scratch(tmp_path: Path) -> None:
        completed = subprocess.run(
            [
                sys.executable,
                "-m",
                "ladon.entrypoint",
                "proof-search",
                "discover",
                "--repo-root",
                str(FIXTURE),
                "--module",
                "LadonFixture",
                "--goal",
                "∀ value : Nat, value = value",
                "--candidate",
                "LadonFixture.fixtureIdentity",
                "--timeout-seconds",
                "30",
                "--max-rss-mib",
                "4096",
                "--evidence-store",
                str(tmp_path / "semantic-evidence.sqlite"),
                "--format",
                "json",
            ],
            cwd=ROOT,
            text=True,
            capture_output=True,
            check=False,
        )
    
>       assert completed.returncode == 0, completed.stderr
E       AssertionError: {"diagnostic":{"code":"toolchain-unavailable","message":"cannot inspect lake version: failed or exceeded output bounds","remediation":"Run 'ladon doctor --json' and correct the reported Lean/Lake posture."},"exitClass":"operational","exitCode":1,"operation":"discover","schema":"ladon-proof-search-terminal-v1","status":"failed"}
E         
E       assert 1 == 0
E        +  where 1 = CompletedProcess(args=['/tmp/ladon-clean-gate-5_kyhnnq/environment/bin/python3', '-m', 'ladon.entrypoint', 'proof-sear...ass":"operational","exitCode":1,"operation":"discover","schema":"ladon-proof-search-terminal-v1","status":"failed"}\n').returncode

tests/test_semantic_candidate_lean_integration.py:240: AssertionError
_______________ test_installed_cli_accepts_caller_local_context ________________

    @pytest.mark.skipif(shutil.which("lake") is None, reason="Lean toolchain unavailable")
    def test_installed_cli_accepts_caller_local_context() -> None:
        completed = subprocess.run(
            [
                sys.executable,
                "-m",
                "ladon.entrypoint",
                "proof-search",
                "discover",
                "--repo-root",
                str(FIXTURE),
                "--module",
                "LadonFixture",
                "--goal",
                "value = value",
                "--local",
                "value:Nat",
                "--candidate",
                "LadonFixture.fixtureIdentity",
                "--timeout-seconds",
                "30",
                "--max-rss-mib",
                "4096",
                "--projection",
                "audit",
                "--format",
                "json",
            ],
            cwd=ROOT,
            text=True,
            capture_output=True,
            check=False,
        )
>       assert completed.returncode == 0, completed.stderr
E       AssertionError: {"diagnostic":{"code":"toolchain-unavailable","message":"cannot inspect lake version: failed or exceeded output bounds","remediation":"Run 'ladon doctor --json' and correct the reported Lean/Lake posture."},"exitClass":"operational","exitCode":1,"operation":"discover","schema":"ladon-proof-search-terminal-v1","status":"failed"}
E         
E       assert 1 == 0
E        +  where 1 = CompletedProcess(args=['/tmp/ladon-clean-gate-5_kyhnnq/environment/bin/python3', '-m', 'ladon.entrypoint', 'proof-sear...ass":"operational","exitCode":1,"operation":"discover","schema":"ladon-proof-search-terminal-v1","status":"failed"}\n').returncode

tests/test_semantic_candidate_lean_integration.py:281: AssertionError
_________ test_lean_owned_name_parser_accepts_unicode_declaration_name _________

    @pytest.mark.skipif(shutil.which("lake") is None, reason="Lean toolchain unavailable")
    def test_lean_owned_name_parser_accepts_unicode_declaration_name() -> None:
        completed = subprocess.run(
            [
                sys.executable,
                "-m",
                "ladon.entrypoint",
                "proof-search",
                "check",
                "candidate",
                "--repo-root",
                str(FIXTURE),
                "--module",
                "LadonFixture",
                "--goal",
                "∀ value : Nat, value = value",
                "--candidate",
                "LadonFixture.identité",
                "--timeout-seconds",
                "30",
                "--max-rss-mib",
                "4096",
                "--projection",
                "audit",
                "--format",
                "json",
            ],
            cwd=ROOT,
            text=True,
            capture_output=True,
            check=False,
        )
>       assert completed.returncode == 0, completed.stderr
E       AssertionError: {"diagnostic":{"code":"toolchain-unavailable","message":"cannot inspect lake version: failed or exceeded output bounds","remediation":"Run 'ladon doctor --json' and correct the reported Lean/Lake posture."},"exitClass":"operational","exitCode":1,"operation":"check.candidate","schema":"ladon-proof-search-terminal-v1","status":"failed"}
E         
E       assert 1 == 0
E        +  where 1 = CompletedProcess(args=['/tmp/ladon-clean-gate-5_kyhnnq/environment/bin/python3', '-m', 'ladon.entrypoint', 'proof-sear...perational","exitCode":1,"operation":"check.candidate","schema":"ladon-proof-search-terminal-v1","status":"failed"}\n').returncode

tests/test_semantic_candidate_lean_integration.py:319: AssertionError
___________ test_worker_preserves_complete_introduced_local_context ____________

    @pytest.mark.skipif(shutil.which("lake") is None, reason="Lean toolchain unavailable")
    def test_worker_preserves_complete_introduced_local_context() -> None:
        completed = subprocess.run(
            [
                sys.executable,
                "-m",
                "ladon.entrypoint",
                "proof-search",
                "check",
                "candidate",
                "--repo-root",
                str(FIXTURE),
                "--module",
                "LadonFixture",
                "--goal",
                "∀ x y : Nat, x = x",
                "--candidate",
                "LadonFixture.twoIdentity",
                "--timeout-seconds",
                "30",
                "--max-rss-mib",
                "4096",
                "--projection",
                "audit",
                "--format",
                "json",
            ],
            cwd=ROOT,
            text=True,
            capture_output=True,
            check=False,
        )
>       assert completed.returncode == 0, completed.stderr
E       AssertionError: {"diagnostic":{"code":"toolchain-unavailable","message":"cannot inspect lake version: failed or exceeded output bounds","remediation":"Run 'ladon doctor --json' and correct the reported Lean/Lake posture."},"exitClass":"operational","exitCode":1,"operation":"check.candidate","schema":"ladon-proof-search-terminal-v1","status":"failed"}
E         
E       assert 1 == 0
E        +  where 1 = CompletedProcess(args=['/tmp/ladon-clean-gate-5_kyhnnq/environment/bin/python3', '-m', 'ladon.entrypoint', 'proof-sear...perational","exitCode":1,"operation":"check.candidate","schema":"ladon-proof-search-terminal-v1","status":"failed"}\n').returncode

tests/test_semantic_candidate_lean_integration.py:356: AssertionError
_________ test_theorem_query_accepts_worker_candidate_declaration_name _________

    @pytest.mark.skipif(shutil.which("lake") is None, reason="Lean toolchain unavailable")
    def test_theorem_query_accepts_worker_candidate_declaration_name() -> None:
        import sqlite3
    
        from ladon.proofir_sqlite_v3 import project_envelopes
        from ladon.proofir_v3_queries import query_v3_theorem_evidence
        from ladon.semantic_candidate_worker import SemanticCandidateRequest, check_semantic_candidate
    
        result = check_semantic_candidate(
            SemanticCandidateRequest(
                FIXTURE,
                "LadonFixture",
                "∀ value : Nat, value = value",
                "LadonFixture.fixtureIdentity",
            )
        )
>       assert result.status == "accepted"
E       AssertionError: assert 'failed-checker' == 'accepted'
E         
E         - accepted
E         + failed-checker

tests/test_semantic_candidate_lean_integration.py:385: AssertionError
_______ test_lean_application_emits_substitutions_residuals_and_context ________

    @pytest.mark.skipif(shutil.which("lake") is None, reason="Lean toolchain unavailable")
    def test_lean_application_emits_substitutions_residuals_and_context() -> None:
        completed = subprocess.run(
            [
                sys.executable,
                "-m",
                "ladon.entrypoint",
                "proof-search",
                "check",
                "candidate",
                "--repo-root",
                str(FIXTURE),
                "--module",
                "LadonFixture",
                "--goal",
                "True ∧ True",
                "--candidate",
                "And.intro",
                "--timeout-seconds",
                "30",
                "--max-rss-mib",
                "4096",
                "--projection",
                "audit",
                "--format",
                "json",
            ],
            cwd=ROOT,
            text=True,
            capture_output=True,
            check=False,
        )
    
>       assert completed.returncode == 0, completed.stderr
E       AssertionError: {"diagnostic":{"code":"toolchain-unavailable","message":"cannot inspect lake version: failed or exceeded output bounds","remediation":"Run 'ladon doctor --json' and correct the reported Lean/Lake posture."},"exitClass":"operational","exitCode":1,"operation":"check.candidate","schema":"ladon-proof-search-terminal-v1","status":"failed"}
E         
E       assert 1 == 0
E        +  where 1 = CompletedProcess(args=['/tmp/ladon-clean-gate-5_kyhnnq/environment/bin/python3', '-m', 'ladon.entrypoint', 'proof-sear...perational","exitCode":1,"operation":"check.candidate","schema":"ladon-proof-search-terminal-v1","status":"failed"}\n').returncode

tests/test_semantic_candidate_residual_integration.py:58: AssertionError
____________ test_lean_name_parser_rejects_non_identifier_candidate ____________

    @pytest.mark.skipif(shutil.which("lake") is None, reason="Lean toolchain unavailable")
    def test_lean_name_parser_rejects_non_identifier_candidate() -> None:
        completed = subprocess.run(
            [
                sys.executable,
                "-m",
                "ladon.entrypoint",
                "proof-search",
                "check",
                "candidate",
                "--repo-root",
                str(FIXTURE),
                "--module",
                "LadonFixture",
                "--goal",
                "True",
                "--candidate",
                "And.intro+True",
                "--timeout-seconds",
                "30",
                "--max-rss-mib",
                "4096",
                "--projection",
                "audit",
                "--format",
                "json",
            ],
            cwd=ROOT,
            text=True,
            capture_output=True,
            check=False,
        )
>       assert completed.returncode == 0
E       assert 1 == 0
E        +  where 1 = CompletedProcess(args=['/tmp/ladon-clean-gate-5_kyhnnq/environment/bin/python3', '-m', 'ladon.entrypoint', 'proof-sear...perational","exitCode":1,"operation":"check.candidate","schema":"ladon-proof-search-terminal-v1","status":"failed"}\n').returncode

tests/test_semantic_candidate_security_contract.py:71: AssertionError
________ test_missing_candidate_is_reference_closed_semantic_rejection _________

    @pytest.mark.skipif(shutil.which("lake") is None, reason="Lean toolchain unavailable")
    def test_missing_candidate_is_reference_closed_semantic_rejection() -> None:
        completed = subprocess.run(
            [
                sys.executable,
                "-m",
                "ladon.entrypoint",
                "proof-search",
                "check",
                "candidate",
                "--repo-root",
                str(FIXTURE),
                "--module",
                "LadonFixture",
                "--goal",
                "True",
                "--candidate",
                "LadonFixture.noSuch",
                "--timeout-seconds",
                "30",
                "--max-rss-mib",
                "4096",
                "--projection",
                "audit",
                "--format",
                "json",
            ],
            cwd=ROOT,
            text=True,
            capture_output=True,
            check=False,
        )
    
>       assert completed.returncode == 0, completed.stderr
E       AssertionError: {"diagnostic":{"code":"toolchain-unavailable","message":"cannot inspect lake version: failed or exceeded output bounds","remediation":"Run 'ladon doctor --json' and correct the reported Lean/Lake posture."},"exitClass":"operational","exitCode":1,"operation":"check.candidate","schema":"ladon-proof-search-terminal-v1","status":"failed"}
E         
E       assert 1 == 0
E        +  where 1 = CompletedProcess(args=['/tmp/ladon-clean-gate-5_kyhnnq/environment/bin/python3', '-m', 'ladon.entrypoint', 'proof-sear...perational","exitCode":1,"operation":"check.candidate","schema":"ladon-proof-search-terminal-v1","status":"failed"}\n').returncode

tests/test_semantic_candidate_security_contract.py:122: AssertionError
_______ test_real_check_claims_elaborator_route_not_kernel_theorem_truth _______

    @pytest.mark.skipif(shutil.which("lake") is None, reason="Lean toolchain unavailable")
    def test_real_check_claims_elaborator_route_not_kernel_theorem_truth() -> None:
        completed = subprocess.run(
            [
                sys.executable,
                "-m",
                "ladon.entrypoint",
                "proof-search",
                "check",
                "candidate",
                "--repo-root",
                str(FIXTURE),
                "--module",
                "LadonFixture",
                "--goal",
                "True ∧ True",
                "--candidate",
                "And.intro",
                "--timeout-seconds",
                "30",
                "--max-rss-mib",
                "4096",
                "--projection",
                "audit",
                "--format",
                "json",
            ],
            cwd=ROOT,
            text=True,
            capture_output=True,
            check=False,
        )
    
>       assert completed.returncode == 0, completed.stderr
E       AssertionError: {"diagnostic":{"code":"toolchain-unavailable","message":"cannot inspect lake version: failed or exceeded output bounds","remediation":"Run 'ladon doctor --json' and correct the reported Lean/Lake posture."},"exitClass":"operational","exitCode":1,"operation":"check.candidate","schema":"ladon-proof-search-terminal-v1","status":"failed"}
E         
E       assert 1 == 0
E        +  where 1 = CompletedProcess(args=['/tmp/ladon-clean-gate-5_kyhnnq/environment/bin/python3', '-m', 'ladon.entrypoint', 'proof-sear...perational","exitCode":1,"operation":"check.candidate","schema":"ladon-proof-search-terminal-v1","status":"failed"}\n').returncode

tests/test_semantic_candidate_security_contract.py:166: AssertionError
________ test_materialization_preserves_multiple_declared_source_roots _________

tmp_path = PosixPath('/tmp/pytest-of-codex/pytest-753/test_materialization_preserves1')

    def test_materialization_preserves_multiple_declared_source_roots(
        tmp_path: Path,
    ) -> None:
        root = tmp_path / "repository"
        shutil.copytree(MULTI_ROOT_FIXTURE, root)
        subprocess.run(["lake", "build"], cwd=root, check=True, capture_output=True)
>       plan = plan_theorem_capsule(root, "Main.selected")
               ^^^^^^^^^^^^^^^^^^^^^^^^^^^^^^^^^^^^^^^^^^^

tests/test_theorem_capsule_materialization.py:131: 
_ _ _ _ _ _ _ _ _ _ _ _ _ _ _ _ _ _ _ _ _ _ _ _ _ _ _ _ _ _ _ _ _ _ _ _ _ _ _ _ 
/tmp/ladon-clean-gate-5_kyhnnq/environment/lib/python3.11/site-packages/ladon/theorem_capsule_planning.py:86: in plan_theorem_capsule
    helper = _run_exact_helper(
_ _ _ _ _ _ _ _ _ _ _ _ _ _ _ _ _ _ _ _ _ _ _ _ _ _ _ _ _ _ _ _ _ _ _ _ _ _ _ _ 

repo_root = PosixPath('/tmp/pytest-of-codex/pytest-753/test_materialization_preserves1/repository')
entry = CapsuleSource(module='Main', path='src/Main.lean', content=b'import Support\n\ntheorem Main.selected : Support.answer = 42 := by\n  rfl\n\ntheorem Main.later : True := by\n  trivial\n', imports=('Support',))
theorem_name = 'Main.selected'
layout = CapsuleLayout(root=PosixPath('/tmp/pytest-of-codex/pytest-753/test_materialization_preserves1/repository'), source_map...pport': 'support/Support.lean'}, fingerprint='sha256:4dc603f1f9de8d98fd2b42495918afe92e9e658a72fdf18d5088e5e441709b0f')

    def _run_exact_helper(
        repo_root: Path,
        entry: CapsuleSource,
        theorem_name: str,
        layout: CapsuleLayout,
        *,
        helper_path: Path,
        timeout_seconds: float,
        max_rss_bytes: int | None,
        cancel_event: threading.Event | None,
    ) -> dict[str, Any]:
        try:
            execution = prepare_direct_lean_execution(
                repo_root,
                entry.module,
                None,
                require_compiled_module=True,
            )
        except ValueError as exc:
            raise CapsuleOperationalError(str(exc)) from exc
        with tempfile.TemporaryDirectory(prefix="ladon-theorem-plan-") as temporary:
            module_file = Path(temporary) / "repository-modules.txt"
            module_file.write_text(
                "\n".join(layout.modules) + "\n",
                encoding="utf-8",
            )
            process = run_bounded_target_process(
                [
                    *execution.command,
                    "--run",
                    str(helper_path),
                    entry.module,
                    entry.path,
                    theorem_name,
                    str(module_file),
                ],
                cwd=repo_root,
                env=execution.environment,
                timeout_seconds=timeout_seconds,
                max_output_bytes=HELPER_OUTPUT_LIMIT_BYTES,
                max_rss_bytes=max_rss_bytes,
                cancel_event=cancel_event,
            )
        if process.output_limited:
            raise CapsuleOperationalError(
                "Lean theorem dependency stream exceeded the finite output limit"
            )
        if process.memory_limited:
            raise CapsuleOperationalError(
                "Lean theorem helper exceeded the finite process-tree RSS limit"
            )
        if not process.succeeded:
            outcome = "timed out" if process.timed_out else "failed"
            detail = (process.stderr or process.stdout).strip()[:2000]
>           raise CapsuleOperationalError(
                f"Lean theorem helper {outcome} for {entry.path}: {detail}"
            )
E           ladon.theorem_capsule_models.CapsuleOperationalError: Lean theorem helper failed for src/Main.lean: info: Version 4.2.4 of elan is available! Use `elan self update` to update.
E           info: downloading https://releases.lean-lang.org/lean4/v4.32.1/lean-4.32.1-linux.tar.zst
E           
E           thread 'main' panicked at library/std/src/io/stdio.rs:1165:9:
E           failed printing to stdout: Quota exceeded (os error 122)
E           note: run with `RUST_BACKTRACE=1` environment variable to display a backtrace

/tmp/ladon-clean-gate-5_kyhnnq/environment/lib/python3.11/site-packages/ladon/theorem_capsule_planning.py:197: CapsuleOperationalError
______________________ test_replay_supported_tar_archive _______________________

tmp_path = PosixPath('/tmp/pytest-of-codex/pytest-753/test_replay_supported_tar_arch0')

    def test_replay_supported_tar_archive(
        tmp_path: Path,
    ) -> None:
        repository = tmp_path / "repository"
>       shutil.copytree(FIXTURE, repository)

tests/test_theorem_capsule_replay.py:179: 
_ _ _ _ _ _ _ _ _ _ _ _ _ _ _ _ _ _ _ _ _ _ _ _ _ _ _ _ _ _ _ _ _ _ _ _ _ _ _ _ 
/home/codex/miniconda3/lib/python3.11/shutil.py:573: in copytree
    return _copytree(entries=entries, src=src, dst=dst, symlinks=symlinks,
_ _ _ _ _ _ _ _ _ _ _ _ _ _ _ _ _ _ _ _ _ _ _ _ _ _ _ _ _ _ _ _ _ _ _ _ _ _ _ _ 

entries = [<DirEntry 'lean-toolchain'>, <DirEntry 'lakefile.toml'>, <DirEntry 'CapsuleFixture'>, <DirEntry 'CapsuleFixture.lean'>]
src = PosixPath('/tmp/ladon-candidate-07__zup1/source/tests/fixtures/theorem_capsule')
dst = PosixPath('/tmp/pytest-of-codex/pytest-753/test_replay_supported_tar_arch0/repository')
symlinks = False, ignore = None
copy_function = <function copy2 at 0x77c2b3b2ec00>
ignore_dangling_symlinks = False, dirs_exist_ok = False

    def _copytree(entries, src, dst, symlinks, ignore, copy_function,
                  ignore_dangling_symlinks, dirs_exist_ok=False):
        if ignore is not None:
            ignored_names = ignore(os.fspath(src), [x.name for x in entries])
        else:
            ignored_names = ()
    
        os.makedirs(dst, exist_ok=dirs_exist_ok)
        errors = []
        use_srcentry = copy_function is copy2 or copy_function is copy
    
        for srcentry in entries:
            if srcentry.name in ignored_names:
                continue
            srcname = os.path.join(src, srcentry.name)
            dstname = os.path.join(dst, srcentry.name)
            srcobj = srcentry if use_srcentry else srcname
            try:
                is_symlink = srcentry.is_symlink()
                if is_symlink and os.name == 'nt':
                    # Special check for directory junctions, which appear as
                    # symlinks but we want to recurse.
                    lstat = srcentry.stat(follow_symlinks=False)
                    if lstat.st_reparse_tag == stat.IO_REPARSE_TAG_MOUNT_POINT:
                        is_symlink = False
                if is_symlink:
                    linkto = os.readlink(srcname)
                    if symlinks:
                        # We can't just leave it to `copy_function` because legacy
                        # code with a custom `copy_function` may rely on copytree
                        # doing the right thing.
                        os.symlink(linkto, dstname)
                        copystat(srcobj, dstname, follow_symlinks=not symlinks)
                    else:
                        # ignore dangling symlink if the flag is on
                        if not os.path.exists(linkto) and ignore_dangling_symlinks:
                            continue
                        # otherwise let the copy occur. copy2 will raise an error
                        if srcentry.is_dir():
                            copytree(srcobj, dstname, symlinks, ignore,
                                     copy_function, ignore_dangling_symlinks,
                                     dirs_exist_ok)
                        else:
                            copy_function(srcobj, dstname)
                elif srcentry.is_dir():
                    copytree(srcobj, dstname, symlinks, ignore, copy_function,
                             ignore_dangling_symlinks, dirs_exist_ok)
                else:
                    # Will raise a SpecialFileError for unsupported file types
                    copy_function(srcobj, dstname)
            # catch the Error from the recursive copytree so that we can
            # continue with other files
            except Error as err:
                errors.extend(err.args[0])
            except OSError as why:
                errors.append((srcname, dstname, str(why)))
        try:
            copystat(src, dst)
        except OSError as why:
            # Copying file access times may fail on Windows
            if getattr(why, 'winerror', None) is None:
                errors.append((src, dst, str(why)))
        if errors:
>           raise Error(errors)
E           shutil.Error: [('/tmp/ladon-candidate-07__zup1/source/tests/fixtures/theorem_capsule/lean-toolchain', '/tmp/pytest-of-codex/pytest-753/test_replay_supported_tar_arch0/repository/lean-toolchain', '[Errno 122] Disk quota exceeded'), ('/tmp/ladon-candidate-07__zup1/source/tests/fixtures/theorem_capsule/lakefile.toml', '/tmp/pytest-of-codex/pytest-753/test_replay_supported_tar_arch0/repository/lakefile.toml', '[Errno 122] Disk quota exceeded'), ('/tmp/ladon-candidate-07__zup1/source/tests/fixtures/theorem_capsule/CapsuleFixture/Large.lean', '/tmp/pytest-of-codex/pytest-753/test_replay_supported_tar_arch0/repository/CapsuleFixture/Large.lean', '[Errno 122] Disk quota exceeded'), ('/tmp/ladon-candidate-07__zup1/source/tests/fixtures/theorem_capsule/CapsuleFixture/Base.lean', '/tmp/pytest-of-codex/pytest-753/test_replay_supported_tar_arch0/repository/CapsuleFixture/Base.lean', '[Errno 122] Disk quota exceeded'), ('/tmp/ladon-candidate-07__zup1/source/tests/fixtures/theorem_capsule/CapsuleFixture.lean', '/tmp/pytest-of-codex/pytest-753/test_replay_supported_tar_arch0/repository/CapsuleFixture.lean', '[Errno 122] Disk quota exceeded')]

/home/codex/miniconda3/lib/python3.11/shutil.py:527: Error
______________________ test_replay_supported_zip_archive _______________________

tmp_path = PosixPath('/tmp/pytest-of-codex/pytest-753/test_replay_supported_zip_arch0')

    def test_replay_supported_zip_archive(
        tmp_path: Path,
    ) -> None:
        repository = tmp_path / "repository"
>       shutil.copytree(FIXTURE, repository)

tests/test_theorem_capsule_replay.py:195: 
_ _ _ _ _ _ _ _ _ _ _ _ _ _ _ _ _ _ _ _ _ _ _ _ _ _ _ _ _ _ _ _ _ _ _ _ _ _ _ _ 
/home/codex/miniconda3/lib/python3.11/shutil.py:573: in copytree
    return _copytree(entries=entries, src=src, dst=dst, symlinks=symlinks,
_ _ _ _ _ _ _ _ _ _ _ _ _ _ _ _ _ _ _ _ _ _ _ _ _ _ _ _ _ _ _ _ _ _ _ _ _ _ _ _ 

entries = [<DirEntry 'lean-toolchain'>, <DirEntry 'lakefile.toml'>, <DirEntry 'CapsuleFixture'>, <DirEntry 'CapsuleFixture.lean'>]
src = PosixPath('/tmp/ladon-candidate-07__zup1/source/tests/fixtures/theorem_capsule')
dst = PosixPath('/tmp/pytest-of-codex/pytest-753/test_replay_supported_zip_arch0/repository')
symlinks = False, ignore = None
copy_function = <function copy2 at 0x77c2b3b2ec00>
ignore_dangling_symlinks = False, dirs_exist_ok = False

    def _copytree(entries, src, dst, symlinks, ignore, copy_function,
                  ignore_dangling_symlinks, dirs_exist_ok=False):
        if ignore is not None:
            ignored_names = ignore(os.fspath(src), [x.name for x in entries])
        else:
            ignored_names = ()
    
        os.makedirs(dst, exist_ok=dirs_exist_ok)
        errors = []
        use_srcentry = copy_function is copy2 or copy_function is copy
    
        for srcentry in entries:
            if srcentry.name in ignored_names:
                continue
            srcname = os.path.join(src, srcentry.name)
            dstname = os.path.join(dst, srcentry.name)
            srcobj = srcentry if use_srcentry else srcname
            try:
                is_symlink = srcentry.is_symlink()
                if is_symlink and os.name == 'nt':
                    # Special check for directory junctions, which appear as
                    # symlinks but we want to recurse.
                    lstat = srcentry.stat(follow_symlinks=False)
                    if lstat.st_reparse_tag == stat.IO_REPARSE_TAG_MOUNT_POINT:
                        is_symlink = False
                if is_symlink:
                    linkto = os.readlink(srcname)
                    if symlinks:
                        # We can't just leave it to `copy_function` because legacy
                        # code with a custom `copy_function` may rely on copytree
                        # doing the right thing.
                        os.symlink(linkto, dstname)
                        copystat(srcobj, dstname, follow_symlinks=not symlinks)
                    else:
                        # ignore dangling symlink if the flag is on
                        if not os.path.exists(linkto) and ignore_dangling_symlinks:
                            continue
                        # otherwise let the copy occur. copy2 will raise an error
                        if srcentry.is_dir():
                            copytree(srcobj, dstname, symlinks, ignore,
                                     copy_function, ignore_dangling_symlinks,
                                     dirs_exist_ok)
                        else:
                            copy_function(srcobj, dstname)
                elif srcentry.is_dir():
                    copytree(srcobj, dstname, symlinks, ignore, copy_function,
                             ignore_dangling_symlinks, dirs_exist_ok)
                else:
                    # Will raise a SpecialFileError for unsupported file types
                    copy_function(srcobj, dstname)
            # catch the Error from the recursive copytree so that we can
            # continue with other files
            except Error as err:
                errors.extend(err.args[0])
            except OSError as why:
                errors.append((srcname, dstname, str(why)))
        try:
            copystat(src, dst)
        except OSError as why:
            # Copying file access times may fail on Windows
            if getattr(why, 'winerror', None) is None:
                errors.append((src, dst, str(why)))
        if errors:
>           raise Error(errors)
E           shutil.Error: [('/tmp/ladon-candidate-07__zup1/source/tests/fixtures/theorem_capsule/lean-toolchain', '/tmp/pytest-of-codex/pytest-753/test_replay_supported_zip_arch0/repository/lean-toolchain', '[Errno 122] Disk quota exceeded'), ('/tmp/ladon-candidate-07__zup1/source/tests/fixtures/theorem_capsule/lakefile.toml', '/tmp/pytest-of-codex/pytest-753/test_replay_supported_zip_arch0/repository/lakefile.toml', '[Errno 122] Disk quota exceeded'), ('/tmp/ladon-candidate-07__zup1/source/tests/fixtures/theorem_capsule/CapsuleFixture/Large.lean', '/tmp/pytest-of-codex/pytest-753/test_replay_supported_zip_arch0/repository/CapsuleFixture/Large.lean', '[Errno 122] Disk quota exceeded'), ('/tmp/ladon-candidate-07__zup1/source/tests/fixtures/theorem_capsule/CapsuleFixture/Base.lean', '/tmp/pytest-of-codex/pytest-753/test_replay_supported_zip_arch0/repository/CapsuleFixture/Base.lean', '[Errno 122] Disk quota exceeded'), ('/tmp/ladon-candidate-07__zup1/source/tests/fixtures/theorem_capsule/CapsuleFixture.lean', '/tmp/pytest-of-codex/pytest-753/test_replay_supported_zip_arch0/repository/CapsuleFixture.lean', '[Errno 122] Disk quota exceeded')]

/home/codex/miniconda3/lib/python3.11/shutil.py:527: Error
______________ test_replay_rejects_zip_symlink_before_extraction _______________

tmp_path = PosixPath('/tmp/pytest-of-codex/pytest-753/test_replay_rejects_zip_symlin0')

    def test_replay_rejects_zip_symlink_before_extraction(
        tmp_path: Path,
    ) -> None:
        archive_path = tmp_path / "capsule.zip"
        with zipfile.ZipFile(archive_path, mode="w") as archive:
            member = zipfile.ZipInfo("linked-input")
            member.create_system = 3
            member.external_attr = (stat.S_IFLNK | 0o777) << 16
>           archive.writestr(member, "lean-toolchain")

tests/test_theorem_capsule_replay.py:215: 
_ _ _ _ _ _ _ _ _ _ _ _ _ _ _ _ _ _ _ _ _ _ _ _ _ _ _ _ _ _ _ _ _ _ _ _ _ _ _ _ 
/home/codex/miniconda3/lib/python3.11/zipfile.py:1868: in writestr
    with self.open(zinfo, mode='w') as dest:
_ _ _ _ _ _ _ _ _ _ _ _ _ _ _ _ _ _ _ _ _ _ _ _ _ _ _ _ _ _ _ _ _ _ _ _ _ _ _ _ 

self = <zipfile._ZipWriteFile object at 0x77c2b0595e40>

    def close(self):
        if self.closed:
            return
        try:
            super().close()
            # Flush any data from the compressor, and update header info
            if self._compressor:
                buf = self._compressor.flush()
                self._compress_size += len(buf)
                self._fileobj.write(buf)
                self._zinfo.compress_size = self._compress_size
            else:
                self._zinfo.compress_size = self._file_size
            self._zinfo.CRC = self._crc
            self._zinfo.file_size = self._file_size
    
            if not self._zip64:
                if self._file_size > ZIP64_LIMIT:
                    raise RuntimeError("File size too large, try using force_zip64")
                if self._compress_size > ZIP64_LIMIT:
                    raise RuntimeError("Compressed size too large, try using force_zip64")
    
            # Write updated header info
            if self._zinfo.flag_bits & _MASK_USE_DATA_DESCRIPTOR:
                # Write CRC and file sizes after the file data
                fmt = '<LLQQ' if self._zip64 else '<LLLL'
                self._fileobj.write(struct.pack(fmt, _DD_SIGNATURE, self._zinfo.CRC,
                    self._zinfo.compress_size, self._zinfo.file_size))
                self._zipfile.start_dir = self._fileobj.tell()
            else:
                # Seek backwards and write file header (which will now include
                # correct CRC and file sizes)
    
                # Preserve current position in file
                self._zipfile.start_dir = self._fileobj.tell()
>               self._fileobj.seek(self._zinfo.header_offset)
E               OSError: [Errno 122] Disk quota exceeded

/home/codex/miniconda3/lib/python3.11/zipfile.py:1234: OSError

During handling of the above exception, another exception occurred:

self = <zipfile.ZipFile [closed]>

    def close(self):
        """Close the file, and for mode 'w', 'x' and 'a' write the ending
        records."""
        if self.fp is None:
            return
    
        if self._writing:
            raise ValueError("Can't close the ZIP file while there is "
                             "an open writing handle on it. "
                             "Close the writing handle before closing the zip.")
    
        try:
            if self.mode in ('w', 'x', 'a') and self._didModify: # write ending records
                with self._lock:
                    if self._seekable:
>                       self.fp.seek(self.start_dir)
E                       OSError: [Errno 122] Disk quota exceeded

/home/codex/miniconda3/lib/python3.11/zipfile.py:1925: OSError

During handling of the above exception, another exception occurred:

tmp_path = PosixPath('/tmp/pytest-of-codex/pytest-753/test_replay_rejects_zip_symlin0')

    def test_replay_rejects_zip_symlink_before_extraction(
        tmp_path: Path,
    ) -> None:
        archive_path = tmp_path / "capsule.zip"
>       with zipfile.ZipFile(archive_path, mode="w") as archive:

tests/test_theorem_capsule_replay.py:211: 
_ _ _ _ _ _ _ _ _ _ _ _ _ _ _ _ _ _ _ _ _ _ _ _ _ _ _ _ _ _ _ _ _ _ _ _ _ _ _ _ 
/home/codex/miniconda3/lib/python3.11/zipfile.py:1372: in __exit__
    self.close()
/home/codex/miniconda3/lib/python3.11/zipfile.py:1930: in close
    self._fpclose(fp)
_ _ _ _ _ _ _ _ _ _ _ _ _ _ _ _ _ _ _ _ _ _ _ _ _ _ _ _ _ _ _ _ _ _ _ _ _ _ _ _ 

self = <zipfile.ZipFile [closed]>
fp = <_io.BufferedRandom name='/tmp/pytest-of-codex/pytest-753/test_replay_rejects_zip_symlin0/capsule.zip'>

    def _fpclose(self, fp):
        assert self._fileRefCnt > 0
        self._fileRefCnt -= 1
        if not self._fileRefCnt and not self._filePassed:
>           fp.close()
E           OSError: [Errno 122] Disk quota exceeded

/home/codex/miniconda3/lib/python3.11/zipfile.py:2030: OSError
_________ test_replay_verifies_multiple_source_roots_without_checkout __________

tmp_path = PosixPath('/tmp/pytest-of-codex/pytest-753/test_replay_verifies_multiple_0')

    def test_replay_verifies_multiple_source_roots_without_checkout(
        tmp_path: Path,
    ) -> None:
        repository = tmp_path / "repository"
>       shutil.copytree(MULTI_ROOT_FIXTURE, repository)

tests/test_theorem_capsule_replay.py:227: 
_ _ _ _ _ _ _ _ _ _ _ _ _ _ _ _ _ _ _ _ _ _ _ _ _ _ _ _ _ _ _ _ _ _ _ _ _ _ _ _ 
/home/codex/miniconda3/lib/python3.11/shutil.py:573: in copytree
    return _copytree(entries=entries, src=src, dst=dst, symlinks=symlinks,
_ _ _ _ _ _ _ _ _ _ _ _ _ _ _ _ _ _ _ _ _ _ _ _ _ _ _ _ _ _ _ _ _ _ _ _ _ _ _ _ 

entries = [<DirEntry 'support'>, <DirEntry 'src'>, <DirEntry 'lean-toolchain'>, <DirEntry 'lakefile.toml'>]
src = PosixPath('/tmp/ladon-candidate-07__zup1/source/tests/fixtures/theorem_capsule_multi_root')
dst = PosixPath('/tmp/pytest-of-codex/pytest-753/test_replay_verifies_multiple_0/repository')
symlinks = False, ignore = None
copy_function = <function copy2 at 0x77c2b3b2ec00>
ignore_dangling_symlinks = False, dirs_exist_ok = False

    def _copytree(entries, src, dst, symlinks, ignore, copy_function,
                  ignore_dangling_symlinks, dirs_exist_ok=False):
        if ignore is not None:
            ignored_names = ignore(os.fspath(src), [x.name for x in entries])
        else:
            ignored_names = ()
    
        os.makedirs(dst, exist_ok=dirs_exist_ok)
        errors = []
        use_srcentry = copy_function is copy2 or copy_function is copy
    
        for srcentry in entries:
            if srcentry.name in ignored_names:
                continue
            srcname = os.path.join(src, srcentry.name)
            dstname = os.path.join(dst, srcentry.name)
            srcobj = srcentry if use_srcentry else srcname
            try:
                is_symlink = srcentry.is_symlink()
                if is_symlink and os.name == 'nt':
                    # Special check for directory junctions, which appear as
                    # symlinks but we want to recurse.
                    lstat = srcentry.stat(follow_symlinks=False)
                    if lstat.st_reparse_tag == stat.IO_REPARSE_TAG_MOUNT_POINT:
                        is_symlink = False
                if is_symlink:
                    linkto = os.readlink(srcname)
                    if symlinks:
                        # We can't just leave it to `copy_function` because legacy
                        # code with a custom `copy_function` may rely on copytree
                        # doing the right thing.
                        os.symlink(linkto, dstname)
                        copystat(srcobj, dstname, follow_symlinks=not symlinks)
                    else:
                        # ignore dangling symlink if the flag is on
                        if not os.path.exists(linkto) and ignore_dangling_symlinks:
                            continue
                        # otherwise let the copy occur. copy2 will raise an error
                        if srcentry.is_dir():
                            copytree(srcobj, dstname, symlinks, ignore,
                                     copy_function, ignore_dangling_symlinks,
                                     dirs_exist_ok)
                        else:
                            copy_function(srcobj, dstname)
                elif srcentry.is_dir():
                    copytree(srcobj, dstname, symlinks, ignore, copy_function,
                             ignore_dangling_symlinks, dirs_exist_ok)
                else:
                    # Will raise a SpecialFileError for unsupported file types
                    copy_function(srcobj, dstname)
            # catch the Error from the recursive copytree so that we can
            # continue with other files
            except Error as err:
                errors.extend(err.args[0])
            except OSError as why:
                errors.append((srcname, dstname, str(why)))
        try:
            copystat(src, dst)
        except OSError as why:
            # Copying file access times may fail on Windows
            if getattr(why, 'winerror', None) is None:
                errors.append((src, dst, str(why)))
        if errors:
>           raise Error(errors)
E           shutil.Error: [('/tmp/ladon-candidate-07__zup1/source/tests/fixtures/theorem_capsule_multi_root/support/Support.lean', '/tmp/pytest-of-codex/pytest-753/test_replay_verifies_multiple_0/repository/support/Support.lean', '[Errno 122] Disk quota exceeded'), ('/tmp/ladon-candidate-07__zup1/source/tests/fixtures/theorem_capsule_multi_root/src/Main.lean', '/tmp/pytest-of-codex/pytest-753/test_replay_verifies_multiple_0/repository/src/Main.lean', '[Errno 122] Disk quota exceeded'), ('/tmp/ladon-candidate-07__zup1/source/tests/fixtures/theorem_capsule_multi_root/lean-toolchain', '/tmp/pytest-of-codex/pytest-753/test_replay_verifies_multiple_0/repository/lean-toolchain', '[Errno 122] Disk quota exceeded'), ('/tmp/ladon-candidate-07__zup1/source/tests/fixtures/theorem_capsule_multi_root/lakefile.toml', '/tmp/pytest-of-codex/pytest-753/test_replay_verifies_multiple_0/repository/lakefile.toml', '[Errno 122] Disk quota exceeded')]

/home/codex/miniconda3/lib/python3.11/shutil.py:527: Error
_________________ test_extract_cli_composes_the_same_services __________________

tmp_path = PosixPath('/tmp/pytest-of-codex/pytest-753/test_extract_cli_composes_the_0')
capsys = <_pytest.capture.CaptureFixture object at 0x77c2afbf6450>

    def test_extract_cli_composes_the_same_services(
        tmp_path: Path,
        capsys: pytest.CaptureFixture[str],
    ) -> None:
        repository = tmp_path / "repository"
>       shutil.copytree(FIXTURE, repository)

tests/test_theorem_capsule_replay.py:244: 
_ _ _ _ _ _ _ _ _ _ _ _ _ _ _ _ _ _ _ _ _ _ _ _ _ _ _ _ _ _ _ _ _ _ _ _ _ _ _ _ 
/home/codex/miniconda3/lib/python3.11/shutil.py:573: in copytree
    return _copytree(entries=entries, src=src, dst=dst, symlinks=symlinks,
_ _ _ _ _ _ _ _ _ _ _ _ _ _ _ _ _ _ _ _ _ _ _ _ _ _ _ _ _ _ _ _ _ _ _ _ _ _ _ _ 

entries = [<DirEntry 'lean-toolchain'>, <DirEntry 'lakefile.toml'>, <DirEntry 'CapsuleFixture'>, <DirEntry 'CapsuleFixture.lean'>]
src = PosixPath('/tmp/ladon-candidate-07__zup1/source/tests/fixtures/theorem_capsule')
dst = PosixPath('/tmp/pytest-of-codex/pytest-753/test_extract_cli_composes_the_0/repository')
symlinks = False, ignore = None
copy_function = <function copy2 at 0x77c2b3b2ec00>
ignore_dangling_symlinks = False, dirs_exist_ok = False

    def _copytree(entries, src, dst, symlinks, ignore, copy_function,
                  ignore_dangling_symlinks, dirs_exist_ok=False):
        if ignore is not None:
            ignored_names = ignore(os.fspath(src), [x.name for x in entries])
        else:
            ignored_names = ()
    
        os.makedirs(dst, exist_ok=dirs_exist_ok)
        errors = []
        use_srcentry = copy_function is copy2 or copy_function is copy
    
        for srcentry in entries:
            if srcentry.name in ignored_names:
                continue
            srcname = os.path.join(src, srcentry.name)
            dstname = os.path.join(dst, srcentry.name)
            srcobj = srcentry if use_srcentry else srcname
            try:
                is_symlink = srcentry.is_symlink()
                if is_symlink and os.name == 'nt':
                    # Special check for directory junctions, which appear as
                    # symlinks but we want to recurse.
                    lstat = srcentry.stat(follow_symlinks=False)
                    if lstat.st_reparse_tag == stat.IO_REPARSE_TAG_MOUNT_POINT:
                        is_symlink = False
                if is_symlink:
                    linkto = os.readlink(srcname)
                    if symlinks:
                        # We can't just leave it to `copy_function` because legacy
                        # code with a custom `copy_function` may rely on copytree
                        # doing the right thing.
                        os.symlink(linkto, dstname)
                        copystat(srcobj, dstname, follow_symlinks=not symlinks)
                    else:
                        # ignore dangling symlink if the flag is on
                        if not os.path.exists(linkto) and ignore_dangling_symlinks:
                            continue
                        # otherwise let the copy occur. copy2 will raise an error
                        if srcentry.is_dir():
                            copytree(srcobj, dstname, symlinks, ignore,
                                     copy_function, ignore_dangling_symlinks,
                                     dirs_exist_ok)
                        else:
                            copy_function(srcobj, dstname)
                elif srcentry.is_dir():
                    copytree(srcobj, dstname, symlinks, ignore, copy_function,
                             ignore_dangling_symlinks, dirs_exist_ok)
                else:
                    # Will raise a SpecialFileError for unsupported file types
                    copy_function(srcobj, dstname)
            # catch the Error from the recursive copytree so that we can
            # continue with other files
            except Error as err:
                errors.extend(err.args[0])
            except OSError as why:
                errors.append((srcname, dstname, str(why)))
        try:
            copystat(src, dst)
        except OSError as why:
            # Copying file access times may fail on Windows
            if getattr(why, 'winerror', None) is None:
                errors.append((src, dst, str(why)))
        if errors:
>           raise Error(errors)
E           shutil.Error: [('/tmp/ladon-candidate-07__zup1/source/tests/fixtures/theorem_capsule/lean-toolchain', '/tmp/pytest-of-codex/pytest-753/test_extract_cli_composes_the_0/repository/lean-toolchain', '[Errno 122] Disk quota exceeded'), ('/tmp/ladon-candidate-07__zup1/source/tests/fixtures/theorem_capsule/lakefile.toml', '/tmp/pytest-of-codex/pytest-753/test_extract_cli_composes_the_0/repository/lakefile.toml', '[Errno 122] Disk quota exceeded'), ('/tmp/ladon-candidate-07__zup1/source/tests/fixtures/theorem_capsule/CapsuleFixture/Large.lean', '/tmp/pytest-of-codex/pytest-753/test_extract_cli_composes_the_0/repository/CapsuleFixture/Large.lean', '[Errno 122] Disk quota exceeded'), ('/tmp/ladon-candidate-07__zup1/source/tests/fixtures/theorem_capsule/CapsuleFixture/Base.lean', '/tmp/pytest-of-codex/pytest-753/test_extract_cli_composes_the_0/repository/CapsuleFixture/Base.lean', '[Errno 122] Disk quota exceeded'), ('/tmp/ladon-candidate-07__zup1/source/tests/fixtures/theorem_capsule/CapsuleFixture.lean', '/tmp/pytest-of-codex/pytest-753/test_extract_cli_composes_the_0/repository/CapsuleFixture.lean', '[Errno 122] Disk quota exceeded')]

/home/codex/miniconda3/lib/python3.11/shutil.py:527: Error
_ test_discovery_checking_module_does_not_filter_shortlist_scope[repository-roots0-expected0] _
OSError: [Errno 122] Disk quota exceeded

During handling of the above exception, another exception occurred:

tmp_path = PosixPath('/tmp/pytest-of-codex/pytest-753/test_discovery_checking_module0')
scope = 'repository', roots = []
expected = {'Helpers.useful', 'Main.localFact'}

    @pytest.mark.parametrize(
        ("scope", "roots", "expected"),
        [
            ("repository", [], {"Main.localFact", "Helpers.useful"}),
            ("project", [], {"Main.localFact", "Helpers.useful"}),
            ("module", ["Helpers"], {"Helpers.useful"}),
            ("namespace", ["Helpers"], {"Helpers.useful"}),
            ("file", ["Helpers.lean"], {"Helpers.useful"}),
            ("imports", ["Main"], {"Main.localFact", "Helpers.useful"}),
            ("closure", ["Main"], {"Main.localFact", "Helpers.useful"}),
            ("neighborhood", ["Helpers"], {"Main.localFact", "Helpers.useful"}),
            ("external", [], set()),
        ],
    )
    def test_discovery_checking_module_does_not_filter_shortlist_scope(
        tmp_path: Path, scope: str, roots: list[str], expected: set[str]
    ) -> None:
>       (tmp_path / "Helpers.lean").write_text(
            "namespace Helpers\ntheorem useful : True := True.intro\nend Helpers\n",
            encoding="utf-8",
        )

tests/test_verified_discovery.py:411: 
_ _ _ _ _ _ _ _ _ _ _ _ _ _ _ _ _ _ _ _ _ _ _ _ _ _ _ _ _ _ _ _ _ _ _ _ _ _ _ _ 

self = PosixPath('/tmp/pytest-of-codex/pytest-753/test_discovery_checking_module0/Helpers.lean')
data = 'namespace Helpers\ntheorem useful : True := True.intro\nend Helpers\n'
encoding = 'utf-8', errors = None, newline = None

    def write_text(self, data, encoding=None, errors=None, newline=None):
        """
        Open the file in text mode, write to it, and close the file.
        """
        if not isinstance(data, str):
            raise TypeError('data must be str, not %s' %
                            data.__class__.__name__)
        encoding = io.text_encoding(encoding)
>       with self.open(mode='w', encoding=encoding, errors=errors, newline=newline) as f:
E       OSError: [Errno 122] Disk quota exceeded

/home/codex/miniconda3/lib/python3.11/pathlib.py:1078: OSError
_ test_discovery_checking_module_does_not_filter_shortlist_scope[project-roots1-expected1] _
OSError: [Errno 122] Disk quota exceeded

During handling of the above exception, another exception occurred:

tmp_path = PosixPath('/tmp/pytest-of-codex/pytest-753/test_discovery_checking_module1')
scope = 'project', roots = [], expected = {'Helpers.useful', 'Main.localFact'}

    @pytest.mark.parametrize(
        ("scope", "roots", "expected"),
        [
            ("repository", [], {"Main.localFact", "Helpers.useful"}),
            ("project", [], {"Main.localFact", "Helpers.useful"}),
            ("module", ["Helpers"], {"Helpers.useful"}),
            ("namespace", ["Helpers"], {"Helpers.useful"}),
            ("file", ["Helpers.lean"], {"Helpers.useful"}),
            ("imports", ["Main"], {"Main.localFact", "Helpers.useful"}),
            ("closure", ["Main"], {"Main.localFact", "Helpers.useful"}),
            ("neighborhood", ["Helpers"], {"Main.localFact", "Helpers.useful"}),
            ("external", [], set()),
        ],
    )
    def test_discovery_checking_module_does_not_filter_shortlist_scope(
        tmp_path: Path, scope: str, roots: list[str], expected: set[str]
    ) -> None:
>       (tmp_path / "Helpers.lean").write_text(
            "namespace Helpers\ntheorem useful : True := True.intro\nend Helpers\n",
            encoding="utf-8",
        )

tests/test_verified_discovery.py:411: 
_ _ _ _ _ _ _ _ _ _ _ _ _ _ _ _ _ _ _ _ _ _ _ _ _ _ _ _ _ _ _ _ _ _ _ _ _ _ _ _ 

self = PosixPath('/tmp/pytest-of-codex/pytest-753/test_discovery_checking_module1/Helpers.lean')
data = 'namespace Helpers\ntheorem useful : True := True.intro\nend Helpers\n'
encoding = 'utf-8', errors = None, newline = None

    def write_text(self, data, encoding=None, errors=None, newline=None):
        """
        Open the file in text mode, write to it, and close the file.
        """
        if not isinstance(data, str):
            raise TypeError('data must be str, not %s' %
                            data.__class__.__name__)
        encoding = io.text_encoding(encoding)
>       with self.open(mode='w', encoding=encoding, errors=errors, newline=newline) as f:
E       OSError: [Errno 122] Disk quota exceeded

/home/codex/miniconda3/lib/python3.11/pathlib.py:1078: OSError
_ test_discovery_checking_module_does_not_filter_shortlist_scope[module-roots2-expected2] _
OSError: [Errno 122] Disk quota exceeded

During handling of the above exception, another exception occurred:

tmp_path = PosixPath('/tmp/pytest-of-codex/pytest-753/test_discovery_checking_module2')
scope = 'module', roots = ['Helpers'], expected = {'Helpers.useful'}

    @pytest.mark.parametrize(
        ("scope", "roots", "expected"),
        [
            ("repository", [], {"Main.localFact", "Helpers.useful"}),
            ("project", [], {"Main.localFact", "Helpers.useful"}),
            ("module", ["Helpers"], {"Helpers.useful"}),
            ("namespace", ["Helpers"], {"Helpers.useful"}),
            ("file", ["Helpers.lean"], {"Helpers.useful"}),
            ("imports", ["Main"], {"Main.localFact", "Helpers.useful"}),
            ("closure", ["Main"], {"Main.localFact", "Helpers.useful"}),
            ("neighborhood", ["Helpers"], {"Main.localFact", "Helpers.useful"}),
            ("external", [], set()),
        ],
    )
    def test_discovery_checking_module_does_not_filter_shortlist_scope(
        tmp_path: Path, scope: str, roots: list[str], expected: set[str]
    ) -> None:
>       (tmp_path / "Helpers.lean").write_text(
            "namespace Helpers\ntheorem useful : True := True.intro\nend Helpers\n",
            encoding="utf-8",
        )

tests/test_verified_discovery.py:411: 
_ _ _ _ _ _ _ _ _ _ _ _ _ _ _ _ _ _ _ _ _ _ _ _ _ _ _ _ _ _ _ _ _ _ _ _ _ _ _ _ 

self = PosixPath('/tmp/pytest-of-codex/pytest-753/test_discovery_checking_module2/Helpers.lean')
data = 'namespace Helpers\ntheorem useful : True := True.intro\nend Helpers\n'
encoding = 'utf-8', errors = None, newline = None

    def write_text(self, data, encoding=None, errors=None, newline=None):
        """
        Open the file in text mode, write to it, and close the file.
        """
        if not isinstance(data, str):
            raise TypeError('data must be str, not %s' %
                            data.__class__.__name__)
        encoding = io.text_encoding(encoding)
>       with self.open(mode='w', encoding=encoding, errors=errors, newline=newline) as f:
E       OSError: [Errno 122] Disk quota exceeded

/home/codex/miniconda3/lib/python3.11/pathlib.py:1078: OSError
_ test_discovery_checking_module_does_not_filter_shortlist_scope[namespace-roots3-expected3] _
OSError: [Errno 122] Disk quota exceeded

During handling of the above exception, another exception occurred:

tmp_path = PosixPath('/tmp/pytest-of-codex/pytest-753/test_discovery_checking_module3')
scope = 'namespace', roots = ['Helpers'], expected = {'Helpers.useful'}

    @pytest.mark.parametrize(
        ("scope", "roots", "expected"),
        [
            ("repository", [], {"Main.localFact", "Helpers.useful"}),
            ("project", [], {"Main.localFact", "Helpers.useful"}),
            ("module", ["Helpers"], {"Helpers.useful"}),
            ("namespace", ["Helpers"], {"Helpers.useful"}),
            ("file", ["Helpers.lean"], {"Helpers.useful"}),
            ("imports", ["Main"], {"Main.localFact", "Helpers.useful"}),
            ("closure", ["Main"], {"Main.localFact", "Helpers.useful"}),
            ("neighborhood", ["Helpers"], {"Main.localFact", "Helpers.useful"}),
            ("external", [], set()),
        ],
    )
    def test_discovery_checking_module_does_not_filter_shortlist_scope(
        tmp_path: Path, scope: str, roots: list[str], expected: set[str]
    ) -> None:
>       (tmp_path / "Helpers.lean").write_text(
            "namespace Helpers\ntheorem useful : True := True.intro\nend Helpers\n",
            encoding="utf-8",
        )

tests/test_verified_discovery.py:411: 
_ _ _ _ _ _ _ _ _ _ _ _ _ _ _ _ _ _ _ _ _ _ _ _ _ _ _ _ _ _ _ _ _ _ _ _ _ _ _ _ 

self = PosixPath('/tmp/pytest-of-codex/pytest-753/test_discovery_checking_module3/Helpers.lean')
data = 'namespace Helpers\ntheorem useful : True := True.intro\nend Helpers\n'
encoding = 'utf-8', errors = None, newline = None

    def write_text(self, data, encoding=None, errors=None, newline=None):
        """
        Open the file in text mode, write to it, and close the file.
        """
        if not isinstance(data, str):
            raise TypeError('data must be str, not %s' %
                            data.__class__.__name__)
        encoding = io.text_encoding(encoding)
>       with self.open(mode='w', encoding=encoding, errors=errors, newline=newline) as f:
E       OSError: [Errno 122] Disk quota exceeded

/home/codex/miniconda3/lib/python3.11/pathlib.py:1078: OSError
_ test_discovery_checking_module_does_not_filter_shortlist_scope[file-roots4-expected4] _
OSError: [Errno 122] Disk quota exceeded

During handling of the above exception, another exception occurred:

tmp_path = PosixPath('/tmp/pytest-of-codex/pytest-753/test_discovery_checking_module4')
scope = 'file', roots = ['Helpers.lean'], expected = {'Helpers.useful'}

    @pytest.mark.parametrize(
        ("scope", "roots", "expected"),
        [
            ("repository", [], {"Main.localFact", "Helpers.useful"}),
            ("project", [], {"Main.localFact", "Helpers.useful"}),
            ("module", ["Helpers"], {"Helpers.useful"}),
            ("namespace", ["Helpers"], {"Helpers.useful"}),
            ("file", ["Helpers.lean"], {"Helpers.useful"}),
            ("imports", ["Main"], {"Main.localFact", "Helpers.useful"}),
            ("closure", ["Main"], {"Main.localFact", "Helpers.useful"}),
            ("neighborhood", ["Helpers"], {"Main.localFact", "Helpers.useful"}),
            ("external", [], set()),
        ],
    )
    def test_discovery_checking_module_does_not_filter_shortlist_scope(
        tmp_path: Path, scope: str, roots: list[str], expected: set[str]
    ) -> None:
>       (tmp_path / "Helpers.lean").write_text(
            "namespace Helpers\ntheorem useful : True := True.intro\nend Helpers\n",
            encoding="utf-8",
        )

tests/test_verified_discovery.py:411: 
_ _ _ _ _ _ _ _ _ _ _ _ _ _ _ _ _ _ _ _ _ _ _ _ _ _ _ _ _ _ _ _ _ _ _ _ _ _ _ _ 

self = PosixPath('/tmp/pytest-of-codex/pytest-753/test_discovery_checking_module4/Helpers.lean')
data = 'namespace Helpers\ntheorem useful : True := True.intro\nend Helpers\n'
encoding = 'utf-8', errors = None, newline = None

    def write_text(self, data, encoding=None, errors=None, newline=None):
        """
        Open the file in text mode, write to it, and close the file.
        """
        if not isinstance(data, str):
            raise TypeError('data must be str, not %s' %
                            data.__class__.__name__)
        encoding = io.text_encoding(encoding)
>       with self.open(mode='w', encoding=encoding, errors=errors, newline=newline) as f:
E       OSError: [Errno 122] Disk quota exceeded

/home/codex/miniconda3/lib/python3.11/pathlib.py:1078: OSError
_ test_discovery_checking_module_does_not_filter_shortlist_scope[imports-roots5-expected5] _
OSError: [Errno 122] Disk quota exceeded

During handling of the above exception, another exception occurred:

tmp_path = PosixPath('/tmp/pytest-of-codex/pytest-753/test_discovery_checking_module5')
scope = 'imports', roots = ['Main']
expected = {'Helpers.useful', 'Main.localFact'}

    @pytest.mark.parametrize(
        ("scope", "roots", "expected"),
        [
            ("repository", [], {"Main.localFact", "Helpers.useful"}),
            ("project", [], {"Main.localFact", "Helpers.useful"}),
            ("module", ["Helpers"], {"Helpers.useful"}),
            ("namespace", ["Helpers"], {"Helpers.useful"}),
            ("file", ["Helpers.lean"], {"Helpers.useful"}),
            ("imports", ["Main"], {"Main.localFact", "Helpers.useful"}),
            ("closure", ["Main"], {"Main.localFact", "Helpers.useful"}),
            ("neighborhood", ["Helpers"], {"Main.localFact", "Helpers.useful"}),
            ("external", [], set()),
        ],
    )
    def test_discovery_checking_module_does_not_filter_shortlist_scope(
        tmp_path: Path, scope: str, roots: list[str], expected: set[str]
    ) -> None:
>       (tmp_path / "Helpers.lean").write_text(
            "namespace Helpers\ntheorem useful : True := True.intro\nend Helpers\n",
            encoding="utf-8",
        )

tests/test_verified_discovery.py:411: 
_ _ _ _ _ _ _ _ _ _ _ _ _ _ _ _ _ _ _ _ _ _ _ _ _ _ _ _ _ _ _ _ _ _ _ _ _ _ _ _ 

self = PosixPath('/tmp/pytest-of-codex/pytest-753/test_discovery_checking_module5/Helpers.lean')
data = 'namespace Helpers\ntheorem useful : True := True.intro\nend Helpers\n'
encoding = 'utf-8', errors = None, newline = None

    def write_text(self, data, encoding=None, errors=None, newline=None):
        """
        Open the file in text mode, write to it, and close the file.
        """
        if not isinstance(data, str):
            raise TypeError('data must be str, not %s' %
                            data.__class__.__name__)
        encoding = io.text_encoding(encoding)
>       with self.open(mode='w', encoding=encoding, errors=errors, newline=newline) as f:
E       OSError: [Errno 122] Disk quota exceeded

/home/codex/miniconda3/lib/python3.11/pathlib.py:1078: OSError
_ test_discovery_checking_module_does_not_filter_shortlist_scope[closure-roots6-expected6] _
OSError: [Errno 122] Disk quota exceeded

During handling of the above exception, another exception occurred:

tmp_path = PosixPath('/tmp/pytest-of-codex/pytest-753/test_discovery_checking_module6')
scope = 'closure', roots = ['Main']
expected = {'Helpers.useful', 'Main.localFact'}

    @pytest.mark.parametrize(
        ("scope", "roots", "expected"),
        [
            ("repository", [], {"Main.localFact", "Helpers.useful"}),
            ("project", [], {"Main.localFact", "Helpers.useful"}),
            ("module", ["Helpers"], {"Helpers.useful"}),
            ("namespace", ["Helpers"], {"Helpers.useful"}),
            ("file", ["Helpers.lean"], {"Helpers.useful"}),
            ("imports", ["Main"], {"Main.localFact", "Helpers.useful"}),
            ("closure", ["Main"], {"Main.localFact", "Helpers.useful"}),
            ("neighborhood", ["Helpers"], {"Main.localFact", "Helpers.useful"}),
            ("external", [], set()),
        ],
    )
    def test_discovery_checking_module_does_not_filter_shortlist_scope(
        tmp_path: Path, scope: str, roots: list[str], expected: set[str]
    ) -> None:
>       (tmp_path / "Helpers.lean").write_text(
            "namespace Helpers\ntheorem useful : True := True.intro\nend Helpers\n",
            encoding="utf-8",
        )

tests/test_verified_discovery.py:411: 
_ _ _ _ _ _ _ _ _ _ _ _ _ _ _ _ _ _ _ _ _ _ _ _ _ _ _ _ _ _ _ _ _ _ _ _ _ _ _ _ 

self = PosixPath('/tmp/pytest-of-codex/pytest-753/test_discovery_checking_module6/Helpers.lean')
data = 'namespace Helpers\ntheorem useful : True := True.intro\nend Helpers\n'
encoding = 'utf-8', errors = None, newline = None

    def write_text(self, data, encoding=None, errors=None, newline=None):
        """
        Open the file in text mode, write to it, and close the file.
        """
        if not isinstance(data, str):
            raise TypeError('data must be str, not %s' %
                            data.__class__.__name__)
        encoding = io.text_encoding(encoding)
>       with self.open(mode='w', encoding=encoding, errors=errors, newline=newline) as f:
E       OSError: [Errno 122] Disk quota exceeded

/home/codex/miniconda3/lib/python3.11/pathlib.py:1078: OSError
_ test_discovery_checking_module_does_not_filter_shortlist_scope[neighborhood-roots7-expected7] _
OSError: [Errno 122] Disk quota exceeded

During handling of the above exception, another exception occurred:

tmp_path = PosixPath('/tmp/pytest-of-codex/pytest-753/test_discovery_checking_module7')
scope = 'neighborhood', roots = ['Helpers']
expected = {'Helpers.useful', 'Main.localFact'}

    @pytest.mark.parametrize(
        ("scope", "roots", "expected"),
        [
            ("repository", [], {"Main.localFact", "Helpers.useful"}),
            ("project", [], {"Main.localFact", "Helpers.useful"}),
            ("module", ["Helpers"], {"Helpers.useful"}),
            ("namespace", ["Helpers"], {"Helpers.useful"}),
            ("file", ["Helpers.lean"], {"Helpers.useful"}),
            ("imports", ["Main"], {"Main.localFact", "Helpers.useful"}),
            ("closure", ["Main"], {"Main.localFact", "Helpers.useful"}),
            ("neighborhood", ["Helpers"], {"Main.localFact", "Helpers.useful"}),
            ("external", [], set()),
        ],
    )
    def test_discovery_checking_module_does_not_filter_shortlist_scope(
        tmp_path: Path, scope: str, roots: list[str], expected: set[str]
    ) -> None:
>       (tmp_path / "Helpers.lean").write_text(
            "namespace Helpers\ntheorem useful : True := True.intro\nend Helpers\n",
            encoding="utf-8",
        )

tests/test_verified_discovery.py:411: 
_ _ _ _ _ _ _ _ _ _ _ _ _ _ _ _ _ _ _ _ _ _ _ _ _ _ _ _ _ _ _ _ _ _ _ _ _ _ _ _ 

self = PosixPath('/tmp/pytest-of-codex/pytest-753/test_discovery_checking_module7/Helpers.lean')
data = 'namespace Helpers\ntheorem useful : True := True.intro\nend Helpers\n'
encoding = 'utf-8', errors = None, newline = None

    def write_text(self, data, encoding=None, errors=None, newline=None):
        """
        Open the file in text mode, write to it, and close the file.
        """
        if not isinstance(data, str):
            raise TypeError('data must be str, not %s' %
                            data.__class__.__name__)
        encoding = io.text_encoding(encoding)
>       with self.open(mode='w', encoding=encoding, errors=errors, newline=newline) as f:
E       OSError: [Errno 122] Disk quota exceeded

/home/codex/miniconda3/lib/python3.11/pathlib.py:1078: OSError
_ test_discovery_checking_module_does_not_filter_shortlist_scope[external-roots8-expected8] _
OSError: [Errno 122] Disk quota exceeded

During handling of the above exception, another exception occurred:

tmp_path = PosixPath('/tmp/pytest-of-codex/pytest-753/test_discovery_checking_module8')
scope = 'external', roots = [], expected = set()

    @pytest.mark.parametrize(
        ("scope", "roots", "expected"),
        [
            ("repository", [], {"Main.localFact", "Helpers.useful"}),
            ("project", [], {"Main.localFact", "Helpers.useful"}),
            ("module", ["Helpers"], {"Helpers.useful"}),
            ("namespace", ["Helpers"], {"Helpers.useful"}),
            ("file", ["Helpers.lean"], {"Helpers.useful"}),
            ("imports", ["Main"], {"Main.localFact", "Helpers.useful"}),
            ("closure", ["Main"], {"Main.localFact", "Helpers.useful"}),
            ("neighborhood", ["Helpers"], {"Main.localFact", "Helpers.useful"}),
            ("external", [], set()),
        ],
    )
    def test_discovery_checking_module_does_not_filter_shortlist_scope(
        tmp_path: Path, scope: str, roots: list[str], expected: set[str]
    ) -> None:
        (tmp_path / "Helpers.lean").write_text(
            "namespace Helpers\ntheorem useful : True := True.intro\nend Helpers\n",
            encoding="utf-8",
        )
>       (tmp_path / "Main.lean").write_text(
            "import Helpers\nnamespace Main\ntheorem localFact : True := True.intro\nend Main\n",
            encoding="utf-8",
        )

tests/test_verified_discovery.py:415: 
_ _ _ _ _ _ _ _ _ _ _ _ _ _ _ _ _ _ _ _ _ _ _ _ _ _ _ _ _ _ _ _ _ _ _ _ _ _ _ _ 

self = PosixPath('/tmp/pytest-of-codex/pytest-753/test_discovery_checking_module8/Main.lean')
data = 'import Helpers\nnamespace Main\ntheorem localFact : True := True.intro\nend Main\n'
encoding = 'utf-8', errors = None, newline = None

    def write_text(self, data, encoding=None, errors=None, newline=None):
        """
        Open the file in text mode, write to it, and close the file.
        """
        if not isinstance(data, str):
            raise TypeError('data must be str, not %s' %
                            data.__class__.__name__)
        encoding = io.text_encoding(encoding)
>       with self.open(mode='w', encoding=encoding, errors=errors, newline=newline) as f:
E       OSError: [Errno 122] Disk quota exceeded

/home/codex/miniconda3/lib/python3.11/pathlib.py:1078: OSError
______ test_discovery_shortlist_mode_reuses_type_text_scope_and_coverage _______
OSError: [Errno 122] Disk quota exceeded

During handling of the above exception, another exception occurred:

tmp_path = PosixPath('/tmp/pytest-of-codex/pytest-753/test_discovery_shortlist_mode_0')

    def test_discovery_shortlist_mode_reuses_type_text_scope_and_coverage(tmp_path: Path) -> None:
>       (tmp_path / "Main.lean").write_text(
            "theorem first : Nat := 1\ntheorem second : Nat := 2\n",
            encoding="utf-8",
        )

tests/test_verified_discovery.py:432: 
_ _ _ _ _ _ _ _ _ _ _ _ _ _ _ _ _ _ _ _ _ _ _ _ _ _ _ _ _ _ _ _ _ _ _ _ _ _ _ _ 

self = PosixPath('/tmp/pytest-of-codex/pytest-753/test_discovery_shortlist_mode_0/Main.lean')
data = 'theorem first : Nat := 1\ntheorem second : Nat := 2\n'
encoding = 'utf-8', errors = None, newline = None

    def write_text(self, data, encoding=None, errors=None, newline=None):
        """
        Open the file in text mode, write to it, and close the file.
        """
        if not isinstance(data, str):
            raise TypeError('data must be str, not %s' %
                            data.__class__.__name__)
        encoding = io.text_encoding(encoding)
>       with self.open(mode='w', encoding=encoding, errors=errors, newline=newline) as f:
E       OSError: [Errno 122] Disk quota exceeded

/home/codex/miniconda3/lib/python3.11/pathlib.py:1078: OSError
____________ test_packet_evidence_detects_complete_synthetic_packet ____________
OSError: [Errno 122] Disk quota exceeded

During handling of the above exception, another exception occurred:

tmp_path = PosixPath('/tmp/pytest-of-codex/pytest-753/test_packet_evidence_detects_c0')

    def test_packet_evidence_detects_complete_synthetic_packet(tmp_path: Path) -> None:
        packet = tmp_path / "packet"
        (packet / "witnesses" / "demo" / "artifacts").mkdir(parents=True)
        (packet / "witnesses" / "demo" / "tests").mkdir(parents=True)
>       (packet / "witnesses" / "demo" / "check.py").write_text("print('ok')\n", encoding="utf-8")

tests/test_witness_packet.py:17: 
_ _ _ _ _ _ _ _ _ _ _ _ _ _ _ _ _ _ _ _ _ _ _ _ _ _ _ _ _ _ _ _ _ _ _ _ _ _ _ _ 

self = PosixPath('/tmp/pytest-of-codex/pytest-753/test_packet_evidence_detects_c0/packet/witnesses/demo/check.py')
data = "print('ok')\n", encoding = 'utf-8', errors = None, newline = None

    def write_text(self, data, encoding=None, errors=None, newline=None):
        """
        Open the file in text mode, write to it, and close the file.
        """
        if not isinstance(data, str):
            raise TypeError('data must be str, not %s' %
                            data.__class__.__name__)
        encoding = io.text_encoding(encoding)
>       with self.open(mode='w', encoding=encoding, errors=errors, newline=newline) as f:
E       OSError: [Errno 122] Disk quota exceeded

/home/codex/miniconda3/lib/python3.11/pathlib.py:1078: OSError
____________ test_packet_evidence_profiles_review_packet_separately ____________
OSError: [Errno 122] Disk quota exceeded

During handling of the above exception, another exception occurred:

tmp_path = PosixPath('/tmp/pytest-of-codex/pytest-753/test_packet_evidence_profiles_0')

    def test_packet_evidence_profiles_review_packet_separately(tmp_path: Path) -> None:
        packet = tmp_path / "packet"
        (packet / "tests").mkdir(parents=True)
>       (packet / "manifest.json").write_text("{}\n", encoding="utf-8")

tests/test_witness_packet.py:40: 
_ _ _ _ _ _ _ _ _ _ _ _ _ _ _ _ _ _ _ _ _ _ _ _ _ _ _ _ _ _ _ _ _ _ _ _ _ _ _ _ 

self = PosixPath('/tmp/pytest-of-codex/pytest-753/test_packet_evidence_profiles_0/packet/manifest.json')
data = '{}\n', encoding = 'utf-8', errors = None, newline = None

    def write_text(self, data, encoding=None, errors=None, newline=None):
        """
        Open the file in text mode, write to it, and close the file.
        """
        if not isinstance(data, str):
            raise TypeError('data must be str, not %s' %
                            data.__class__.__name__)
        encoding = io.text_encoding(encoding)
>       with self.open(mode='w', encoding=encoding, errors=errors, newline=newline) as f:
E       OSError: [Errno 122] Disk quota exceeded

/home/codex/miniconda3/lib/python3.11/pathlib.py:1078: OSError
___________ test_packet_evidence_profiles_witness_bundle_as_partial ____________
OSError: [Errno 122] Disk quota exceeded

During handling of the above exception, another exception occurred:

tmp_path = PosixPath('/tmp/pytest-of-codex/pytest-753/test_packet_evidence_profiles_1')

    def test_packet_evidence_profiles_witness_bundle_as_partial(tmp_path: Path) -> None:
        packet = tmp_path / "packet"
        packet.mkdir()
>       (packet / "manifest.json").write_text("{}\n", encoding="utf-8")

tests/test_witness_packet.py:56: 
_ _ _ _ _ _ _ _ _ _ _ _ _ _ _ _ _ _ _ _ _ _ _ _ _ _ _ _ _ _ _ _ _ _ _ _ _ _ _ _ 

self = PosixPath('/tmp/pytest-of-codex/pytest-753/test_packet_evidence_profiles_1/packet/manifest.json')
data = '{}\n', encoding = 'utf-8', errors = None, newline = None

    def write_text(self, data, encoding=None, errors=None, newline=None):
        """
        Open the file in text mode, write to it, and close the file.
        """
        if not isinstance(data, str):
            raise TypeError('data must be str, not %s' %
                            data.__class__.__name__)
        encoding = io.text_encoding(encoding)
>       with self.open(mode='w', encoding=encoding, errors=errors, newline=newline) as f:
E       OSError: [Errno 122] Disk quota exceeded

/home/codex/miniconda3/lib/python3.11/pathlib.py:1078: OSError
_____________ test_cli_packet_dir_adds_packet_evidence_to_reports ______________
OSError: [Errno 122] Disk quota exceeded

During handling of the above exception, another exception occurred:

tmp_path = PosixPath('/tmp/pytest-of-codex/pytest-753/test_cli_packet_dir_adds_packe0')

    def test_cli_packet_dir_adds_packet_evidence_to_reports(tmp_path: Path) -> None:
        packet = tmp_path / "packet"
        packet.mkdir()
>       (packet / "manifest.json").write_text("{}\n", encoding="utf-8")

tests/test_witness_packet.py:77: 
_ _ _ _ _ _ _ _ _ _ _ _ _ _ _ _ _ _ _ _ _ _ _ _ _ _ _ _ _ _ _ _ _ _ _ _ _ _ _ _ 

self = PosixPath('/tmp/pytest-of-codex/pytest-753/test_cli_packet_dir_adds_packe0/packet/manifest.json')
data = '{}\n', encoding = 'utf-8', errors = None, newline = None

    def write_text(self, data, encoding=None, errors=None, newline=None):
        """
        Open the file in text mode, write to it, and close the file.
        """
        if not isinstance(data, str):
            raise TypeError('data must be str, not %s' %
                            data.__class__.__name__)
        encoding = io.text_encoding(encoding)
>       with self.open(mode='w', encoding=encoding, errors=errors, newline=newline) as f:
E       OSError: [Errno 122] Disk quota exceeded

/home/codex/miniconda3/lib/python3.11/pathlib.py:1078: OSError
=============================== warnings summary ===============================
../../ladon-clean-gate-5_kyhnnq/environment/lib/python3.11/site-packages/_pytest/cacheprovider.py:475
  /tmp/ladon-clean-gate-5_kyhnnq/environment/lib/python3.11/site-packages/_pytest/cacheprovider.py:475: PytestCacheWarning: could not create cache path /tmp/ladon-candidate-07__zup1/source/.pytest_cache/v/cache/nodeids: [Errno 122] Disk quota exceeded
    config.cache.set("cache/nodeids", sorted(self.cached_nodeids))

../../ladon-clean-gate-5_kyhnnq/environment/lib/python3.11/site-packages/_pytest/cacheprovider.py:429
  /tmp/ladon-clean-gate-5_kyhnnq/environment/lib/python3.11/site-packages/_pytest/cacheprovider.py:429: PytestCacheWarning: could not create cache path /tmp/ladon-candidate-07__zup1/source/.pytest_cache/v/cache/lastfailed: [Errno 122] Disk quota exceeded
    config.cache.set("cache/lastfailed", self.lastfailed)

-- Docs: https://docs.pytest.org/en/stable/how-to/capture-warnings.html
=========================== short test summary info ============================
FAILED tests/test_audit_enrichment.py::test_real_helper_supplies_exact_check_and_axiom_results - RuntimeError: Lean elaborated helper failed for LadonDeclarationFixture.lean: info: Version 4.2.4 of elan is available! Use `elan self update` to update.
info: downloading https://releases.lean-lang.org/lean4/v4.32.1/lean-4.32.1-linux.tar.zst
info: installing /tmp/ladon-clean-gate-5_kyhnnq/home/.elan/toolchains/leanprover--lean4---v4.32.1
error: failed to extract package
info: caused by: failed to unpack `lean-4.32.1-linux/lib/lean/Lean/Meta/Tactic/Grind/AC/Eq.olean` into `/tmp/ladon-clean-gate-5_kyhnnq/home/.elan/toolchains/leanprover--lean4---v4.32.tmp/lib/lean/Lean/Meta/Tactic/Grind/AC/Eq.olean`
info: caused by: Quota exceeded (os error 122)
FAILED tests/test_discovery_scope_lean_integration.py::test_console_discovers_and_checks_imported_lemma[repository-stored] - AssertionError: {"diagnostic":{"code":"toolchain-unavailable","message":"cannot inspect lake version: timed out","remediation":"Run 'ladon doctor --json' and correct the reported Lean/Lake posture."},"exitClass":"operational","exitCode":1,"operation":"discover","schema":"ladon-proof-search-terminal-v1","status":"failed"}
  
assert 1 == 0
 +  where 1 = CompletedProcess(args=['/tmp/ladon-clean-gate-5_kyhnnq/environment/bin/ladon', 'proof-search', 'discover', '--repo-roo...ass":"operational","exitCode":1,"operation":"discover","schema":"ladon-proof-search-terminal-v1","status":"failed"}\n').returncode
FAILED tests/test_discovery_scope_lean_integration.py::test_console_discovers_and_checks_imported_lemma[module-verify] - AssertionError: {"diagnostic":{"code":"toolchain-unavailable","message":"cannot inspect lake version: failed or exceeded output bounds","remediation":"Run 'ladon doctor --json' and correct the reported Lean/Lake posture."},"exitClass":"operational","exitCode":1,"operation":"discover","schema":"ladon-proof-search-terminal-v1","status":"failed"}
  
assert 1 == 0
 +  where 1 = CompletedProcess(args=['/tmp/ladon-clean-gate-5_kyhnnq/environment/bin/ladon', 'proof-search', 'discover', '--repo-roo...ass":"operational","exitCode":1,"operation":"discover","schema":"ladon-proof-search-terminal-v1","status":"failed"}\n').returncode
FAILED tests/test_semantic_candidate_lean_integration.py::test_default_ambient_scratch_receipt_is_expandable - AssertionError: {"diagnostic":{"code":"toolchain-unavailable","message":"cannot inspect lake version: failed or exceeded output bounds","remediation":"Run 'ladon doctor --json' and correct the reported Lean/Lake posture."},"exitClass":"operational","exitCode":1,"operation":"discover","schema":"ladon-proof-search-terminal-v1","status":"failed"}
  
assert 1 == 0
 +  where 1 = CompletedProcess(args=['/tmp/ladon-clean-gate-5_kyhnnq/environment/bin/python3', '-m', 'ladon.entrypoint', 'proof-sear...ass":"operational","exitCode":1,"operation":"discover","schema":"ladon-proof-search-terminal-v1","status":"failed"}\n').returncode
FAILED tests/test_semantic_candidate_lean_integration.py::test_installed_cli_emits_batch_closed_semantic_evidence - AssertionError: {"diagnostic":{"code":"toolchain-unavailable","message":"cannot inspect lake version: failed or exceeded output bounds","remediation":"Run 'ladon doctor --json' and correct the reported Lean/Lake posture."},"exitClass":"operational","exitCode":1,"operation":"check.candidate","schema":"ladon-proof-search-terminal-v1","status":"failed"}
  
assert 1 == 0
 +  where 1 = CompletedProcess(args=['/tmp/ladon-clean-gate-5_kyhnnq/environment/bin/python3', '-m', 'ladon.entrypoint', 'proof-sear...perational","exitCode":1,"operation":"check.candidate","schema":"ladon-proof-search-terminal-v1","status":"failed"}\n').returncode
FAILED tests/test_semantic_candidate_lean_integration.py::test_installed_cli_default_projection_is_compact_and_expandable - AssertionError: {"diagnostic":{"code":"toolchain-unavailable","message":"cannot inspect lake version: failed or exceeded output bounds","remediation":"Run 'ladon doctor --json' and correct the reported Lean/Lake posture."},"exitClass":"operational","exitCode":1,"operation":"check.candidate","schema":"ladon-proof-search-terminal-v1","status":"failed"}
  
assert 1 == 0
 +  where 1 = CompletedProcess(args=['/tmp/ladon-clean-gate-5_kyhnnq/environment/bin/python3', '-m', 'ladon.entrypoint', 'proof-sear...perational","exitCode":1,"operation":"check.candidate","schema":"ladon-proof-search-terminal-v1","status":"failed"}\n').returncode
FAILED tests/test_semantic_candidate_lean_integration.py::test_discovery_batches_candidates_and_replays_selected_scratch - AssertionError: {"diagnostic":{"code":"toolchain-unavailable","message":"cannot inspect lake version: failed or exceeded output bounds","remediation":"Run 'ladon doctor --json' and correct the reported Lean/Lake posture."},"exitClass":"operational","exitCode":1,"operation":"discover","schema":"ladon-proof-search-terminal-v1","status":"failed"}
  
assert 1 == 0
 +  where 1 = CompletedProcess(args=['/tmp/ladon-clean-gate-5_kyhnnq/environment/bin/python3', '-m', 'ladon.entrypoint', 'proof-sear...ass":"operational","exitCode":1,"operation":"discover","schema":"ladon-proof-search-terminal-v1","status":"failed"}\n').returncode
FAILED tests/test_semantic_candidate_lean_integration.py::test_discovery_default_is_compact_and_does_not_replay_scratch - AssertionError: {"diagnostic":{"code":"toolchain-unavailable","message":"cannot inspect lake version: failed or exceeded output bounds","remediation":"Run 'ladon doctor --json' and correct the reported Lean/Lake posture."},"exitClass":"operational","exitCode":1,"operation":"discover","schema":"ladon-proof-search-terminal-v1","status":"failed"}
  
assert 1 == 0
 +  where 1 = CompletedProcess(args=['/tmp/ladon-clean-gate-5_kyhnnq/environment/bin/python3', '-m', 'ladon.entrypoint', 'proof-sear...ass":"operational","exitCode":1,"operation":"discover","schema":"ladon-proof-search-terminal-v1","status":"failed"}\n').returncode
FAILED tests/test_semantic_candidate_lean_integration.py::test_installed_cli_accepts_caller_local_context - AssertionError: {"diagnostic":{"code":"toolchain-unavailable","message":"cannot inspect lake version: failed or exceeded output bounds","remediation":"Run 'ladon doctor --json' and correct the reported Lean/Lake posture."},"exitClass":"operational","exitCode":1,"operation":"discover","schema":"ladon-proof-search-terminal-v1","status":"failed"}
  
assert 1 == 0
 +  where 1 = CompletedProcess(args=['/tmp/ladon-clean-gate-5_kyhnnq/environment/bin/python3', '-m', 'ladon.entrypoint', 'proof-sear...ass":"operational","exitCode":1,"operation":"discover","schema":"ladon-proof-search-terminal-v1","status":"failed"}\n').returncode
FAILED tests/test_semantic_candidate_lean_integration.py::test_lean_owned_name_parser_accepts_unicode_declaration_name - AssertionError: {"diagnostic":{"code":"toolchain-unavailable","message":"cannot inspect lake version: failed or exceeded output bounds","remediation":"Run 'ladon doctor --json' and correct the reported Lean/Lake posture."},"exitClass":"operational","exitCode":1,"operation":"check.candidate","schema":"ladon-proof-search-terminal-v1","status":"failed"}
  
assert 1 == 0
 +  where 1 = CompletedProcess(args=['/tmp/ladon-clean-gate-5_kyhnnq/environment/bin/python3', '-m', 'ladon.entrypoint', 'proof-sear...perational","exitCode":1,"operation":"check.candidate","schema":"ladon-proof-search-terminal-v1","status":"failed"}\n').returncode
FAILED tests/test_semantic_candidate_lean_integration.py::test_worker_preserves_complete_introduced_local_context - AssertionError: {"diagnostic":{"code":"toolchain-unavailable","message":"cannot inspect lake version: failed or exceeded output bounds","remediation":"Run 'ladon doctor --json' and correct the reported Lean/Lake posture."},"exitClass":"operational","exitCode":1,"operation":"check.candidate","schema":"ladon-proof-search-terminal-v1","status":"failed"}
  
assert 1 == 0
 +  where 1 = CompletedProcess(args=['/tmp/ladon-clean-gate-5_kyhnnq/environment/bin/python3', '-m', 'ladon.entrypoint', 'proof-sear...perational","exitCode":1,"operation":"check.candidate","schema":"ladon-proof-search-terminal-v1","status":"failed"}\n').returncode
FAILED tests/test_semantic_candidate_lean_integration.py::test_theorem_query_accepts_worker_candidate_declaration_name - AssertionError: assert 'failed-checker' == 'accepted'
  
  - accepted
  + failed-checker
FAILED tests/test_semantic_candidate_residual_integration.py::test_lean_application_emits_substitutions_residuals_and_context - AssertionError: {"diagnostic":{"code":"toolchain-unavailable","message":"cannot inspect lake version: failed or exceeded output bounds","remediation":"Run 'ladon doctor --json' and correct the reported Lean/Lake posture."},"exitClass":"operational","exitCode":1,"operation":"check.candidate","schema":"ladon-proof-search-terminal-v1","status":"failed"}
  
assert 1 == 0
 +  where 1 = CompletedProcess(args=['/tmp/ladon-clean-gate-5_kyhnnq/environment/bin/python3', '-m', 'ladon.entrypoint', 'proof-sear...perational","exitCode":1,"operation":"check.candidate","schema":"ladon-proof-search-terminal-v1","status":"failed"}\n').returncode
FAILED tests/test_semantic_candidate_security_contract.py::test_lean_name_parser_rejects_non_identifier_candidate - assert 1 == 0
 +  where 1 = CompletedProcess(args=['/tmp/ladon-clean-gate-5_kyhnnq/environment/bin/python3', '-m', 'ladon.entrypoint', 'proof-sear...perational","exitCode":1,"operation":"check.candidate","schema":"ladon-proof-search-terminal-v1","status":"failed"}\n').returncode
FAILED tests/test_semantic_candidate_security_contract.py::test_missing_candidate_is_reference_closed_semantic_rejection - AssertionError: {"diagnostic":{"code":"toolchain-unavailable","message":"cannot inspect lake version: failed or exceeded output bounds","remediation":"Run 'ladon doctor --json' and correct the reported Lean/Lake posture."},"exitClass":"operational","exitCode":1,"operation":"check.candidate","schema":"ladon-proof-search-terminal-v1","status":"failed"}
  
assert 1 == 0
 +  where 1 = CompletedProcess(args=['/tmp/ladon-clean-gate-5_kyhnnq/environment/bin/python3', '-m', 'ladon.entrypoint', 'proof-sear...perational","exitCode":1,"operation":"check.candidate","schema":"ladon-proof-search-terminal-v1","status":"failed"}\n').returncode
FAILED tests/test_semantic_candidate_security_contract.py::test_real_check_claims_elaborator_route_not_kernel_theorem_truth - AssertionError: {"diagnostic":{"code":"toolchain-unavailable","message":"cannot inspect lake version: failed or exceeded output bounds","remediation":"Run 'ladon doctor --json' and correct the reported Lean/Lake posture."},"exitClass":"operational","exitCode":1,"operation":"check.candidate","schema":"ladon-proof-search-terminal-v1","status":"failed"}
  
assert 1 == 0
 +  where 1 = CompletedProcess(args=['/tmp/ladon-clean-gate-5_kyhnnq/environment/bin/python3', '-m', 'ladon.entrypoint', 'proof-sear...perational","exitCode":1,"operation":"check.candidate","schema":"ladon-proof-search-terminal-v1","status":"failed"}\n').returncode
FAILED tests/test_theorem_capsule_materialization.py::test_materialization_preserves_multiple_declared_source_roots - ladon.theorem_capsule_models.CapsuleOperationalError: Lean theorem helper failed for src/Main.lean: info: Version 4.2.4 of elan is available! Use `elan self update` to update.
info: downloading https://releases.lean-lang.org/lean4/v4.32.1/lean-4.32.1-linux.tar.zst

thread 'main' panicked at library/std/src/io/stdio.rs:1165:9:
failed printing to stdout: Quota exceeded (os error 122)
note: run with `RUST_BACKTRACE=1` environment variable to display a backtrace
FAILED tests/test_theorem_capsule_replay.py::test_replay_supported_tar_archive - shutil.Error: [('/tmp/ladon-candidate-07__zup1/source/tests/fixtures/theorem_capsule/lean-toolchain', '/tmp/pytest-of-codex/pytest-753/test_replay_supported_tar_arch0/repository/lean-toolchain', '[Errno 122] Disk quota exceeded'), ('/tmp/ladon-candidate-07__zup1/source/tests/fixtures/theorem_capsule/lakefile.toml', '/tmp/pytest-of-codex/pytest-753/test_replay_supported_tar_arch0/repository/lakefile.toml', '[Errno 122] Disk quota exceeded'), ('/tmp/ladon-candidate-07__zup1/source/tests/fixtures/theorem_capsule/CapsuleFixture/Large.lean', '/tmp/pytest-of-codex/pytest-753/test_replay_supported_tar_arch0/repository/CapsuleFixture/Large.lean', '[Errno 122] Disk quota exceeded'), ('/tmp/ladon-candidate-07__zup1/source/tests/fixtures/theorem_capsule/CapsuleFixture/Base.lean', '/tmp/pytest-of-codex/pytest-753/test_replay_supported_tar_arch0/repository/CapsuleFixture/Base.lean', '[Errno 122] Disk quota exceeded'), ('/tmp/ladon-candidate-07__zup1/source/tests/fixtures/theorem_capsule/CapsuleFixture.lean', '/tmp/pytest-of-codex/pytest-753/test_replay_supported_tar_arch0/repository/CapsuleFixture.lean', '[Errno 122] Disk quota exceeded')]
FAILED tests/test_theorem_capsule_replay.py::test_replay_supported_zip_archive - shutil.Error: [('/tmp/ladon-candidate-07__zup1/source/tests/fixtures/theorem_capsule/lean-toolchain', '/tmp/pytest-of-codex/pytest-753/test_replay_supported_zip_arch0/repository/lean-toolchain', '[Errno 122] Disk quota exceeded'), ('/tmp/ladon-candidate-07__zup1/source/tests/fixtures/theorem_capsule/lakefile.toml', '/tmp/pytest-of-codex/pytest-753/test_replay_supported_zip_arch0/repository/lakefile.toml', '[Errno 122] Disk quota exceeded'), ('/tmp/ladon-candidate-07__zup1/source/tests/fixtures/theorem_capsule/CapsuleFixture/Large.lean', '/tmp/pytest-of-codex/pytest-753/test_replay_supported_zip_arch0/repository/CapsuleFixture/Large.lean', '[Errno 122] Disk quota exceeded'), ('/tmp/ladon-candidate-07__zup1/source/tests/fixtures/theorem_capsule/CapsuleFixture/Base.lean', '/tmp/pytest-of-codex/pytest-753/test_replay_supported_zip_arch0/repository/CapsuleFixture/Base.lean', '[Errno 122] Disk quota exceeded'), ('/tmp/ladon-candidate-07__zup1/source/tests/fixtures/theorem_capsule/CapsuleFixture.lean', '/tmp/pytest-of-codex/pytest-753/test_replay_supported_zip_arch0/repository/CapsuleFixture.lean', '[Errno 122] Disk quota exceeded')]
FAILED tests/test_theorem_capsule_replay.py::test_replay_rejects_zip_symlink_before_extraction - OSError: [Errno 122] Disk quota exceeded
FAILED tests/test_theorem_capsule_replay.py::test_replay_verifies_multiple_source_roots_without_checkout - shutil.Error: [('/tmp/ladon-candidate-07__zup1/source/tests/fixtures/theorem_capsule_multi_root/support/Support.lean', '/tmp/pytest-of-codex/pytest-753/test_replay_verifies_multiple_0/repository/support/Support.lean', '[Errno 122] Disk quota exceeded'), ('/tmp/ladon-candidate-07__zup1/source/tests/fixtures/theorem_capsule_multi_root/src/Main.lean', '/tmp/pytest-of-codex/pytest-753/test_replay_verifies_multiple_0/repository/src/Main.lean', '[Errno 122] Disk quota exceeded'), ('/tmp/ladon-candidate-07__zup1/source/tests/fixtures/theorem_capsule_multi_root/lean-toolchain', '/tmp/pytest-of-codex/pytest-753/test_replay_verifies_multiple_0/repository/lean-toolchain', '[Errno 122] Disk quota exceeded'), ('/tmp/ladon-candidate-07__zup1/source/tests/fixtures/theorem_capsule_multi_root/lakefile.toml', '/tmp/pytest-of-codex/pytest-753/test_replay_verifies_multiple_0/repository/lakefile.toml', '[Errno 122] Disk quota exceeded')]
FAILED tests/test_theorem_capsule_replay.py::test_extract_cli_composes_the_same_services - shutil.Error: [('/tmp/ladon-candidate-07__zup1/source/tests/fixtures/theorem_capsule/lean-toolchain', '/tmp/pytest-of-codex/pytest-753/test_extract_cli_composes_the_0/repository/lean-toolchain', '[Errno 122] Disk quota exceeded'), ('/tmp/ladon-candidate-07__zup1/source/tests/fixtures/theorem_capsule/lakefile.toml', '/tmp/pytest-of-codex/pytest-753/test_extract_cli_composes_the_0/repository/lakefile.toml', '[Errno 122] Disk quota exceeded'), ('/tmp/ladon-candidate-07__zup1/source/tests/fixtures/theorem_capsule/CapsuleFixture/Large.lean', '/tmp/pytest-of-codex/pytest-753/test_extract_cli_composes_the_0/repository/CapsuleFixture/Large.lean', '[Errno 122] Disk quota exceeded'), ('/tmp/ladon-candidate-07__zup1/source/tests/fixtures/theorem_capsule/CapsuleFixture/Base.lean', '/tmp/pytest-of-codex/pytest-753/test_extract_cli_composes_the_0/repository/CapsuleFixture/Base.lean', '[Errno 122] Disk quota exceeded'), ('/tmp/ladon-candidate-07__zup1/source/tests/fixtures/theorem_capsule/CapsuleFixture.lean', '/tmp/pytest-of-codex/pytest-753/test_extract_cli_composes_the_0/repository/CapsuleFixture.lean', '[Errno 122] Disk quota exceeded')]
FAILED tests/test_verified_discovery.py::test_discovery_checking_module_does_not_filter_shortlist_scope[repository-roots0-expected0] - OSError: [Errno 122] Disk quota exceeded
FAILED tests/test_verified_discovery.py::test_discovery_checking_module_does_not_filter_shortlist_scope[project-roots1-expected1] - OSError: [Errno 122] Disk quota exceeded
FAILED tests/test_verified_discovery.py::test_discovery_checking_module_does_not_filter_shortlist_scope[module-roots2-expected2] - OSError: [Errno 122] Disk quota exceeded
FAILED tests/test_verified_discovery.py::test_discovery_checking_module_does_not_filter_shortlist_scope[namespace-roots3-expected3] - OSError: [Errno 122] Disk quota exceeded
FAILED tests/test_verified_discovery.py::test_discovery_checking_module_does_not_filter_shortlist_scope[file-roots4-expected4] - OSError: [Errno 122] Disk quota exceeded
FAILED tests/test_verified_discovery.py::test_discovery_checking_module_does_not_filter_shortlist_scope[imports-roots5-expected5] - OSError: [Errno 122] Disk quota exceeded
FAILED tests/test_verified_discovery.py::test_discovery_checking_module_does_not_filter_shortlist_scope[closure-roots6-expected6] - OSError: [Errno 122] Disk quota exceeded
FAILED tests/test_verified_discovery.py::test_discovery_checking_module_does_not_filter_shortlist_scope[neighborhood-roots7-expected7] - OSError: [Errno 122] Disk quota exceeded
FAILED tests/test_verified_discovery.py::test_discovery_checking_module_does_not_filter_shortlist_scope[external-roots8-expected8] - OSError: [Errno 122] Disk quota exceeded
FAILED tests/test_verified_discovery.py::test_discovery_shortlist_mode_reuses_type_text_scope_and_coverage - OSError: [Errno 122] Disk quota exceeded
FAILED tests/test_witness_packet.py::test_packet_evidence_detects_complete_synthetic_packet - OSError: [Errno 122] Disk quota exceeded
FAILED tests/test_witness_packet.py::test_packet_evidence_profiles_review_packet_separately - OSError: [Errno 122] Disk quota exceeded
FAILED tests/test_witness_packet.py::test_packet_evidence_profiles_witness_bundle_as_partial - OSError: [Errno 122] Disk quota exceeded
FAILED tests/test_witness_packet.py::test_cli_packet_dir_adds_packet_evidence_to_reports - OSError: [Errno 122] Disk quota exceeded
ERROR tests/test_theorem_capsule_materialization.py::test_materialization_preserves_prefix_and_imports - ladon.theorem_capsule_models.CapsuleOperationalError: Lean theorem helper failed for CapsuleFixture.lean: info: Version 4.2.4 of elan is available! Use `elan self update` to update.
info: downloading https://releases.lean-lang.org/lean4/v4.32.1/lean-4.32.1-linux.tar.zst

thread 'main' panicked at library/std/src/io/stdio.rs:1165:9:
failed printing to stdout: Quota exceeded (os error 122)
note: run with `RUST_BACKTRACE=1` environment variable to display a backtrace
ERROR tests/test_theorem_capsule_materialization.py::test_materialization_is_deterministic - ladon.theorem_capsule_models.CapsuleOperationalError: Lean theorem helper failed for CapsuleFixture.lean: info: Version 4.2.4 of elan is available! Use `elan self update` to update.
info: downloading https://releases.lean-lang.org/lean4/v4.32.1/lean-4.32.1-linux.tar.zst

thread 'main' panicked at library/std/src/io/stdio.rs:1165:9:
failed printing to stdout: Quota exceeded (os error 122)
note: run with `RUST_BACKTRACE=1` environment variable to display a backtrace
ERROR tests/test_theorem_capsule_materialization.py::test_reproducible_tar_output - ladon.theorem_capsule_models.CapsuleOperationalError: Lean theorem helper failed for CapsuleFixture.lean: info: Version 4.2.4 of elan is available! Use `elan self update` to update.
info: downloading https://releases.lean-lang.org/lean4/v4.32.1/lean-4.32.1-linux.tar.zst

thread 'main' panicked at library/std/src/io/stdio.rs:1165:9:
failed printing to stdout: Quota exceeded (os error 122)
note: run with `RUST_BACKTRACE=1` environment variable to display a backtrace
ERROR tests/test_theorem_capsule_materialization.py::test_reproducible_zip_output - ladon.theorem_capsule_models.CapsuleOperationalError: Lean theorem helper failed for CapsuleFixture.lean: info: Version 4.2.4 of elan is available! Use `elan self update` to update.
info: downloading https://releases.lean-lang.org/lean4/v4.32.1/lean-4.32.1-linux.tar.zst

thread 'main' panicked at library/std/src/io/stdio.rs:1165:9:
failed printing to stdout: Quota exceeded (os error 122)
note: run with `RUST_BACKTRACE=1` environment variable to display a backtrace
ERROR tests/test_theorem_capsule_materialization.py::test_materialization_rejects_stale_plan - ladon.theorem_capsule_models.CapsuleOperationalError: Lean theorem helper failed for CapsuleFixture.lean: info: Version 4.2.4 of elan is available! Use `elan self update` to update.
info: downloading https://releases.lean-lang.org/lean4/v4.32.1/lean-4.32.1-linux.tar.zst

thread 'main' panicked at library/std/src/io/stdio.rs:1165:9:
failed printing to stdout: Quota exceeded (os error 122)
note: run with `RUST_BACKTRACE=1` environment variable to display a backtrace
ERROR tests/test_theorem_capsule_materialization.py::test_materialization_rejects_output_inside_repository - ladon.theorem_capsule_models.CapsuleOperationalError: Lean theorem helper failed for CapsuleFixture.lean: info: Version 4.2.4 of elan is available! Use `elan self update` to update.
info: downloading https://releases.lean-lang.org/lean4/v4.32.1/lean-4.32.1-linux.tar.zst

thread 'main' panicked at library/std/src/io/stdio.rs:1165:9:
failed printing to stdout: Quota exceeded (os error 122)
note: run with `RUST_BACKTRACE=1` environment variable to display a backtrace
ERROR tests/test_theorem_capsule_materialization.py::test_materialization_rejects_unsafe_plan_path - ladon.theorem_capsule_models.CapsuleOperationalError: Lean theorem helper failed for CapsuleFixture.lean: info: Version 4.2.4 of elan is available! Use `elan self update` to update.
info: downloading https://releases.lean-lang.org/lean4/v4.32.1/lean-4.32.1-linux.tar.zst

thread 'main' panicked at library/std/src/io/stdio.rs:1165:9:
failed printing to stdout: Quota exceeded (os error 122)
note: run with `RUST_BACKTRACE=1` environment variable to display a backtrace
ERROR tests/test_theorem_capsule_materialization.py::test_materialization_rejects_symlinked_planned_input - Failed: info: capsule_fixture: no previous manifest, creating one from scratch
info: toolchain not updated; already up-to-date
error: build failed
ERROR tests/test_theorem_capsule_materialization.py::test_materialization_rejects_casefold_path_collision - shutil.Error: [('/tmp/ladon-candidate-07__zup1/source/tests/fixtures/theorem_capsule/lean-toolchain', '/tmp/pytest-of-codex/pytest-753/test_materialization_rejects_c0/repository/lean-toolchain', '[Errno 122] Disk quota exceeded'), ('/tmp/ladon-candidate-07__zup1/source/tests/fixtures/theorem_capsule/lakefile.toml', '/tmp/pytest-of-codex/pytest-753/test_materialization_rejects_c0/repository/lakefile.toml', '[Errno 122] Disk quota exceeded'), ('/tmp/ladon-candidate-07__zup1/source/tests/fixtures/theorem_capsule/CapsuleFixture/Large.lean', '/tmp/pytest-of-codex/pytest-753/test_materialization_rejects_c0/repository/CapsuleFixture/Large.lean', '[Errno 122] Disk quota exceeded'), ('/tmp/ladon-candidate-07__zup1/source/tests/fixtures/theorem_capsule/CapsuleFixture/Base.lean', '/tmp/pytest-of-codex/pytest-753/test_materialization_rejects_c0/repository/CapsuleFixture/Base.lean', '[Errno 122] Disk quota exceeded'), ('/tmp/ladon-candidate-07__zup1/source/tests/fixtures/theorem_capsule/CapsuleFixture.lean', '/tmp/pytest-of-codex/pytest-753/test_materialization_rejects_c0/repository/CapsuleFixture.lean', '[Errno 122] Disk quota exceeded')]
ERROR tests/test_theorem_capsule_materialization.py::test_materialization_refuses_existing_destination - shutil.Error: [('/tmp/ladon-candidate-07__zup1/source/tests/fixtures/theorem_capsule/lean-toolchain', '/tmp/pytest-of-codex/pytest-753/test_materialization_refuses_e0/repository/lean-toolchain', '[Errno 122] Disk quota exceeded'), ('/tmp/ladon-candidate-07__zup1/source/tests/fixtures/theorem_capsule/lakefile.toml', '/tmp/pytest-of-codex/pytest-753/test_materialization_refuses_e0/repository/lakefile.toml', '[Errno 122] Disk quota exceeded'), ('/tmp/ladon-candidate-07__zup1/source/tests/fixtures/theorem_capsule/CapsuleFixture/Large.lean', '/tmp/pytest-of-codex/pytest-753/test_materialization_refuses_e0/repository/CapsuleFixture/Large.lean', '[Errno 122] Disk quota exceeded'), ('/tmp/ladon-candidate-07__zup1/source/tests/fixtures/theorem_capsule/CapsuleFixture/Base.lean', '/tmp/pytest-of-codex/pytest-753/test_materialization_refuses_e0/repository/CapsuleFixture/Base.lean', '[Errno 122] Disk quota exceeded'), ('/tmp/ladon-candidate-07__zup1/source/tests/fixtures/theorem_capsule/CapsuleFixture.lean', '/tmp/pytest-of-codex/pytest-753/test_materialization_refuses_e0/repository/CapsuleFixture.lean', '[Errno 122] Disk quota exceeded')]
ERROR tests/test_theorem_capsule_materialization.py::test_materialization_cleans_interrupted_staging - shutil.Error: [('/tmp/ladon-candidate-07__zup1/source/tests/fixtures/theorem_capsule/lean-toolchain', '/tmp/pytest-of-codex/pytest-753/test_materialization_cleans_in0/repository/lean-toolchain', '[Errno 122] Disk quota exceeded'), ('/tmp/ladon-candidate-07__zup1/source/tests/fixtures/theorem_capsule/lakefile.toml', '/tmp/pytest-of-codex/pytest-753/test_materialization_cleans_in0/repository/lakefile.toml', '[Errno 122] Disk quota exceeded'), ('/tmp/ladon-candidate-07__zup1/source/tests/fixtures/theorem_capsule/CapsuleFixture/Large.lean', '/tmp/pytest-of-codex/pytest-753/test_materialization_cleans_in0/repository/CapsuleFixture/Large.lean', '[Errno 122] Disk quota exceeded'), ('/tmp/ladon-candidate-07__zup1/source/tests/fixtures/theorem_capsule/CapsuleFixture/Base.lean', '/tmp/pytest-of-codex/pytest-753/test_materialization_cleans_in0/repository/CapsuleFixture/Base.lean', '[Errno 122] Disk quota exceeded'), ('/tmp/ladon-candidate-07__zup1/source/tests/fixtures/theorem_capsule/CapsuleFixture.lean', '/tmp/pytest-of-codex/pytest-753/test_materialization_cleans_in0/repository/CapsuleFixture.lean', '[Errno 122] Disk quota exceeded')]
ERROR tests/test_theorem_capsule_planning.py::test_plan_is_exact_complete_and_deterministic - shutil.Error: [('/tmp/ladon-candidate-07__zup1/source/tests/fixtures/theorem_capsule/lean-toolchain', '/tmp/pytest-of-codex/pytest-753/test_plan_is_exact_complete_an0/repository/lean-toolchain', '[Errno 122] Disk quota exceeded'), ('/tmp/ladon-candidate-07__zup1/source/tests/fixtures/theorem_capsule/lakefile.toml', '/tmp/pytest-of-codex/pytest-753/test_plan_is_exact_complete_an0/repository/lakefile.toml', '[Errno 122] Disk quota exceeded'), ('/tmp/ladon-candidate-07__zup1/source/tests/fixtures/theorem_capsule/CapsuleFixture/Large.lean', '/tmp/pytest-of-codex/pytest-753/test_plan_is_exact_complete_an0/repository/CapsuleFixture/Large.lean', '[Errno 122] Disk quota exceeded'), ('/tmp/ladon-candidate-07__zup1/source/tests/fixtures/theorem_capsule/CapsuleFixture/Base.lean', '/tmp/pytest-of-codex/pytest-753/test_plan_is_exact_complete_an0/repository/CapsuleFixture/Base.lean', '[Errno 122] Disk quota exceeded'), ('/tmp/ladon-candidate-07__zup1/source/tests/fixtures/theorem_capsule/CapsuleFixture.lean', '/tmp/pytest-of-codex/pytest-753/test_plan_is_exact_complete_an0/repository/CapsuleFixture.lean', '[Errno 122] Disk quota exceeded')]
ERROR tests/test_theorem_capsule_planning.py::test_plan_prefix_ends_before_later_theorem - shutil.Error: [('/tmp/ladon-candidate-07__zup1/source/tests/fixtures/theorem_capsule/lean-toolchain', '/tmp/pytest-of-codex/pytest-753/test_plan_prefix_ends_before_l0/repository/lean-toolchain', '[Errno 122] Disk quota exceeded'), ('/tmp/ladon-candidate-07__zup1/source/tests/fixtures/theorem_capsule/lakefile.toml', '/tmp/pytest-of-codex/pytest-753/test_plan_prefix_ends_before_l0/repository/lakefile.toml', '[Errno 122] Disk quota exceeded'), ('/tmp/ladon-candidate-07__zup1/source/tests/fixtures/theorem_capsule/CapsuleFixture/Large.lean', '/tmp/pytest-of-codex/pytest-753/test_plan_prefix_ends_before_l0/repository/CapsuleFixture/Large.lean', '[Errno 122] Disk quota exceeded'), ('/tmp/ladon-candidate-07__zup1/source/tests/fixtures/theorem_capsule/CapsuleFixture/Base.lean', '/tmp/pytest-of-codex/pytest-753/test_plan_prefix_ends_before_l0/repository/CapsuleFixture/Base.lean', '[Errno 122] Disk quota exceeded'), ('/tmp/ladon-candidate-07__zup1/source/tests/fixtures/theorem_capsule/CapsuleFixture.lean', '/tmp/pytest-of-codex/pytest-753/test_plan_prefix_ends_before_l0/repository/CapsuleFixture.lean', '[Errno 122] Disk quota exceeded')]
ERROR tests/test_theorem_capsule_planning.py::test_plan_rejects_short_and_wrong_kind_names - shutil.Error: [('/tmp/ladon-candidate-07__zup1/source/tests/fixtures/theorem_capsule/lean-toolchain', '/tmp/pytest-of-codex/pytest-753/test_plan_rejects_short_and_wr0/repository/lean-toolchain', '[Errno 122] Disk quota exceeded'), ('/tmp/ladon-candidate-07__zup1/source/tests/fixtures/theorem_capsule/lakefile.toml', '/tmp/pytest-of-codex/pytest-753/test_plan_rejects_short_and_wr0/repository/lakefile.toml', '[Errno 122] Disk quota exceeded'), ('/tmp/ladon-candidate-07__zup1/source/tests/fixtures/theorem_capsule/CapsuleFixture/Large.lean', '/tmp/pytest-of-codex/pytest-753/test_plan_rejects_short_and_wr0/repository/CapsuleFixture/Large.lean', '[Errno 122] Disk quota exceeded'), ('/tmp/ladon-candidate-07__zup1/source/tests/fixtures/theorem_capsule/CapsuleFixture/Base.lean', '/tmp/pytest-of-codex/pytest-753/test_plan_rejects_short_and_wr0/repository/CapsuleFixture/Base.lean', '[Errno 122] Disk quota exceeded'), ('/tmp/ladon-candidate-07__zup1/source/tests/fixtures/theorem_capsule/CapsuleFixture.lean', '/tmp/pytest-of-codex/pytest-753/test_plan_rejects_short_and_wr0/repository/CapsuleFixture.lean', '[Errno 122] Disk quota exceeded')]
ERROR tests/test_theorem_capsule_planning.py::test_plan_rejects_ambiguous_exact_lexical_candidates - shutil.Error: [('/tmp/ladon-candidate-07__zup1/source/tests/fixtures/theorem_capsule/lean-toolchain', '/tmp/pytest-of-codex/pytest-753/test_plan_rejects_ambiguous_ex0/repository/lean-toolchain', '[Errno 122] Disk quota exceeded'), ('/tmp/ladon-candidate-07__zup1/source/tests/fixtures/theorem_capsule/lakefile.toml', '/tmp/pytest-of-codex/pytest-753/test_plan_rejects_ambiguous_ex0/repository/lakefile.toml', '[Errno 122] Disk quota exceeded'), ('/tmp/ladon-candidate-07__zup1/source/tests/fixtures/theorem_capsule/CapsuleFixture/Large.lean', '/tmp/pytest-of-codex/pytest-753/test_plan_rejects_ambiguous_ex0/repository/CapsuleFixture/Large.lean', '[Errno 122] Disk quota exceeded'), ('/tmp/ladon-candidate-07__zup1/source/tests/fixtures/theorem_capsule/CapsuleFixture/Base.lean', '/tmp/pytest-of-codex/pytest-753/test_plan_rejects_ambiguous_ex0/repository/CapsuleFixture/Base.lean', '[Errno 122] Disk quota exceeded'), ('/tmp/ladon-candidate-07__zup1/source/tests/fixtures/theorem_capsule/CapsuleFixture.lean', '/tmp/pytest-of-codex/pytest-753/test_plan_rejects_ambiguous_ex0/repository/CapsuleFixture.lean', '[Errno 122] Disk quota exceeded')]
ERROR tests/test_theorem_capsule_planning.py::test_plan_process_tree_rss_limit_fails_closed - shutil.Error: [('/tmp/ladon-candidate-07__zup1/source/tests/fixtures/theorem_capsule/lean-toolchain', '/tmp/pytest-of-codex/pytest-753/test_plan_process_tree_rss_lim0/repository/lean-toolchain', '[Errno 122] Disk quota exceeded'), ('/tmp/ladon-candidate-07__zup1/source/tests/fixtures/theorem_capsule/lakefile.toml', '/tmp/pytest-of-codex/pytest-753/test_plan_process_tree_rss_lim0/repository/lakefile.toml', '[Errno 122] Disk quota exceeded'), ('/tmp/ladon-candidate-07__zup1/source/tests/fixtures/theorem_capsule/CapsuleFixture/Large.lean', '/tmp/pytest-of-codex/pytest-753/test_plan_process_tree_rss_lim0/repository/CapsuleFixture/Large.lean', '[Errno 122] Disk quota exceeded'), ('/tmp/ladon-candidate-07__zup1/source/tests/fixtures/theorem_capsule/CapsuleFixture/Base.lean', '/tmp/pytest-of-codex/pytest-753/test_plan_process_tree_rss_lim0/repository/CapsuleFixture/Base.lean', '[Errno 122] Disk quota exceeded'), ('/tmp/ladon-candidate-07__zup1/source/tests/fixtures/theorem_capsule/CapsuleFixture.lean', '/tmp/pytest-of-codex/pytest-753/test_plan_process_tree_rss_lim0/repository/CapsuleFixture.lean', '[Errno 122] Disk quota exceeded')]
ERROR tests/test_theorem_capsule_planning.py::test_plan_marks_native_lake_facets_ineligible - shutil.Error: [('/tmp/ladon-candidate-07__zup1/source/tests/fixtures/theorem_capsule/lean-toolchain', '/tmp/pytest-of-codex/pytest-753/test_plan_marks_native_lake_fa0/repository/lean-toolchain', '[Errno 122] Disk quota exceeded'), ('/tmp/ladon-candidate-07__zup1/source/tests/fixtures/theorem_capsule/lakefile.toml', '/tmp/pytest-of-codex/pytest-753/test_plan_marks_native_lake_fa0/repository/lakefile.toml', '[Errno 122] Disk quota exceeded'), ('/tmp/ladon-candidate-07__zup1/source/tests/fixtures/theorem_capsule/CapsuleFixture/Large.lean', '/tmp/pytest-of-codex/pytest-753/test_plan_marks_native_lake_fa0/repository/CapsuleFixture/Large.lean', '[Errno 122] Disk quota exceeded'), ('/tmp/ladon-candidate-07__zup1/source/tests/fixtures/theorem_capsule/CapsuleFixture/Base.lean', '/tmp/pytest-of-codex/pytest-753/test_plan_marks_native_lake_fa0/repository/CapsuleFixture/Base.lean', '[Errno 122] Disk quota exceeded'), ('/tmp/ladon-candidate-07__zup1/source/tests/fixtures/theorem_capsule/CapsuleFixture.lean', '/tmp/pytest-of-codex/pytest-753/test_plan_marks_native_lake_fa0/repository/CapsuleFixture.lean', '[Errno 122] Disk quota exceeded')]
ERROR tests/test_theorem_capsule_planning.py::test_plan_cli_emits_one_json_document - shutil.Error: [('/tmp/ladon-candidate-07__zup1/source/tests/fixtures/theorem_capsule/lean-toolchain', '/tmp/pytest-of-codex/pytest-753/test_plan_cli_emits_one_json_d0/repository/lean-toolchain', '[Errno 122] Disk quota exceeded'), ('/tmp/ladon-candidate-07__zup1/source/tests/fixtures/theorem_capsule/lakefile.toml', '/tmp/pytest-of-codex/pytest-753/test_plan_cli_emits_one_json_d0/repository/lakefile.toml', '[Errno 122] Disk quota exceeded'), ('/tmp/ladon-candidate-07__zup1/source/tests/fixtures/theorem_capsule/CapsuleFixture/Large.lean', '/tmp/pytest-of-codex/pytest-753/test_plan_cli_emits_one_json_d0/repository/CapsuleFixture/Large.lean', '[Errno 122] Disk quota exceeded'), ('/tmp/ladon-candidate-07__zup1/source/tests/fixtures/theorem_capsule/CapsuleFixture/Base.lean', '/tmp/pytest-of-codex/pytest-753/test_plan_cli_emits_one_json_d0/repository/CapsuleFixture/Base.lean', '[Errno 122] Disk quota exceeded'), ('/tmp/ladon-candidate-07__zup1/source/tests/fixtures/theorem_capsule/CapsuleFixture.lean', '/tmp/pytest-of-codex/pytest-753/test_plan_cli_emits_one_json_d0/repository/CapsuleFixture.lean', '[Errno 122] Disk quota exceeded')]
ERROR tests/test_theorem_capsule_planning.py::test_plan_cli_rejects_output_inside_target_without_writing - shutil.Error: [('/tmp/ladon-candidate-07__zup1/source/tests/fixtures/theorem_capsule/lean-toolchain', '/tmp/pytest-of-codex/pytest-753/test_plan_cli_rejects_output_i0/repository/lean-toolchain', '[Errno 122] Disk quota exceeded'), ('/tmp/ladon-candidate-07__zup1/source/tests/fixtures/theorem_capsule/lakefile.toml', '/tmp/pytest-of-codex/pytest-753/test_plan_cli_rejects_output_i0/repository/lakefile.toml', '[Errno 122] Disk quota exceeded'), ('/tmp/ladon-candidate-07__zup1/source/tests/fixtures/theorem_capsule/CapsuleFixture/Large.lean', '/tmp/pytest-of-codex/pytest-753/test_plan_cli_rejects_output_i0/repository/CapsuleFixture/Large.lean', '[Errno 122] Disk quota exceeded'), ('/tmp/ladon-candidate-07__zup1/source/tests/fixtures/theorem_capsule/CapsuleFixture/Base.lean', '/tmp/pytest-of-codex/pytest-753/test_plan_cli_rejects_output_i0/repository/CapsuleFixture/Base.lean', '[Errno 122] Disk quota exceeded'), ('/tmp/ladon-candidate-07__zup1/source/tests/fixtures/theorem_capsule/CapsuleFixture.lean', '/tmp/pytest-of-codex/pytest-753/test_plan_cli_rejects_output_i0/repository/CapsuleFixture.lean', '[Errno 122] Disk quota exceeded')]
ERROR tests/test_theorem_capsule_replay.py::test_replay_verifies_after_original_checkout_is_renamed - shutil.Error: [('/tmp/ladon-candidate-07__zup1/source/tests/fixtures/theorem_capsule/lean-toolchain', '/tmp/pytest-of-codex/pytest-753/test_replay_verifies_after_ori0/repository/lean-toolchain', '[Errno 122] Disk quota exceeded'), ('/tmp/ladon-candidate-07__zup1/source/tests/fixtures/theorem_capsule/lakefile.toml', '/tmp/pytest-of-codex/pytest-753/test_replay_verifies_after_ori0/repository/lakefile.toml', '[Errno 122] Disk quota exceeded'), ('/tmp/ladon-candidate-07__zup1/source/tests/fixtures/theorem_capsule/CapsuleFixture/Large.lean', '/tmp/pytest-of-codex/pytest-753/test_replay_verifies_after_ori0/repository/CapsuleFixture/Large.lean', '[Errno 122] Disk quota exceeded'), ('/tmp/ladon-candidate-07__zup1/source/tests/fixtures/theorem_capsule/CapsuleFixture/Base.lean', '/tmp/pytest-of-codex/pytest-753/test_replay_verifies_after_ori0/repository/CapsuleFixture/Base.lean', '[Errno 122] Disk quota exceeded'), ('/tmp/ladon-candidate-07__zup1/source/tests/fixtures/theorem_capsule/CapsuleFixture.lean', '/tmp/pytest-of-codex/pytest-753/test_replay_verifies_after_ori0/repository/CapsuleFixture.lean', '[Errno 122] Disk quota exceeded')]
ERROR tests/test_theorem_capsule_replay.py::test_replay_rejects_mutated_content_before_lean - shutil.Error: [('/tmp/ladon-candidate-07__zup1/source/tests/fixtures/theorem_capsule/lean-toolchain', '/tmp/pytest-of-codex/pytest-753/test_replay_rejects_mutated_co0/repository/lean-toolchain', '[Errno 122] Disk quota exceeded'), ('/tmp/ladon-candidate-07__zup1/source/tests/fixtures/theorem_capsule/lakefile.toml', '/tmp/pytest-of-codex/pytest-753/test_replay_rejects_mutated_co0/repository/lakefile.toml', '[Errno 122] Disk quota exceeded'), ('/tmp/ladon-candidate-07__zup1/source/tests/fixtures/theorem_capsule/CapsuleFixture/Large.lean', '/tmp/pytest-of-codex/pytest-753/test_replay_rejects_mutated_co0/repository/CapsuleFixture/Large.lean', '[Errno 122] Disk quota exceeded'), ('/tmp/ladon-candidate-07__zup1/source/tests/fixtures/theorem_capsule/CapsuleFixture/Base.lean', '/tmp/pytest-of-codex/pytest-753/test_replay_rejects_mutated_co0/repository/CapsuleFixture/Base.lean', '[Errno 122] Disk quota exceeded'), ('/tmp/ladon-candidate-07__zup1/source/tests/fixtures/theorem_capsule/CapsuleFixture.lean', '/tmp/pytest-of-codex/pytest-753/test_replay_rejects_mutated_co0/repository/CapsuleFixture.lean', '[Errno 122] Disk quota exceeded')]
ERROR tests/test_theorem_capsule_replay.py::test_replay_rejects_undeclared_file - shutil.Error: [('/tmp/ladon-candidate-07__zup1/source/tests/fixtures/theorem_capsule/lean-toolchain', '/tmp/pytest-of-codex/pytest-753/test_replay_rejects_undeclared0/repository/lean-toolchain', '[Errno 122] Disk quota exceeded'), ('/tmp/ladon-candidate-07__zup1/source/tests/fixtures/theorem_capsule/lakefile.toml', '/tmp/pytest-of-codex/pytest-753/test_replay_rejects_undeclared0/repository/lakefile.toml', '[Errno 122] Disk quota exceeded'), ('/tmp/ladon-candidate-07__zup1/source/tests/fixtures/theorem_capsule/CapsuleFixture/Large.lean', '/tmp/pytest-of-codex/pytest-753/test_replay_rejects_undeclared0/repository/CapsuleFixture/Large.lean', '[Errno 122] Disk quota exceeded'), ('/tmp/ladon-candidate-07__zup1/source/tests/fixtures/theorem_capsule/CapsuleFixture/Base.lean', '/tmp/pytest-of-codex/pytest-753/test_replay_rejects_undeclared0/repository/CapsuleFixture/Base.lean', '[Errno 122] Disk quota exceeded'), ('/tmp/ladon-candidate-07__zup1/source/tests/fixtures/theorem_capsule/CapsuleFixture.lean', '/tmp/pytest-of-codex/pytest-753/test_replay_rejects_undeclared0/repository/CapsuleFixture.lean', '[Errno 122] Disk quota exceeded')]
ERROR tests/test_theorem_capsule_replay.py::test_replay_rejects_undeclared_symlink_before_lean - shutil.Error: [('/tmp/ladon-candidate-07__zup1/source/tests/fixtures/theorem_capsule/lean-toolchain', '/tmp/pytest-of-codex/pytest-753/test_replay_rejects_undeclared1/repository/lean-toolchain', '[Errno 122] Disk quota exceeded'), ('/tmp/ladon-candidate-07__zup1/source/tests/fixtures/theorem_capsule/lakefile.toml', '/tmp/pytest-of-codex/pytest-753/test_replay_rejects_undeclared1/repository/lakefile.toml', '[Errno 122] Disk quota exceeded'), ('/tmp/ladon-candidate-07__zup1/source/tests/fixtures/theorem_capsule/CapsuleFixture/Large.lean', '/tmp/pytest-of-codex/pytest-753/test_replay_rejects_undeclared1/repository/CapsuleFixture/Large.lean', '[Errno 122] Disk quota exceeded'), ('/tmp/ladon-candidate-07__zup1/source/tests/fixtures/theorem_capsule/CapsuleFixture/Base.lean', '/tmp/pytest-of-codex/pytest-753/test_replay_rejects_undeclared1/repository/CapsuleFixture/Base.lean', '[Errno 122] Disk quota exceeded'), ('/tmp/ladon-candidate-07__zup1/source/tests/fixtures/theorem_capsule/CapsuleFixture.lean', '/tmp/pytest-of-codex/pytest-753/test_replay_rejects_undeclared1/repository/CapsuleFixture.lean', '[Errno 122] Disk quota exceeded')]
ERROR tests/test_theorem_capsule_replay.py::test_replay_rejects_resigned_toolchain_drift_against_plan - shutil.Error: [('/tmp/ladon-candidate-07__zup1/source/tests/fixtures/theorem_capsule/lean-toolchain', '/tmp/pytest-of-codex/pytest-753/test_replay_rejects_resigned_t0/repository/lean-toolchain', '[Errno 122] Disk quota exceeded'), ('/tmp/ladon-candidate-07__zup1/source/tests/fixtures/theorem_capsule/lakefile.toml', '/tmp/pytest-of-codex/pytest-753/test_replay_rejects_resigned_t0/repository/lakefile.toml', '[Errno 122] Disk quota exceeded'), ('/tmp/ladon-candidate-07__zup1/source/tests/fixtures/theorem_capsule/CapsuleFixture/Large.lean', '/tmp/pytest-of-codex/pytest-753/test_replay_rejects_resigned_t0/repository/CapsuleFixture/Large.lean', '[Errno 122] Disk quota exceeded'), ('/tmp/ladon-candidate-07__zup1/source/tests/fixtures/theorem_capsule/CapsuleFixture/Base.lean', '/tmp/pytest-of-codex/pytest-753/test_replay_rejects_resigned_t0/repository/CapsuleFixture/Base.lean', '[Errno 122] Disk quota exceeded'), ('/tmp/ladon-candidate-07__zup1/source/tests/fixtures/theorem_capsule/CapsuleFixture.lean', '/tmp/pytest-of-codex/pytest-753/test_replay_rejects_resigned_t0/repository/CapsuleFixture.lean', '[Errno 122] Disk quota exceeded')]
ERROR tests/test_theorem_capsule_replay.py::test_replay_detects_structural_identity_change - shutil.Error: [('/tmp/ladon-candidate-07__zup1/source/tests/fixtures/theorem_capsule/lean-toolchain', '/tmp/pytest-of-codex/pytest-753/test_replay_detects_structural0/repository/lean-toolchain', '[Errno 122] Disk quota exceeded'), ('/tmp/ladon-candidate-07__zup1/source/tests/fixtures/theorem_capsule/lakefile.toml', '/tmp/pytest-of-codex/pytest-753/test_replay_detects_structural0/repository/lakefile.toml', '[Errno 122] Disk quota exceeded'), ('/tmp/ladon-candidate-07__zup1/source/tests/fixtures/theorem_capsule/CapsuleFixture/Large.lean', '/tmp/pytest-of-codex/pytest-753/test_replay_detects_structural0/repository/CapsuleFixture/Large.lean', '[Errno 122] Disk quota exceeded'), ('/tmp/ladon-candidate-07__zup1/source/tests/fixtures/theorem_capsule/CapsuleFixture/Base.lean', '/tmp/pytest-of-codex/pytest-753/test_replay_detects_structural0/repository/CapsuleFixture/Base.lean', '[Errno 122] Disk quota exceeded'), ('/tmp/ladon-candidate-07__zup1/source/tests/fixtures/theorem_capsule/CapsuleFixture.lean', '/tmp/pytest-of-codex/pytest-753/test_replay_detects_structural0/repository/CapsuleFixture.lean', '[Errno 122] Disk quota exceeded')]
ERROR tests/test_theorem_capsule_replay.py::test_replay_classifies_process_timeout_as_resource_limit - shutil.Error: [('/tmp/ladon-candidate-07__zup1/source/tests/fixtures/theorem_capsule/lean-toolchain', '/tmp/pytest-of-codex/pytest-753/test_replay_classifies_process0/repository/lean-toolchain', '[Errno 122] Disk quota exceeded'), ('/tmp/ladon-candidate-07__zup1/source/tests/fixtures/theorem_capsule/lakefile.toml', '/tmp/pytest-of-codex/pytest-753/test_replay_classifies_process0/repository/lakefile.toml', '[Errno 122] Disk quota exceeded'), ('/tmp/ladon-candidate-07__zup1/source/tests/fixtures/theorem_capsule/CapsuleFixture/Large.lean', '/tmp/pytest-of-codex/pytest-753/test_replay_classifies_process0/repository/CapsuleFixture/Large.lean', '[Errno 122] Disk quota exceeded'), ('/tmp/ladon-candidate-07__zup1/source/tests/fixtures/theorem_capsule/CapsuleFixture/Base.lean', '/tmp/pytest-of-codex/pytest-753/test_replay_classifies_process0/repository/CapsuleFixture/Base.lean', '[Errno 122] Disk quota exceeded'), ('/tmp/ladon-candidate-07__zup1/source/tests/fixtures/theorem_capsule/CapsuleFixture.lean', '/tmp/pytest-of-codex/pytest-753/test_replay_classifies_process0/repository/CapsuleFixture.lean', '[Errno 122] Disk quota exceeded')]
ERROR tests/test_theorem_lineage_integration.py::test_installed_cli_refreshes_then_serves_a_warm_source_linked_route - shutil.Error: [('/tmp/ladon-candidate-07__zup1/source/tests/fixtures/theorem_capsule/lean-toolchain', '/tmp/pytest-of-codex/pytest-753/test_installed_cli_refreshes_t0/repository/lean-toolchain', '[Errno 122] Disk quota exceeded'), ('/tmp/ladon-candidate-07__zup1/source/tests/fixtures/theorem_capsule/lakefile.toml', '/tmp/pytest-of-codex/pytest-753/test_installed_cli_refreshes_t0/repository/lakefile.toml', '[Errno 122] Disk quota exceeded'), ('/tmp/ladon-candidate-07__zup1/source/tests/fixtures/theorem_capsule/CapsuleFixture/Large.lean', '/tmp/pytest-of-codex/pytest-753/test_installed_cli_refreshes_t0/repository/CapsuleFixture/Large.lean', '[Errno 122] Disk quota exceeded'), ('/tmp/ladon-candidate-07__zup1/source/tests/fixtures/theorem_capsule/CapsuleFixture/Base.lean', '/tmp/pytest-of-codex/pytest-753/test_installed_cli_refreshes_t0/repository/CapsuleFixture/Base.lean', '[Errno 122] Disk quota exceeded'), ('/tmp/ladon-candidate-07__zup1/source/tests/fixtures/theorem_capsule/CapsuleFixture.lean', '/tmp/pytest-of-codex/pytest-753/test_installed_cli_refreshes_t0/repository/CapsuleFixture.lean', '[Errno 122] Disk quota exceeded')]
36 failed, 2800 passed, 2 warnings, 27 errors in 255.63s (0:04:15)
clean checkout gate: FAIL: required command failed (1): /home/codex/miniconda3/bin/uv run --locked --no-sync python scripts/python_quality.py --strict
