⚠ [8704/8866] Replayed Mf.DP.CenteredBernoulliGaussianDensity
warning: Mf/DP/CenteredBernoulliGaussianDensity.lean:32:2: `simp [mixture, ENNReal.coe_sub]` is a flexible tactic modifying `⊢`. Try `simp?` and use the suggested `simp only [...]`. Alternatively, use `suffices` to explicitly state the simplified form.

Note: This linter can be disabled with `set_option linter.flexible false`
info: Mf/DP/CenteredBernoulliGaussianDensity.lean:33:2: `exact tsub_add_cancel_of_le (by exact_mod_cast hRate)`
modifies the current goal, which was modified by the flexible tactic `simp` on line 32!
info: Mf/DP/CenteredBernoulliGaussianDensity.lean:130:16: Try this:
  [apply] ring_nf
  
  The `ring` tactic failed to close the goal. Use `ring_nf` to obtain a normal form.
    
  Note that `ring` works primarily in *commutative* rings. If you have a noncommutative ring, abelian group or module, consider using `noncomm_ring`, `abel` or `module` instead.
info: Mf/DP/CenteredBernoulliGaussianDensity.lean:130:16: Try this:
  [apply] ring_nf
  
  The `ring` tactic failed to close the goal. Use `ring_nf` to obtain a normal form.
    
  Note that `ring` works primarily in *commutative* rings. If you have a noncommutative ring, abelian group or module, consider using `noncomm_ring`, `abel` or `module` instead.
warning: Mf/DP/CenteredBernoulliGaussianDensity.lean:130:25: Unused tactic linter: `positivity` does nothing

Note: This linter can be disabled with `set_option linter.unusedTactic false`
warning: Mf/DP/CenteredBernoulliGaussianDensity.lean:130:25: this tactic is never executed

Note: This linter can be disabled with `set_option linter.unreachableTactic false`
⚠ [8705/8866] Replayed Mf.DP.CenteredBernoulliGaussianChiSquare
info: Mf/DP/CenteredBernoulliGaussianChiSquare.lean:90:14: Try this:
  [apply] ring_nf
  
  The `ring` tactic failed to close the goal. Use `ring_nf` to obtain a normal form.
    
  Note that `ring` works primarily in *commutative* rings. If you have a noncommutative ring, abelian group or module, consider using `noncomm_ring`, `abel` or `module` instead.
info: Mf/DP/CenteredBernoulliGaussianChiSquare.lean:90:14: Try this:
  [apply] ring_nf
  
  The `ring` tactic failed to close the goal. Use `ring_nf` to obtain a normal form.
    
  Note that `ring` works primarily in *commutative* rings. If you have a noncommutative ring, abelian group or module, consider using `noncomm_ring`, `abel` or `module` instead.
info: Mf/DP/CenteredBernoulliGaussianChiSquare.lean:132:16: Try this:
  [apply] ring_nf
  
  The `ring` tactic failed to close the goal. Use `ring_nf` to obtain a normal form.
    
  Note that `ring` works primarily in *commutative* rings. If you have a noncommutative ring, abelian group or module, consider using `noncomm_ring`, `abel` or `module` instead.
info: Mf/DP/CenteredBernoulliGaussianChiSquare.lean:132:16: Try this:
  [apply] ring_nf
  
  The `ring` tactic failed to close the goal. Use `ring_nf` to obtain a normal form.
    
  Note that `ring` works primarily in *commutative* rings. If you have a noncommutative ring, abelian group or module, consider using `noncomm_ring`, `abel` or `module` instead.
warning: Mf/DP/CenteredBernoulliGaussianChiSquare.lean:449:26: Used `tac1 <;> tac2` where `(tac1; tac2)` would suffice

Note: This linter can be disabled with `set_option linter.unnecessarySeqFocus false`
warning: Mf/DP/CenteredBernoulliGaussianChiSquare.lean:463:51: Used `tac1 <;> tac2` where `(tac1; tac2)` would suffice

Note: This linter can be disabled with `set_option linter.unnecessarySeqFocus false`
⚠ [8708/8866] Replayed Mf.DP.FixedParticipationGradientVariance
info: Mf/DP/FixedParticipationGradientVariance.lean:87:18: Try this:
  [apply] ring_nf
  
  The `ring` tactic failed to close the goal. Use `ring_nf` to obtain a normal form.
    
  Note that `ring` works primarily in *commutative* rings. If you have a noncommutative ring, abelian group or module, consider using `noncomm_ring`, `abel` or `module` instead.
warning: Mf/DP/FixedParticipationGradientVariance.lean:87:14: Used `tac1 <;> tac2` where `(tac1; tac2)` would suffice

Note: This linter can be disabled with `set_option linter.unnecessarySeqFocus false`
⚠ [8710/8866] Replayed Mf.Probability.FiniteProductGaussian
warning: Mf/Probability/FiniteProductGaussian.lean:39:0: automatically included section variable(s) unused in theorem `Mf.Probability.FiniteProductGaussian.neg_measurable`:
  [Fintype ι]
consider restructuring your `variable` declarations so that the variables are not in scope or explicitly omit them:
  omit [Fintype ι] in theorem ...

Note: This linter can be disabled with `set_option linter.unusedSectionVars false`
warning: Mf/Probability/FiniteProductGaussian.lean:38:0: `neg_measurable` does not use the following hypothesis in its type:
  • [Fintype ι] (#2)

Consider replacing this hypothesis with the corresponding instance of `Finite` and using `Fintype.ofFinite` in the proof, or removing it entirely.

Note: This linter can be disabled with `set_option linter.unusedFintypeInType false`
ℹ [8717/8883] Replayed Mf.DP.FixedParticipationRate
info: Mf/DP/FixedParticipationRate.lean:139:31: Try this:
  [apply] ring_nf
  
  The `ring` tactic failed to close the goal. Use `ring_nf` to obtain a normal form.
    
  Note that `ring` works primarily in *commutative* rings. If you have a noncommutative ring, abelian group or module, consider using `noncomm_ring`, `abel` or `module` instead.
info: Mf/DP/FixedParticipationRate.lean:139:31: Try this:
  [apply] ring_nf
  
  The `ring` tactic failed to close the goal. Use `ring_nf` to obtain a normal form.
    
  Note that `ring` works primarily in *commutative* rings. If you have a noncommutative ring, abelian group or module, consider using `noncomm_ring`, `abel` or `module` instead.
⚠ [8722/8883] Replayed Mf.DP.ProfileAdaptiveKernelComposition
warning: Mf/DP/ProfileAdaptiveKernelComposition.lean:80:2: Try this: 
  letI̵

The goal is a proposition, so `let` is preferred over `letI`.
The difference between `let` and `letI` is that `letI` inlines the value.
But this is not relevant for proofs because of proof irrelevance.

Note: This linter can be disabled with `set_option linter.style.haveILetI false`
warning: Mf/DP/ProfileAdaptiveKernelComposition.lean:82:2: Try this: 
  letI̵

The goal is a proposition, so `let` is preferred over `letI`.
The difference between `let` and `letI` is that `letI` inlines the value.
But this is not relevant for proofs because of proof irrelevance.

Note: This linter can be disabled with `set_option linter.style.haveILetI false`
warning: Mf/DP/ProfileAdaptiveKernelComposition.lean:85:2: Try this: 
  letI̵

The goal is a proposition, so `let` is preferred over `letI`.
The difference between `let` and `letI` is that `letI` inlines the value.
But this is not relevant for proofs because of proof irrelevance.

Note: This linter can be disabled with `set_option linter.style.haveILetI false`
warning: Mf/DP/ProfileAdaptiveKernelComposition.lean:98:2: Try this: 
  letI̵

The goal is a proposition, so `let` is preferred over `letI`.
The difference between `let` and `letI` is that `letI` inlines the value.
But this is not relevant for proofs because of proof irrelevance.

Note: This linter can be disabled with `set_option linter.style.haveILetI false`
warning: Mf/DP/ProfileAdaptiveKernelComposition.lean:147:6: Try this: 
  letI̵

The goal is a proposition, so `let` is preferred over `letI`.
The difference between `let` and `letI` is that `letI` inlines the value.
But this is not relevant for proofs because of proof irrelevance.

Note: This linter can be disabled with `set_option linter.style.haveILetI false`
warning: Mf/DP/ProfileAdaptiveKernelComposition.lean:242:25: `Set.mem_setOf_eq` has been deprecated: Use `Set.mem_ofPred_eq` instead
warning: Mf/DP/ProfileAdaptiveKernelComposition.lean:314:2: Try this: 
  letI̵

The goal is a proposition, so `let` is preferred over `letI`.
The difference between `let` and `letI` is that `letI` inlines the value.
But this is not relevant for proofs because of proof irrelevance.

Note: This linter can be disabled with `set_option linter.style.haveILetI false`
warning: Mf/DP/ProfileAdaptiveKernelComposition.lean:315:2: Try this: 
  letI̵

The goal is a proposition, so `let` is preferred over `letI`.
The difference between `let` and `letI` is that `letI` inlines the value.
But this is not relevant for proofs because of proof irrelevance.

Note: This linter can be disabled with `set_option linter.style.haveILetI false`
warning: Mf/DP/ProfileAdaptiveKernelComposition.lean:316:2: Try this: 
  letI̵

The goal is a proposition, so `let` is preferred over `letI`.
The difference between `let` and `letI` is that `letI` inlines the value.
But this is not relevant for proofs because of proof irrelevance.

Note: This linter can be disabled with `set_option linter.style.haveILetI false`
warning: Mf/DP/ProfileAdaptiveKernelComposition.lean:556:2: `simp [branchingReleaseKernel] at happ` is a flexible tactic modifying `happ`. Try `simp?` and use the suggested `simp only [...]`. Alternatively, use `suffices` to explicitly state the simplified form.

Note: This linter can be disabled with `set_option linter.flexible false`
info: Mf/DP/ProfileAdaptiveKernelComposition.lean:557:2: `rw [Kernel.deterministic_apply, Kernel.deterministic_apply] at happ`
uses `happ`, which was modified by the flexible tactic `simp` on line 556!
⚠ [8726/8883] Replayed Mf.DP.SampledGaussianOutputLaws
warning: Mf/DP/SampledGaussianOutputLaws.lean:25:7: `PMF.bernoulli` has been deprecated: Use `ProbabilityTheory.bernoulliMeasure` instead

Note: The updated constant has a different type:
  {X : Type u_1} → [inst : MeasurableSpace X] → X → X → ↑unitInterval → Measure X
instead of
  (p : NNReal) → p ≤ 1 → PMF Bool

Note: The updated constant is in a different namespace. Dot notation may need to be changed (e.g., from `x.bernoulli` to `ProbabilityTheory.bernoulliMeasure x`).
warning: Mf/DP/SampledGaussianOutputLaws.lean:103:7: `PMF.bernoulli` has been deprecated: Use `ProbabilityTheory.bernoulliMeasure` instead

Note: The updated constant has a different type:
  {X : Type u_1} → [inst : MeasurableSpace X] → X → X → ↑unitInterval → Measure X
instead of
  (p : NNReal) → p ≤ 1 → PMF Bool

Note: The updated constant is in a different namespace. Dot notation may need to be changed (e.g., from `x.bernoulli` to `ProbabilityTheory.bernoulliMeasure x`).
warning: Mf/DP/SampledGaussianOutputLaws.lean:104:32: `PMF.bernoulli` has been deprecated: Use `ProbabilityTheory.bernoulliMeasure` instead

Note: The updated constant has a different type:
  {X : Type u_1} → [inst : MeasurableSpace X] → X → X → ↑unitInterval → Measure X
instead of
  (p : NNReal) → p ≤ 1 → PMF Bool

Note: The updated constant is in a different namespace. Dot notation may need to be changed (e.g., from `x.bernoulli` to `ProbabilityTheory.bernoulliMeasure x`).
warning: Mf/DP/SampledGaussianOutputLaws.lean:117:20: `PMF.bernoulli` has been deprecated: Use `ProbabilityTheory.bernoulliMeasure` instead

Note: The updated constant has a different type:
  {X : Type u_1} → [inst : MeasurableSpace X] → X → X → ↑unitInterval → Measure X
instead of
  (p : NNReal) → p ≤ 1 → PMF Bool

Note: The updated constant is in a different namespace. Dot notation may need to be changed (e.g., from `x.bernoulli` to `ProbabilityTheory.bernoulliMeasure x`).
warning: Mf/DP/SampledGaussianOutputLaws.lean:119:29: `PMF.bernoulli_apply` has been deprecated: Use `ProbabilityTheory.bernoulliMeasure_apply` instead

Note: The updated constant has a different type:
  ∀ {X : Type u_1} [inst : MeasurableSpace X] {x y : X} (p : ↑unitInterval) {s : Set X},
    MeasurableSet s →
      ∀ [inst_1 : DecidablePred fun x ↦ x ∈ s],
        (ProbabilityTheory.bernoulliMeasure x y p) s =
          if x ∈ s then if y ∈ s then 1 else ↑(unitInterval.toNNReal p)
          else if y ∈ s then ↑(unitInterval.toNNReal (unitInterval.symm p)) else 0
instead of
  ∀ {p : NNReal} (h : p ≤ 1) (b : Bool), (PMF.bernoulli p h) b = ↑(bif b then p else 1 - p)

Note: The updated constant is in a different namespace. Dot notation may need to be changed (e.g., from `x.bernoulli_apply` to `ProbabilityTheory.bernoulliMeasure_apply x`).
warning: Mf/DP/SampledGaussianOutputLaws.lean:119:29: `PMF.bernoulli_apply` has been deprecated: Use `ProbabilityTheory.bernoulliMeasure_apply` instead

Note: The updated constant has a different type:
  ∀ {X : Type u_1} [inst : MeasurableSpace X] {x y : X} (p : ↑unitInterval) {s : Set X},
    MeasurableSet s →
      ∀ [inst_1 : DecidablePred fun x ↦ x ∈ s],
        (ProbabilityTheory.bernoulliMeasure x y p) s =
          if x ∈ s then if y ∈ s then 1 else ↑(unitInterval.toNNReal p)
          else if y ∈ s then ↑(unitInterval.toNNReal (unitInterval.symm p)) else 0
instead of
  ∀ {p : NNReal} (h : p ≤ 1) (b : Bool), (PMF.bernoulli p h) b = ↑(bif b then p else 1 - p)

Note: The updated constant is in a different namespace. Dot notation may need to be changed (e.g., from `x.bernoulli_apply` to `ProbabilityTheory.bernoulliMeasure_apply x`).
warning: Mf/DP/SampledGaussianOutputLaws.lean:121:7: `PMF.bernoulli` has been deprecated: Use `ProbabilityTheory.bernoulliMeasure` instead

Note: The updated constant has a different type:
  {X : Type u_1} → [inst : MeasurableSpace X] → X → X → ↑unitInterval → Measure X
instead of
  (p : NNReal) → p ≤ 1 → PMF Bool

Note: The updated constant is in a different namespace. Dot notation may need to be changed (e.g., from `x.bernoulli` to `ProbabilityTheory.bernoulliMeasure x`).
⚠ [8727/8883] Replayed Mf.DP.PLDRandomAllocation
warning: Mf/DP/PLDRandomAllocation.lean:210:2: Try this: 
  haveI̵

The goal is a proposition, so `have` is preferred over `haveI`.
The difference between `have` and `haveI` is that `haveI` inlines the value.
But this is not relevant for proofs because of proof irrelevance.

Note: This linter can be disabled with `set_option linter.style.haveILetI false`
warning: Mf/DP/PLDRandomAllocation.lean:704:2: Try this: 
  haveI̵

The goal is a proposition, so `have` is preferred over `haveI`.
The difference between `have` and `haveI` is that `haveI` inlines the value.
But this is not relevant for proofs because of proof irrelevance.

Note: This linter can be disabled with `set_option linter.style.haveILetI false`
warning: Mf/DP/PLDRandomAllocation.lean:706:2: Try this: 
  haveI̵

The goal is a proposition, so `have` is preferred over `haveI`.
The difference between `have` and `haveI` is that `haveI` inlines the value.
But this is not relevant for proofs because of proof irrelevance.

Note: This linter can be disabled with `set_option linter.style.haveILetI false`
warning: Mf/DP/PLDRandomAllocation.lean:770:2: Try this: 
  haveI̵

The goal is a proposition, so `have` is preferred over `haveI`.
The difference between `have` and `haveI` is that `haveI` inlines the value.
But this is not relevant for proofs because of proof irrelevance.

Note: This linter can be disabled with `set_option linter.style.haveILetI false`
warning: Mf/DP/PLDRandomAllocation.lean:772:2: Try this: 
  haveI̵

The goal is a proposition, so `have` is preferred over `haveI`.
The difference between `have` and `haveI` is that `haveI` inlines the value.
But this is not relevant for proofs because of proof irrelevance.

Note: This linter can be disabled with `set_option linter.style.haveILetI false`
warning: Mf/DP/PLDRandomAllocation.lean:1030:2: Use `@[fun_prop]` instead
warning: Mf/DP/PLDRandomAllocation.lean:1209:2: Try this: 
  letI̵

The goal is a proposition, so `let` is preferred over `letI`.
The difference between `let` and `letI` is that `letI` inlines the value.
But this is not relevant for proofs because of proof irrelevance.

Note: This linter can be disabled with `set_option linter.style.haveILetI false`
warning: Mf/DP/PLDRandomAllocation.lean:1712:8: This simp argument is unused:
  Nat.lt_one_iff

Hint: Omit it from the simp argument list.
  [apply] simp

Note: This linter can be disabled with `set_option linter.unusedSimpArgs false`
warning: Mf/DP/PLDRandomAllocation.lean:1780:2: Try this: 
  letI̵

The goal is a proposition, so `let` is preferred over `letI`.
The difference between `let` and `letI` is that `letI` inlines the value.
But this is not relevant for proofs because of proof irrelevance.

Note: This linter can be disabled with `set_option linter.style.haveILetI false`
warning: Mf/DP/PLDRandomAllocation.lean:2275:2: Try this: 
  haveI̵

The goal is a proposition, so `have` is preferred over `haveI`.
The difference between `have` and `haveI` is that `haveI` inlines the value.
But this is not relevant for proofs because of proof irrelevance.

Note: This linter can be disabled with `set_option linter.style.haveILetI false`
warning: Mf/DP/PLDRandomAllocation.lean:2377:2: Try this: 
  haveI̵

The goal is a proposition, so `have` is preferred over `haveI`.
The difference between `have` and `haveI` is that `haveI` inlines the value.
But this is not relevant for proofs because of proof irrelevance.

Note: This linter can be disabled with `set_option linter.style.haveILetI false`
warning: Mf/DP/PLDRandomAllocation.lean:2763:2: Try this: 
  haveI̵

The goal is a proposition, so `have` is preferred over `haveI`.
The difference between `have` and `haveI` is that `haveI` inlines the value.
But this is not relevant for proofs because of proof irrelevance.

Note: This linter can be disabled with `set_option linter.style.haveILetI false`
warning: Mf/DP/PLDRandomAllocation.lean:2823:14: `MeasureTheory.integral_finset_sum_measure` has been deprecated: Use `MeasureTheory.integral_finsetSum_measure` instead
warning: Mf/DP/PLDRandomAllocation.lean:3001:16: `MeasureTheory.setIntegral_eq_of_subset_of_ae_diff_eq_zero` has been deprecated: Use `MeasureTheory.setIntegral_eq_of_subset_of_ae_sdiff_eq_zero` instead
warning: Mf/DP/PLDRandomAllocation.lean:3025:16: `MeasureTheory.setIntegral_eq_of_subset_of_ae_diff_eq_zero` has been deprecated: Use `MeasureTheory.setIntegral_eq_of_subset_of_ae_sdiff_eq_zero` instead
warning: Mf/DP/PLDRandomAllocation.lean:3049:16: `MeasureTheory.setIntegral_eq_of_subset_of_ae_diff_eq_zero` has been deprecated: Use `MeasureTheory.setIntegral_eq_of_subset_of_ae_sdiff_eq_zero` instead
⚠ [8728/8883] Replayed Mf.DP.FiniteProductDensityMeasure
warning: Mf/DP/FiniteProductDensityMeasure.lean:101:12: try 'simp' instead of 'simpa'

Note: This linter can be disabled with `set_option linter.unnecessarySimpa false`
warning: Mf/DP/FiniteProductDensityMeasure.lean:161:10: Try this: 
  haveI̵

The goal is a proposition, so `have` is preferred over `haveI`.
The difference between `have` and `haveI` is that `haveI` inlines the value.
But this is not relevant for proofs because of proof irrelevance.

Note: This linter can be disabled with `set_option linter.style.haveILetI false`
⚠ [8730/8883] Replayed Mf.DP.MatchedGaussianSourceNormalization
warning: Mf/DP/MatchedGaussianSourceNormalization.lean:43:21: `PMF.bernoulli` has been deprecated: Use `ProbabilityTheory.bernoulliMeasure` instead

Note: The updated constant has a different type:
  {X : Type u_1} → [inst : MeasurableSpace X] → X → X → ↑unitInterval → Measure X
instead of
  (p : NNReal) → p ≤ 1 → PMF Bool

Note: The updated constant is in a different namespace. Dot notation may need to be changed (e.g., from `x.bernoulli` to `bernoulliMeasure x`).
warning: Mf/DP/MatchedGaussianSourceNormalization.lean:48:12: `PMF.bernoulli_apply` has been deprecated: Use `ProbabilityTheory.bernoulliMeasure_apply` instead

Note: The updated constant has a different type:
  ∀ {X : Type u_1} [inst : MeasurableSpace X] {x y : X} (p : ↑unitInterval) {s : Set X},
    MeasurableSet s →
      ∀ [inst_1 : DecidablePred fun x ↦ x ∈ s],
        Ber(x, y, p) s =
          if x ∈ s then if y ∈ s then 1 else ↑(unitInterval.toNNReal p)
          else if y ∈ s then ↑(unitInterval.toNNReal (unitInterval.symm p)) else 0
instead of
  ∀ {p : NNReal} (h : p ≤ 1) (b : Bool), (PMF.bernoulli p h) b = ↑(bif b then p else 1 - p)

Note: The updated constant is in a different namespace. Dot notation may need to be changed (e.g., from `x.bernoulli_apply` to `bernoulliMeasure_apply x`).
warning: Mf/DP/MatchedGaussianSourceNormalization.lean:48:12: `PMF.bernoulli_apply` has been deprecated: Use `ProbabilityTheory.bernoulliMeasure_apply` instead

Note: The updated constant has a different type:
  ∀ {X : Type u_1} [inst : MeasurableSpace X] {x y : X} (p : ↑unitInterval) {s : Set X},
    MeasurableSet s →
      ∀ [inst_1 : DecidablePred fun x ↦ x ∈ s],
        Ber(x, y, p) s =
          if x ∈ s then if y ∈ s then 1 else ↑(unitInterval.toNNReal p)
          else if y ∈ s then ↑(unitInterval.toNNReal (unitInterval.symm p)) else 0
instead of
  ∀ {p : NNReal} (h : p ≤ 1) (b : Bool), (PMF.bernoulli p h) b = ↑(bif b then p else 1 - p)

Note: The updated constant is in a different namespace. Dot notation may need to be changed (e.g., from `x.bernoulli_apply` to `bernoulliMeasure_apply x`).
warning: Mf/DP/MatchedGaussianSourceNormalization.lean:48:12: `PMF.bernoulli_apply` has been deprecated: Use `ProbabilityTheory.bernoulliMeasure_apply` instead

Note: The updated constant has a different type:
  ∀ {X : Type u_1} [inst : MeasurableSpace X] {x y : X} (p : ↑unitInterval) {s : Set X},
    MeasurableSet s →
      ∀ [inst_1 : DecidablePred fun x ↦ x ∈ s],
        Ber(x, y, p) s =
          if x ∈ s then if y ∈ s then 1 else ↑(unitInterval.toNNReal p)
          else if y ∈ s then ↑(unitInterval.toNNReal (unitInterval.symm p)) else 0
instead of
  ∀ {p : NNReal} (h : p ≤ 1) (b : Bool), (PMF.bernoulli p h) b = ↑(bif b then p else 1 - p)

Note: The updated constant is in a different namespace. Dot notation may need to be changed (e.g., from `x.bernoulli_apply` to `bernoulliMeasure_apply x`).
warning: Mf/DP/MatchedGaussianSourceNormalization.lean:48:12: `PMF.bernoulli_apply` has been deprecated: Use `ProbabilityTheory.bernoulliMeasure_apply` instead

Note: The updated constant has a different type:
  ∀ {X : Type u_1} [inst : MeasurableSpace X] {x y : X} (p : ↑unitInterval) {s : Set X},
    MeasurableSet s →
      ∀ [inst_1 : DecidablePred fun x ↦ x ∈ s],
        Ber(x, y, p) s =
          if x ∈ s then if y ∈ s then 1 else ↑(unitInterval.toNNReal p)
          else if y ∈ s then ↑(unitInterval.toNNReal (unitInterval.symm p)) else 0
instead of
  ∀ {p : NNReal} (h : p ≤ 1) (b : Bool), (PMF.bernoulli p h) b = ↑(bif b then p else 1 - p)

Note: The updated constant is in a different namespace. Dot notation may need to be changed (e.g., from `x.bernoulli_apply` to `bernoulliMeasure_apply x`).
warning: Mf/DP/MatchedGaussianSourceNormalization.lean:50:5: `PMF.bernoulli` has been deprecated: Use `ProbabilityTheory.bernoulliMeasure` instead

Note: The updated constant has a different type:
  {X : Type u_1} → [inst : MeasurableSpace X] → X → X → ↑unitInterval → Measure X
instead of
  (p : NNReal) → p ≤ 1 → PMF Bool

Note: The updated constant is in a different namespace. Dot notation may need to be changed (e.g., from `x.bernoulli` to `bernoulliMeasure x`).
warning: Mf/DP/MatchedGaussianSourceNormalization.lean:51:27: `PMF.bernoulli` has been deprecated: Use `ProbabilityTheory.bernoulliMeasure` instead

Note: The updated constant has a different type:
  {X : Type u_1} → [inst : MeasurableSpace X] → X → X → ↑unitInterval → Measure X
instead of
  (p : NNReal) → p ≤ 1 → PMF Bool

Note: The updated constant is in a different namespace. Dot notation may need to be changed (e.g., from `x.bernoulli` to `bernoulliMeasure x`).
warning: Mf/DP/MatchedGaussianSourceNormalization.lean:107:4: Unused tactic linter: `change
  (sample - (samplingRate : Real) * sensitivity) / (noiseStddev : Real) =
    ((fun y : Real => y / (noiseStddev : Real)) ∘ (fun y : Real => y - (samplingRate : Real) * sensitivity))
      sample` does nothing

Note: This linter can be disabled with `set_option linter.unusedTactic false`
⚠ [8731/8883] Replayed Mf.DP.DensityRatioEventDistance
warning: Mf/DP/DensityRatioEventDistance.lean:93:10: try 'simp' instead of 'simpa'

Note: This linter can be disabled with `set_option linter.unnecessarySimpa false`
⚠ [8732/8883] Replayed Mf.DP.SampledGaussianOutputMoments
warning: Mf/DP/SampledGaussianOutputMoments.lean:27:21: `PMF.bernoulli` has been deprecated: Use `ProbabilityTheory.bernoulliMeasure` instead

Note: The updated constant has a different type:
  {X : Type u_1} → [inst : MeasurableSpace X] → X → X → ↑unitInterval → Measure X
instead of
  (p : NNReal) → p ≤ 1 → PMF Bool

Note: The updated constant is in a different namespace. Dot notation may need to be changed (e.g., from `x.bernoulli` to `bernoulliMeasure x`).
warning: Mf/DP/SampledGaussianOutputMoments.lean:28:40: `PMF.bernoulli` has been deprecated: Use `ProbabilityTheory.bernoulliMeasure` instead

Note: The updated constant has a different type:
  {X : Type u_1} → [inst : MeasurableSpace X] → X → X → ↑unitInterval → Measure X
instead of
  (p : NNReal) → p ≤ 1 → PMF Bool

Note: The updated constant is in a different namespace. Dot notation may need to be changed (e.g., from `x.bernoulli` to `bernoulliMeasure x`).
warning: Mf/DP/SampledGaussianOutputMoments.lean:39:34: `PMF.bernoulli` has been deprecated: Use `ProbabilityTheory.bernoulliMeasure` instead

Note: The updated constant has a different type:
  {X : Type u_1} → [inst : MeasurableSpace X] → X → X → ↑unitInterval → Measure X
instead of
  (p : NNReal) → p ≤ 1 → PMF Bool

Note: The updated constant is in a different namespace. Dot notation may need to be changed (e.g., from `x.bernoulli` to `bernoulliMeasure x`).
warning: Mf/DP/SampledGaussianOutputMoments.lean:40:40: `PMF.bernoulli` has been deprecated: Use `ProbabilityTheory.bernoulliMeasure` instead

Note: The updated constant has a different type:
  {X : Type u_1} → [inst : MeasurableSpace X] → X → X → ↑unitInterval → Measure X
instead of
  (p : NNReal) → p ≤ 1 → PMF Bool

Note: The updated constant is in a different namespace. Dot notation may need to be changed (e.g., from `x.bernoulli` to `bernoulliMeasure x`).
warning: Mf/DP/SampledGaussianOutputMoments.lean:45:34: `PMF.bernoulli_expectation` has been deprecated: Use `ProbabilityTheory.integral_bernoulliMeasure` instead

Note: The updated constant has a different type:
  ∀ {X : Type u_1} [inst : MeasurableSpace X] {E : Type u_3} [inst_1 : NormedAddCommGroup E] [inst_2 : NormedSpace ℝ E]
    [CompleteSpace E] [MeasurableSingletonClass X] (x y : X) (p : ↑unitInterval) (f : X → E),
    ∫ (z : X), f z ∂Ber(x, y, p) = ↑p • f x + (1 - ↑p) • f y
instead of
  ∀ {p : NNReal} (h : p ≤ 1), ∫ (b : Bool), bif b then 1 else 0 ∂(PMF.bernoulli p h).toMeasure = ↑p

Note: The updated constant is in a different namespace. Dot notation may need to be changed (e.g., from `x.bernoulli_expectation` to `integral_bernoulliMeasure x`).
warning: Mf/DP/SampledGaussianOutputMoments.lean:54:35: `PMF.bernoulli` has been deprecated: Use `ProbabilityTheory.bernoulliMeasure` instead

Note: The updated constant has a different type:
  {X : Type u_1} → [inst : MeasurableSpace X] → X → X → ↑unitInterval → Measure X
instead of
  (p : NNReal) → p ≤ 1 → PMF Bool

Note: The updated constant is in a different namespace. Dot notation may need to be changed (e.g., from `x.bernoulli` to `bernoulliMeasure x`).
warning: Mf/DP/SampledGaussianOutputMoments.lean:59:21: `PMF.bernoulli` has been deprecated: Use `ProbabilityTheory.bernoulliMeasure` instead

Note: The updated constant has a different type:
  {X : Type u_1} → [inst : MeasurableSpace X] → X → X → ↑unitInterval → Measure X
instead of
  (p : NNReal) → p ≤ 1 → PMF Bool

Note: The updated constant is in a different namespace. Dot notation may need to be changed (e.g., from `x.bernoulli` to `bernoulliMeasure x`).
warning: Mf/DP/SampledGaussianOutputMoments.lean:60:40: `PMF.bernoulli` has been deprecated: Use `ProbabilityTheory.bernoulliMeasure` instead

Note: The updated constant has a different type:
  {X : Type u_1} → [inst : MeasurableSpace X] → X → X → ↑unitInterval → Measure X
instead of
  (p : NNReal) → p ≤ 1 → PMF Bool

Note: The updated constant is in a different namespace. Dot notation may need to be changed (e.g., from `x.bernoulli` to `bernoulliMeasure x`).
warning: Mf/DP/SampledGaussianOutputMoments.lean:61:41: `PMF.bernoulli` has been deprecated: Use `ProbabilityTheory.bernoulliMeasure` instead

Note: The updated constant has a different type:
  {X : Type u_1} → [inst : MeasurableSpace X] → X → X → ↑unitInterval → Measure X
instead of
  (p : NNReal) → p ≤ 1 → PMF Bool

Note: The updated constant is in a different namespace. Dot notation may need to be changed (e.g., from `x.bernoulli` to `bernoulliMeasure x`).
warning: Mf/DP/SampledGaussianOutputMoments.lean:63:30: `PMF.bernoulli` has been deprecated: Use `ProbabilityTheory.bernoulliMeasure` instead

Note: The updated constant has a different type:
  {X : Type u_1} → [inst : MeasurableSpace X] → X → X → ↑unitInterval → Measure X
instead of
  (p : NNReal) → p ≤ 1 → PMF Bool

Note: The updated constant is in a different namespace. Dot notation may need to be changed (e.g., from `x.bernoulli` to `bernoulliMeasure x`).
warning: Mf/DP/SampledGaussianOutputMoments.lean:68:36: `PMF.bernoulli_expectation` has been deprecated: Use `ProbabilityTheory.integral_bernoulliMeasure` instead

Note: The updated constant has a different type:
  ∀ {X : Type u_1} [inst : MeasurableSpace X] {E : Type u_3} [inst_1 : NormedAddCommGroup E] [inst_2 : NormedSpace ℝ E]
    [CompleteSpace E] [MeasurableSingletonClass X] (x y : X) (p : ↑unitInterval) (f : X → E),
    ∫ (z : X), f z ∂Ber(x, y, p) = ↑p • f x + (1 - ↑p) • f y
instead of
  ∀ {p : NNReal} (h : p ≤ 1), ∫ (b : Bool), bif b then 1 else 0 ∂(PMF.bernoulli p h).toMeasure = ↑p

Note: The updated constant is in a different namespace. Dot notation may need to be changed (e.g., from `x.bernoulli_expectation` to `integral_bernoulliMeasure x`).
warning: Mf/DP/SampledGaussianOutputMoments.lean:70:36: `PMF.bernoulli` has been deprecated: Use `ProbabilityTheory.bernoulliMeasure` instead

Note: The updated constant has a different type:
  {X : Type u_1} → [inst : MeasurableSpace X] → X → X → ↑unitInterval → Measure X
instead of
  (p : NNReal) → p ≤ 1 → PMF Bool

Note: The updated constant is in a different namespace. Dot notation may need to be changed (e.g., from `x.bernoulli` to `bernoulliMeasure x`).
warning: Mf/DP/SampledGaussianOutputMoments.lean:76:38: `PMF.bernoulli_expectation` has been deprecated: Use `ProbabilityTheory.integral_bernoulliMeasure` instead

Note: The updated constant has a different type:
  ∀ {X : Type u_1} [inst : MeasurableSpace X] {E : Type u_3} [inst_1 : NormedAddCommGroup E] [inst_2 : NormedSpace ℝ E]
    [CompleteSpace E] [MeasurableSingletonClass X] (x y : X) (p : ↑unitInterval) (f : X → E),
    ∫ (z : X), f z ∂Ber(x, y, p) = ↑p • f x + (1 - ↑p) • f y
instead of
  ∀ {p : NNReal} (h : p ≤ 1), ∫ (b : Bool), bif b then 1 else 0 ∂(PMF.bernoulli p h).toMeasure = ↑p

Note: The updated constant is in a different namespace. Dot notation may need to be changed (e.g., from `x.bernoulli_expectation` to `integral_bernoulliMeasure x`).
warning: Mf/DP/SampledGaussianOutputMoments.lean:78:29: `PMF.bernoulli` has been deprecated: Use `ProbabilityTheory.bernoulliMeasure` instead

Note: The updated constant has a different type:
  {X : Type u_1} → [inst : MeasurableSpace X] → X → X → ↑unitInterval → Measure X
instead of
  (p : NNReal) → p ≤ 1 → PMF Bool

Note: The updated constant is in a different namespace. Dot notation may need to be changed (e.g., from `x.bernoulli` to `bernoulliMeasure x`).
warning: Mf/DP/SampledGaussianOutputMoments.lean:79:20: `PMF.bernoulli` has been deprecated: Use `ProbabilityTheory.bernoulliMeasure` instead

Note: The updated constant has a different type:
  {X : Type u_1} → [inst : MeasurableSpace X] → X → X → ↑unitInterval → Measure X
instead of
  (p : NNReal) → p ≤ 1 → PMF Bool

Note: The updated constant is in a different namespace. Dot notation may need to be changed (e.g., from `x.bernoulli` to `bernoulliMeasure x`).
⚠ [8736/8883] Replayed Mf.DP.SampledGaussianOracleConvergence
warning: Mf/DP/SampledGaussianOracleConvergence.lean:94:100: This line exceeds the 100 character limit, please shorten it!

Note: This linter can be disabled with `set_option linter.style.longLine false`
⚠ [8739/8883] Replayed Mf.DP.StandardGaussianCore
warning: Mf/DP/StandardGaussianCore.lean:53:2: Try this: 
  letI̵

The goal is a proposition, so `let` is preferred over `letI`.
The difference between `let` and `letI` is that `letI` inlines the value.
But this is not relevant for proofs because of proof irrelevance.

Note: This linter can be disabled with `set_option linter.style.haveILetI false`
warning: Mf/DP/StandardGaussianCore.lean:87:2: Try this: 
  letI̵

The goal is a proposition, so `let` is preferred over `letI`.
The difference between `let` and `letI` is that `letI` inlines the value.
But this is not relevant for proofs because of proof irrelevance.

Note: This linter can be disabled with `set_option linter.style.haveILetI false`
⚠ [8740/8883] Replayed Mf.Probability.StandardGaussianTailBounds
warning: Mf/Probability/StandardGaussianTailBounds.lean:291:18: this tactic is never executed

Note: This linter can be disabled with `set_option linter.unreachableTactic false`
warning: Mf/Probability/StandardGaussianTailBounds.lean:291:18: Unused tactic linter: `(simp [millsCf, Pi.inv_apply] <;> ring)` does nothing

Note: This linter can be disabled with `set_option linter.unusedTactic false`
warning: Mf/Probability/StandardGaussianTailBounds.lean:315:25: This simp argument is unused:
  stdNormalUpperTailReal

Hint: Omit it from the simp argument list.
  [apply] simp [Function.comp_def, stdNormalPdfReal_neg, mul_comm]

Note: This linter can be disabled with `set_option linter.unusedSimpArgs false`
warning: Mf/Probability/StandardGaussianTailBounds.lean:315:49: This simp argument is unused:
  Function.comp_def

Hint: Omit it from the simp argument list.
  [apply] simp [stdNormalUpperTailReal, stdNormalPdfReal_neg, mul_comm]

Note: This linter can be disabled with `set_option linter.unusedSimpArgs false`
warning: Mf/Probability/StandardGaussianTailBounds.lean:316:42: this tactic is never executed

Note: This linter can be disabled with `set_option linter.unreachableTactic false`
warning: Mf/Probability/StandardGaussianTailBounds.lean:316:42: Unused tactic linter: `ring` does nothing

Note: This linter can be disabled with `set_option linter.unusedTactic false`
warning: Mf/Probability/StandardGaussianTailBounds.lean:352:27: This simp argument is unused:
  gap

Hint: Omit it from the simp argument list.
  [apply] simp [Pi.sub_apply, Pi.mul_apply]

Note: This linter can be disabled with `set_option linter.unusedSimpArgs false`
warning: Mf/Probability/StandardGaussianTailBounds.lean:352:32: This simp argument is unused:
  Pi.sub_apply

Hint: Omit it from the simp argument list.
  [apply] simp [gap, Pi.mul_apply]

Note: This linter can be disabled with `set_option linter.unusedSimpArgs false`
warning: Mf/Probability/StandardGaussianTailBounds.lean:352:46: This simp argument is unused:
  Pi.mul_apply

Hint: Omit it from the simp argument list.
  [apply] simp [gap, Pi.sub_apply]

Note: This linter can be disabled with `set_option linter.unusedSimpArgs false`
warning: Mf/Probability/StandardGaussianTailBounds.lean:352:60: Used `tac1 <;> tac2` where `(tac1; tac2)` would suffice

Note: This linter can be disabled with `set_option linter.unnecessarySeqFocus false`
warning: Mf/Probability/StandardGaussianTailBounds.lean:396:27: This simp argument is unused:
  gap

Hint: Omit it from the simp argument list.
  [apply] simp [Pi.sub_apply, Pi.mul_apply]

Note: This linter can be disabled with `set_option linter.unusedSimpArgs false`
warning: Mf/Probability/StandardGaussianTailBounds.lean:396:32: This simp argument is unused:
  Pi.sub_apply

Hint: Omit it from the simp argument list.
  [apply] simp [gap, Pi.mul_apply]

Note: This linter can be disabled with `set_option linter.unusedSimpArgs false`
warning: Mf/Probability/StandardGaussianTailBounds.lean:396:46: This simp argument is unused:
  Pi.mul_apply

Hint: Omit it from the simp argument list.
  [apply] simp [gap, Pi.sub_apply]

Note: This linter can be disabled with `set_option linter.unusedSimpArgs false`
warning: Mf/Probability/StandardGaussianTailBounds.lean:396:60: Used `tac1 <;> tac2` where `(tac1; tac2)` would suffice

Note: This linter can be disabled with `set_option linter.unnecessarySeqFocus false`
warning: Mf/Probability/StandardGaussianTailBounds.lean:502:28: This simp argument is unused:
  Pi.add_apply

Hint: Omit it from the simp argument list.
  [apply] simp [Pi.pow_apply]

Note: This linter can be disabled with `set_option linter.unusedSimpArgs false`
warning: Mf/Probability/StandardGaussianTailBounds.lean:502:42: This simp argument is unused:
  Pi.pow_apply

Hint: Omit it from the simp argument list.
  [apply] simp [Pi.add_apply]

Note: This linter can be disabled with `set_option linter.unusedSimpArgs false`
warning: Mf/Probability/StandardGaussianTailBounds.lean:505:27: This simp argument is unused:
  Pi.div_apply

Hint: Omit it from the simp argument list.
  [apply] simp [Function.id_def]

Note: This linter can be disabled with `set_option linter.unusedSimpArgs false`
warning: Mf/Probability/StandardGaussianTailBounds.lean:505:41: This simp argument is unused:
  Function.id_def

Hint: Omit it from the simp argument list.
  [apply] simp [Pi.div_apply]

Note: This linter can be disabled with `set_option linter.unusedSimpArgs false`
warning: Mf/Probability/StandardGaussianTailBounds.lean:505:58: Used `tac1 <;> tac2` where `(tac1; tac2)` would suffice

Note: This linter can be disabled with `set_option linter.unnecessarySeqFocus false`
⚠ [8741/8883] Replayed Mf.DP.BSRGaussianCore
warning: Mf/DP/BSRGaussianCore.lean:874:23: `continuous_add_right` has been deprecated: Use `continuous_add_const` instead
⚠ [8742/8883] Replayed Mf.DP.GaussianCore
warning: Mf/DP/GaussianCore.lean:770:30: `Set.diff_subset` has been deprecated: Use `Set.sdiff_subset` instead
warning: Mf/DP/GaussianCore.lean:774:16: `MeasureTheory.VectorMeasure.of_add_of_diff` has been deprecated: Use `MeasureTheory.VectorMeasure.of_add_of_sdiff` instead
warning: Mf/DP/GaussianCore.lean:784:14: `MeasureTheory.VectorMeasure.of_add_of_diff` has been deprecated: Use `MeasureTheory.VectorMeasure.of_add_of_sdiff` instead
warning: Mf/DP/GaussianCore.lean:838:2: Try this: 
  letI̵

The goal is a proposition, so `let` is preferred over `letI`.
The difference between `let` and `letI` is that `letI` inlines the value.
But this is not relevant for proofs because of proof irrelevance.

Note: This linter can be disabled with `set_option linter.style.haveILetI false`
warning: Mf/DP/GaussianCore.lean:839:2: Try this: 
  letI̵

The goal is a proposition, so `let` is preferred over `letI`.
The difference between `let` and `letI` is that `letI` inlines the value.
But this is not relevant for proofs because of proof irrelevance.

Note: This linter can be disabled with `set_option linter.style.haveILetI false`
warning: Mf/DP/GaussianCore.lean:841:2: Try this: 
  letI̵

The goal is a proposition, so `let` is preferred over `letI`.
The difference between `let` and `letI` is that `letI` inlines the value.
But this is not relevant for proofs because of proof irrelevance.

Note: This linter can be disabled with `set_option linter.style.haveILetI false`
warning: Mf/DP/GaussianCore.lean:843:2: Try this: 
  letI̵

The goal is a proposition, so `let` is preferred over `letI`.
The difference between `let` and `letI` is that `letI` inlines the value.
But this is not relevant for proofs because of proof irrelevance.

Note: This linter can be disabled with `set_option linter.style.haveILetI false`
warning: Mf/DP/GaussianCore.lean:841:100: This line exceeds the 100 character limit, please shorten it!

Note: This linter can be disabled with `set_option linter.style.longLine false`
⚠ [8745/8883] Replayed Mf.DP.GaussianDP
warning: Mf/DP/GaussianDP.lean:262:2: Try this: 
  letI̵

The goal is a proposition, so `let` is preferred over `letI`.
The difference between `let` and `letI` is that `letI` inlines the value.
But this is not relevant for proofs because of proof irrelevance.

Note: This linter can be disabled with `set_option linter.style.haveILetI false`
warning: Mf/DP/GaussianDP.lean:266:2: Try this: 
  letI̵

The goal is a proposition, so `let` is preferred over `letI`.
The difference between `let` and `letI` is that `letI` inlines the value.
But this is not relevant for proofs because of proof irrelevance.

Note: This linter can be disabled with `set_option linter.style.haveILetI false`
warning: Mf/DP/GaussianDP.lean:307:13: This simp argument is unused:
  p

Hint: Omit it from the simp argument list.
  [apply] simp [q, A, MeasureTheory.Measure.real]

Note: This linter can be disabled with `set_option linter.unusedSimpArgs false`
warning: Mf/DP/GaussianDP.lean:532:0: Definition `ofProfileLe` is a proposition; use `theorem` instead of `def`

Note: This linter can be disabled with `set_option linter.defProp false`
warning: Mf/DP/GaussianDP.lean:539:0: Definition `ofInterval` is a proposition; use `theorem` instead of `def`

Note: This linter can be disabled with `set_option linter.defProp false`
warning: Mf/DP/GaussianDP.lean:546:0: Definition `ofExpLower` is a proposition; use `theorem` instead of `def`

Note: This linter can be disabled with `set_option linter.defProp false`
warning: Mf/DP/GaussianDP.lean:683:0: Definition `ofZeroSignal` is a proposition; use `theorem` instead of `def`

Note: This linter can be disabled with `set_option linter.defProp false`
warning: Mf/DP/GaussianDP.lean:691:0: Definition `conservative` is a proposition; use `theorem` instead of `def`

Note: This linter can be disabled with `set_option linter.defProp false`
⚠ [8750/8883] Replayed Mf.DP.FullBatchGaussianAccounting
warning: Mf/DP/FullBatchGaussianAccounting.lean:128:8: This simp argument is unused:
  ENNReal.coe_sub

Hint: Omit it from the simp argument list.
  [apply] simp

Note: This linter can be disabled with `set_option linter.unusedSimpArgs false`
⚠ [8752/8883] Replayed Mf.DP.SampledGaussianCalibrationThresholds
warning: Mf/DP/SampledGaussianCalibrationThresholds.lean:177:19: this tactic is never executed

Note: This linter can be disabled with `set_option linter.unreachableTactic false`
warning: Mf/DP/SampledGaussianCalibrationThresholds.lean:177:2: Used `tac1 <;> tac2` where `(tac1; tac2)` would suffice

Note: This linter can be disabled with `set_option linter.unnecessarySeqFocus false`
warning: Mf/DP/SampledGaussianCalibrationThresholds.lean:177:19: Unused tactic linter: `ring` does nothing

Note: This linter can be disabled with `set_option linter.unusedTactic false`
warning: Mf/DP/SampledGaussianCalibrationThresholds.lean:215:2: Used `tac1 <;> tac2` where `(tac1; tac2)` would suffice

Note: This linter can be disabled with `set_option linter.unnecessarySeqFocus false`
⚠ [8756/8883] Replayed Mf.DP.LikelihoodRatioAccountingLimit
warning: Mf/DP/LikelihoodRatioAccountingLimit.lean:61:4: Try this: 
  haveI̵

The goal is a proposition, so `have` is preferred over `haveI`.
The difference between `have` and `haveI` is that `haveI` inlines the value.
But this is not relevant for proofs because of proof irrelevance.

Note: This linter can be disabled with `set_option linter.style.haveILetI false`
⚠ [8757/8883] Replayed Mf.DP.SparseGaussianLikelihoodRatio
warning: Mf/DP/SparseGaussianLikelihoodRatio.lean:47:2: `simp [mixture, ENNReal.coe_sub]` is a flexible tactic modifying `⊢`. Try `simp?` and use the suggested `simp only [...]`. Alternatively, use `suffices` to explicitly state the simplified form.

Note: This linter can be disabled with `set_option linter.flexible false`
info: Mf/DP/SparseGaussianLikelihoodRatio.lean:48:2: `exact tsub_add_cancel_of_le (by exact_mod_cast hRate)`
modifies the current goal, which was modified by the flexible tactic `simp` on line 47!
⚠ [8760/8883] Replayed Mf.DP.SparseGaussianTruncationAsymptotics
info: Mf/DP/SparseGaussianTruncationAsymptotics.lean:119:56: Try this:
  [apply] ring_nf
  
  The `ring` tactic failed to close the goal. Use `ring_nf` to obtain a normal form.
    
  Note that `ring` works primarily in *commutative* rings. If you have a noncommutative ring, abelian group or module, consider using `noncomm_ring`, `abel` or `module` instead.
warning: Mf/DP/SparseGaussianTruncationAsymptotics.lean:119:52: Used `tac1 <;> tac2` where `(tac1; tac2)` would suffice

Note: This linter can be disabled with `set_option linter.unnecessarySeqFocus false`
info: Mf/DP/SparseGaussianTruncationAsymptotics.lean:223:4: Try this:
  [apply] ring_nf
  
  The `ring` tactic failed to close the goal. Use `ring_nf` to obtain a normal form.
    
  Note that `ring` works primarily in *commutative* rings. If you have a noncommutative ring, abelian group or module, consider using `noncomm_ring`, `abel` or `module` instead.
ℹ [8761/8883] Replayed Mf.DP.SparseGaussianTruncatedSecondMoment
info: Mf/DP/SparseGaussianTruncatedSecondMoment.lean:48:28: Try this:
  [apply] ring_nf
  
  The `ring` tactic failed to close the goal. Use `ring_nf` to obtain a normal form.
    
  Note that `ring` works primarily in *commutative* rings. If you have a noncommutative ring, abelian group or module, consider using `noncomm_ring`, `abel` or `module` instead.
info: Mf/DP/SparseGaussianTruncatedSecondMoment.lean:48:28: Try this:
  [apply] ring_nf
  
  The `ring` tactic failed to close the goal. Use `ring_nf` to obtain a normal form.
    
  Note that `ring` works primarily in *commutative* rings. If you have a noncommutative ring, abelian group or module, consider using `noncomm_ring`, `abel` or `module` instead.
⚠ [8769/8883] Replayed Mf.DP.DiracReferenceAccounting
warning: Mf/DP/DiracReferenceAccounting.lean:50:10: try 'simp' instead of 'simpa'

Note: This linter can be disabled with `set_option linter.unnecessarySimpa false`
warning: Mf/DP/DiracReferenceAccounting.lean:50:50: this tactic is never executed

Note: This linter can be disabled with `set_option linter.unreachableTactic false`
warning: Mf/DP/DiracReferenceAccounting.lean:50:50: Unused tactic linter: `positivity` does nothing

Note: This linter can be disabled with `set_option linter.unusedTactic false`
⚠ [8770/8883] Replayed Mf.DP.SampledGaussianZeroNoiseBoundary
warning: Mf/DP/SampledGaussianZeroNoiseBoundary.lean:47:9: `PMF.bernoulli` has been deprecated: Use `ProbabilityTheory.bernoulliMeasure` instead

Note: The updated constant has a different type:
  {X : Type u_1} → [inst : MeasurableSpace X] → X → X → ↑unitInterval → Measure X
instead of
  (p : NNReal) → p ≤ 1 → PMF Bool

Note: The updated constant is in a different namespace. Dot notation may need to be changed (e.g., from `x.bernoulli` to `ProbabilityTheory.bernoulliMeasure x`).
warning: Mf/DP/SampledGaussianZeroNoiseBoundary.lean:50:23: `PMF.bernoulli_apply` has been deprecated: Use `ProbabilityTheory.bernoulliMeasure_apply` instead

Note: The updated constant has a different type:
  ∀ {X : Type u_1} [inst : MeasurableSpace X] {x y : X} (p : ↑unitInterval) {s : Set X},
    MeasurableSet s →
      ∀ [inst_1 : DecidablePred fun x ↦ x ∈ s],
        (ProbabilityTheory.bernoulliMeasure x y p) s =
          if x ∈ s then if y ∈ s then 1 else ↑(unitInterval.toNNReal p)
          else if y ∈ s then ↑(unitInterval.toNNReal (unitInterval.symm p)) else 0
instead of
  ∀ {p : NNReal} (h : p ≤ 1) (b : Bool), (PMF.bernoulli p h) b = ↑(bif b then p else 1 - p)

Note: The updated constant is in a different namespace. Dot notation may need to be changed (e.g., from `x.bernoulli_apply` to `ProbabilityTheory.bernoulliMeasure_apply x`).
⚠ [8774/8883] Replayed Mf.DP.FixedParticipationGaussianCalibrationAsymptotics
warning: Mf/DP/FixedParticipationGaussianCalibrationAsymptotics.lean:334:100: This line exceeds the 100 character limit, please shorten it!

Note: This linter can be disabled with `set_option linter.style.longLine false`
warning: Mf/DP/FixedParticipationGaussianCalibrationAsymptotics.lean:438:100: This line exceeds the 100 character limit, please shorten it!

Note: This linter can be disabled with `set_option linter.style.longLine false`
warning: Mf/DP/FixedParticipationGaussianCalibrationAsymptotics.lean:553:100: This line exceeds the 100 character limit, please shorten it!

Note: This linter can be disabled with `set_option linter.style.longLine false`
⚠ [8775/8883] Replayed Mf.DP.FixedParticipationGradientUtility
warning: Mf/DP/FixedParticipationGradientUtility.lean:111:80: Used `tac1 <;> tac2` where `(tac1; tac2)` would suffice

Note: This linter can be disabled with `set_option linter.unnecessarySeqFocus false`
ℹ [8780/8883] Replayed Mf.DP.PoissonFixedEpochOffsetAudit
info: Mf/DP/PoissonFixedEpochOffsetAudit.lean:3:0: Mf.DP.tendsto_poissonFixedEpochCalibratedStddev_offset (epoch : ℕ) (epoch_pos : 0 < epoch)
  (sensitivity epsilon delta : ℝ) (sensitivity_pos : 0 < sensitivity) (epsilon_nonneg : 0 ≤ epsilon)
  (delta_pos : 0 < delta) (delta_lt_boundary : delta < 1 - Real.exp (-↑epoch)) :
  Filter.Tendsto
    (fun extra ↦
      sensitivity /
          ↑(Mf.DP.poissonFixedEpochCalibratedStddev (Mf.DP.PoissonFixedEpochPoint.ofExtra epoch epoch_pos extra)
              sensitivity epsilon delta) -
        √(2 * Real.log ↑(epoch + extra)))
    Filter.atTop (nhds (Mf.DP.standardNormalQuantile (-Real.log (1 - delta) / ↑epoch)))
info: Mf/DP/PoissonFixedEpochOffsetAudit.lean:4:0: 'Mf.DP.tendsto_poissonFixedEpochCalibratedStddev_offset' depends on axioms: [propext, Classical.choice, Quot.sound]
⚠ [8781/8883] Replayed Mf.DP.Workload
warning: Mf/DP/Workload.lean:44:6: `Matrix.det_of_lowerTriangular` has been deprecated: Use `Matrix.det_of_isLowerTriangular` instead
warning: Mf/DP/Workload.lean:48:0: Definition `Mf.DP.LDToep_invertible_of_coeff_zero_eq_one` of class type is semireducible. Most type class instances should be instance-reducible, so consider marking this
definition with `@[instance_reducible]`. If it is intentionally semireducible, this warning can be disabled with `set_option warn.classDefReducibility false`.
⚠ [8787/8883] Replayed Mf.DP.PoissonGaussianMixture
warning: Mf/DP/PoissonGaussianMixture.lean:350:4: `push_neg` has been deprecated. Prefer using `push Not` instead.
If you'd rather continue using `push_neg` in your project, you can implement it as follows:
```
open Lean.Parser.Tactic in
macro "push_neg" cfg:optConfig loc:(location)? : tactic =>
  `(tactic| push $cfg:optConfig Not $[$loc]?)
```
warning: Mf/DP/PoissonGaussianMixture.lean:372:4: `push_neg` has been deprecated. Prefer using `push Not` instead.
If you'd rather continue using `push_neg` in your project, you can implement it as follows:
```
open Lean.Parser.Tactic in
macro "push_neg" cfg:optConfig loc:(location)? : tactic =>
  `(tactic| push $cfg:optConfig Not $[$loc]?)
```
ℹ [8788/8883] Replayed Mf.DP.PoissonTraceMoments
info: Mf/DP/PoissonTraceMoments.lean:72:2: Try this:
  [apply] ring_nf
  
  The `ring` tactic failed to close the goal. Use `ring_nf` to obtain a normal form.
    
  Note that `ring` works primarily in *commutative* rings. If you have a noncommutative ring, abelian group or module, consider using `noncomm_ring`, `abel` or `module` instead.
⚠ [8790/8883] Replayed Mf.DP.AdaptiveRenyiComposition
warning: Mf/DP/AdaptiveRenyiComposition.lean:116:13: Variable name `hα` is not explicitly referenced.

Hint: The binding can be removed (if unused) or named `_` (if used implicitly). Alternatively, prefix the name with `_` to silence this warning:
  [apply] _hα

Note: This linter can be disabled with `set_option linter.unusedVariables false`
warning: Mf/DP/AdaptiveRenyiComposition.lean:254:6: Try this: 
  letI̵

The goal is a proposition, so `let` is preferred over `letI`.
The difference between `let` and `letI` is that `letI` inlines the value.
But this is not relevant for proofs because of proof irrelevance.

Note: This linter can be disabled with `set_option linter.style.haveILetI false`
warning: Mf/DP/AdaptiveRenyiComposition.lean:349:6: `simp [RenyiPowerUpper, renyiPower,
        AdaptiveRenyiDensityFamily.leftTranscriptDensity,
        AdaptiveRenyiDensityFamily.rightTranscriptDensity, emptyAdaptiveRenyiDensity,
        adaptiveRenyiBaseMeasure]` is a flexible tactic modifying `⊢`. Try `simp?` and use the suggested `simp only [...]`. Alternatively, use `suffices` to explicitly state the simplified form.

Note: This linter can be disabled with `set_option linter.flexible false`
info: Mf/DP/AdaptiveRenyiComposition.lean:349:6: Try this:
  [apply] simp only [adaptiveRenyiBudget_zero]
info: Mf/DP/AdaptiveRenyiComposition.lean:353:6: `exact le_of_eq (MeasureTheory.Measure.dirac_apply_of_mem (Set.mem_univ _))`
modifies the current goal, which was modified by the flexible tactic `simp` on line 349!
warning: Mf/DP/AdaptiveRenyiComposition.lean:382:6: Try this: 
  letI̵

The goal is a proposition, so `let` is preferred over `letI`.
The difference between `let` and `letI` is that `letI` inlines the value.
But this is not relevant for proofs because of proof irrelevance.

Note: This linter can be disabled with `set_option linter.style.haveILetI false`
warning: Mf/DP/AdaptiveRenyiComposition.lean:498:6: `simp [RenyiPowerUpper, renyiPower,
        HeterogeneousAdaptiveRenyiDensityFamily.leftTranscriptDensity,
        HeterogeneousAdaptiveRenyiDensityFamily.rightTranscriptDensity,
        HeterogeneousAdaptiveRenyiDensityFamily.emptyDensity,
        adaptiveRenyiHeterogeneousBaseMeasure]` is a flexible tactic modifying `⊢`. Try `simp?` and use the suggested `simp only [...]`. Alternatively, use `suffices` to explicitly state the simplified form.

Note: This linter can be disabled with `set_option linter.flexible false`
info: Mf/DP/AdaptiveRenyiComposition.lean:498:6: Try this:
  [apply] simp only [adaptiveRenyiBudget_zero]
info: Mf/DP/AdaptiveRenyiComposition.lean:503:6: `exact le_of_eq (MeasureTheory.Measure.dirac_apply_of_mem (Set.mem_univ _))`
modifies the current goal, which was modified by the flexible tactic `simp` on line 498!
warning: Mf/DP/AdaptiveRenyiComposition.lean:620:6: Unused tactic linter: `change
  s.indicator (adaptiveJointDensity p.density (fun x => (k x).density)) (x, y) =
    p.density x * (Prod.mk x ⁻¹' s).indicator (k x).density y` does nothing

Note: This linter can be disabled with `set_option linter.unusedTactic false`
warning: Mf/DP/AdaptiveRenyiComposition.lean:942:2: `simp [branchingBooleanRow] at hfalse htrue` is a flexible tactic modifying `hfalse`. Try `simp?` and use the suggested `simp only [...]`. Alternatively, use `suffices` to explicitly state the simplified form.

Note: This linter can be disabled with `set_option linter.flexible false`
info: Mf/DP/AdaptiveRenyiComposition.lean:944:2: `contradiction`
uses `hfalse`, which was modified by the flexible tactic `simp` on line 942!
⚠ [8793/8883] Replayed Mf.DP.SensitivityParticipationExchange
warning: Mf/DP/SensitivityParticipationExchange.lean:1210:8: Unused tactic linter: `change b ≤ (j.1 - 1) - (i.1 - 1)` does nothing

Note: This linter can be disabled with `set_option linter.unusedTactic false`
warning: Mf/DP/SensitivityParticipationExchange.lean:1223:8: Unused tactic linter: `change i.1 ≤ j.1 - 1` does nothing

Note: This linter can be disabled with `set_option linter.unusedTactic false`
warning: Mf/DP/SensitivityParticipationExchange.lean:1226:8: Unused tactic linter: `change b ≤ (j.1 - 1) - i.1` does nothing

Note: This linter can be disabled with `set_option linter.unusedTactic false`
⚠ [8794/8883] Replayed Mf.DP.SensitivityObjectiveBounds
warning: Mf/DP/SensitivityObjectiveBounds.lean:105:0: Definition `leftPackedFit` is a proposition; use `theorem` instead of `def`

Note: This linter can be disabled with `set_option linter.defProp false`
⚠ [8796/8883] Replayed Mf.DP.BSRFactorCore
warning: Mf/DP/BSRFactorCore.lean:1:0: 'Mathlib.Data.Matrix.Invertible' has been deprecated: please replace this import by

import Mathlib.LinearAlgebra.Matrix.Invertible
⚠ [8798/8883] Replayed Mf.DP.BISRCore
warning: Mf/DP/BISRCore.lean:1:0: 'Mathlib.Data.Matrix.Invertible' has been deprecated: please replace this import by

import Mathlib.LinearAlgebra.Matrix.Invertible
⚠ [8806/8883] Replayed Mf.DP.MMCCPoissonAmplification
warning: Mf/DP/MMCCPoissonAmplification.lean:871:0: Definition `bandMFFixedBatchAssumptions_toLowerTriangularNonnegativeMatrix` is a proposition; use `theorem` instead of `def`

Note: This linter can be disabled with `set_option linter.defProp false`
⚠ [8808/8883] Replayed Mf.DP.ProductGaussianMixtureDominance
warning: Mf/DP/ProductGaussianMixtureDominance.lean:111:2: `simp [g, productTraceEventWeight, productTraceProb_traceCons]` is a flexible tactic modifying `⊢`. Try `simp?` and use the suggested `simp only [...]`. Alternatively, use `suffices` to explicitly state the simplified form.

Note: This linter can be disabled with `set_option linter.flexible false`
info: Mf/DP/ProductGaussianMixtureDominance.lean:112:2: `rw [hfalse, htrue]`
modifies the current goal, which was modified by the flexible tactic `simp` on line 111!
⚠ [8811/8883] Replayed Mf.DP.PoissonSampledGaussianRenyi
warning: Mf/DP/PoissonSampledGaussianRenyi.lean:575:20: Used `tac1 <;> tac2` where `(tac1; tac2)` would suffice

Note: This linter can be disabled with `set_option linter.unnecessarySeqFocus false`
info: Mf/DP/PoissonSampledGaussianRenyi.lean:589:17: Try this:
  [apply] ring_nf
  
  The `ring` tactic failed to close the goal. Use `ring_nf` to obtain a normal form.
    
  Note that `ring` works primarily in *commutative* rings. If you have a noncommutative ring, abelian group or module, consider using `noncomm_ring`, `abel` or `module` instead.
warning: Mf/DP/PoissonSampledGaussianRenyi.lean:589:23: Used `tac1 <;> tac2` where `(tac1; tac2)` would suffice

Note: This linter can be disabled with `set_option linter.unnecessarySeqFocus false`
warning: Mf/DP/PoissonSampledGaussianRenyi.lean:597:2: `simp [sampledGaussianSubunitTwoSidedRho, sampledGaussianForwardRho,
    sampledGaussianReverseRho]` is a flexible tactic modifying `⊢`. Try `simp?` and use the suggested `simp only [...]`. Alternatively, use `suffices` to explicitly state the simplified form.

Note: This linter can be disabled with `set_option linter.flexible false`
info: Mf/DP/PoissonSampledGaussianRenyi.lean:597:2: Try this:
  [apply] simp only [one_div]
info: Mf/DP/PoissonSampledGaussianRenyi.lean:599:2: `positivity`
modifies the current goal, which was modified by the flexible tactic `simp` on line 597!
⚠ [8812/8883] Replayed Mf.DP.SymmetricMixtureRenyi
warning: Mf/DP/SymmetricMixtureRenyi.lean:110:17: This simp argument is unused:
  Nat.succ_eq_add_one

Hint: Omit it from the simp argument list.
  [apply] simp only [Nat.add_sub_cancel]

Note: This linter can be disabled with `set_option linter.unusedSimpArgs false`
warning: Mf/DP/SymmetricMixtureRenyi.lean:194:34: This simp argument is unused:
  hu

Hint: Omit it from the simp argument list.
  [apply] simp [swapMixRatio, mixRatio]

Note: This linter can be disabled with `set_option linter.unusedSimpArgs false`
⚠ [8813/8883] Replayed Mf.DP.PoissonSampledGaussianReverseRenyi
warning: Mf/DP/PoissonSampledGaussianReverseRenyi.lean:50:57: This simp argument is unused:
  add_comm

Hint: Omit it from the simp argument list.
  [apply] simp [c, gaussianMidpointReflection, sub_eq_add_neg]

Note: This linter can be disabled with `set_option linter.unusedSimpArgs false`
⚠ [8814/8883] Replayed Mf.DP.PoissonSampledGaussianRenyiSmallStep
warning: Mf/DP/PoissonSampledGaussianRenyiSmallStep.lean:233:59: Used `tac1 <;> tac2` where `(tac1; tac2)` would suffice

Note: This linter can be disabled with `set_option linter.unnecessarySeqFocus false`
⚠ [8815/8883] Replayed Mf.DP.PoissonSampledGaussianRenyiSharpSmallStep
info: Mf/DP/PoissonSampledGaussianRenyiSharpSmallStep.lean:70:69: Try this:
  [apply] ring_nf
  
  The `ring` tactic failed to close the goal. Use `ring_nf` to obtain a normal form.
    
  Note that `ring` works primarily in *commutative* rings. If you have a noncommutative ring, abelian group or module, consider using `noncomm_ring`, `abel` or `module` instead.
warning: Mf/DP/PoissonSampledGaussianRenyiSharpSmallStep.lean:71:33: this tactic is never executed

Note: This linter can be disabled with `set_option linter.unreachableTactic false`
warning: Mf/DP/PoissonSampledGaussianRenyiSharpSmallStep.lean:71:20: Used `tac1 <;> tac2` where `(tac1; tac2)` would suffice

Note: This linter can be disabled with `set_option linter.unnecessarySeqFocus false`
warning: Mf/DP/PoissonSampledGaussianRenyiSharpSmallStep.lean:71:33: Unused tactic linter: `ring` does nothing

Note: This linter can be disabled with `set_option linter.unusedTactic false`
info: Mf/DP/PoissonSampledGaussianRenyiSharpSmallStep.lean:125:76: Try this:
  [apply] ring_nf
  
  The `ring` tactic failed to close the goal. Use `ring_nf` to obtain a normal form.
    
  Note that `ring` works primarily in *commutative* rings. If you have a noncommutative ring, abelian group or module, consider using `noncomm_ring`, `abel` or `module` instead.
warning: Mf/DP/PoissonSampledGaussianRenyiSharpSmallStep.lean:126:33: this tactic is never executed

Note: This linter can be disabled with `set_option linter.unreachableTactic false`
warning: Mf/DP/PoissonSampledGaussianRenyiSharpSmallStep.lean:126:20: Used `tac1 <;> tac2` where `(tac1; tac2)` would suffice

Note: This linter can be disabled with `set_option linter.unnecessarySeqFocus false`
warning: Mf/DP/PoissonSampledGaussianRenyiSharpSmallStep.lean:126:33: Unused tactic linter: `ring` does nothing

Note: This linter can be disabled with `set_option linter.unusedTactic false`
warning: Mf/DP/PoissonSampledGaussianRenyiSharpSmallStep.lean:221:53: This simp argument is unused:
  Function.comp_def

Hint: Omit it from the simp argument list.
  [apply] simp [sampledGaussianBinomialWeight]

Note: This linter can be disabled with `set_option linter.unusedSimpArgs false`
warning: Mf/DP/PoissonSampledGaussianRenyiSharpSmallStep.lean:277:2: Unused tactic linter: `all_goals
  try { simp only [Function.comp_apply]
  }` does nothing

Note: This linter can be disabled with `set_option linter.unusedTactic false`
⚠ [8818/8883] Replayed Mf.DP.FiniteProfileCoefficientDuality
warning: Mf/DP/FiniteProfileCoefficientDuality.lean:70:2: try 'simp' instead of 'simpa'

Note: This linter can be disabled with `set_option linter.unnecessarySimpa false`
warning: Mf/DP/FiniteProfileCoefficientDuality.lean:157:4: try 'simp' instead of 'simpa'

Note: This linter can be disabled with `set_option linter.unnecessarySimpa false`
⚠ [8823/8883] Replayed Mf.DP.Profile.RationalExpIntervalConvergence
warning: Mf/DP/Profile/RationalExpIntervalConvergence.lean:294:2: Try this: 
  letI̵

The goal is a proposition, so `let` is preferred over `letI`.
The difference between `let` and `letI` is that `letI` inlines the value.
But this is not relevant for proofs because of proof irrelevance.

Note: This linter can be disabled with `set_option linter.style.haveILetI false`
warning: Mf/DP/Profile/RationalExpIntervalConvergence.lean:354:2: Try this: 
  letI̵

The goal is a proposition, so `let` is preferred over `letI`.
The difference between `let` and `letI` is that `letI` inlines the value.
But this is not relevant for proofs because of proof irrelevance.

Note: This linter can be disabled with `set_option linter.style.haveILetI false`
warning: Mf/DP/Profile/RationalExpIntervalConvergence.lean:525:2: Try this: 
  letI̵

The goal is a proposition, so `let` is preferred over `letI`.
The difference between `let` and `letI` is that `letI` inlines the value.
But this is not relevant for proofs because of proof irrelevance.

Note: This linter can be disabled with `set_option linter.style.haveILetI false`
⚠ [8826/8883] Replayed Mf.DP.Profile.RationalGaussianNormalizer
warning: Mf/DP/Profile/RationalGaussianNormalizer.lean:1:0: 'Mathlib.Data.Rat.NatSqrt.Real' has been deprecated: please replace this import by

import Mathlib.Analysis.Rat.NatSqrt.Real
info: Mf/DP/Profile/RationalGaussianNormalizer.lean:139:4: Try this:
  [apply] ring_nf
  
  The `ring` tactic failed to close the goal. Use `ring_nf` to obtain a normal form.
    
  Note that `ring` works primarily in *commutative* rings. If you have a noncommutative ring, abelian group or module, consider using `noncomm_ring`, `abel` or `module` instead.
info: Mf/DP/Profile/RationalGaussianNormalizer.lean:525:4: Try this:
  [apply] ring_nf
  
  The `ring` tactic failed to close the goal. Use `ring_nf` to obtain a normal form.
    
  Note that `ring` works primarily in *commutative* rings. If you have a noncommutative ring, abelian group or module, consider using `noncomm_ring`, `abel` or `module` instead.
⚠ [8830/8883] Replayed Mf.DP.GaussianDPMills
warning: Mf/DP/GaussianDPMills.lean:813:0: Definition `ofMills48OneSided` is a proposition; use `theorem` instead of `def`

Note: This linter can be disabled with `set_option linter.defProp false`
warning: Mf/DP/GaussianDPMills.lean:843:0: Definition `ofMills25_28` is a proposition; use `theorem` instead of `def`

Note: This linter can be disabled with `set_option linter.defProp false`
warning: Mf/DP/GaussianDPMills.lean:881:0: Definition `ofMills25_28ProductBounds` is a proposition; use `theorem` instead of `def`

Note: This linter can be disabled with `set_option linter.defProp false`
warning: Mf/DP/GaussianDPMills.lean:907:0: Definition `ofMills45_48` is a proposition; use `theorem` instead of `def`

Note: This linter can be disabled with `set_option linter.defProp false`
warning: Mf/DP/GaussianDPMills.lean:943:0: Definition `ofMills45_48ProductBounds` is a proposition; use `theorem` instead of `def`

Note: This linter can be disabled with `set_option linter.defProp false`
⚠ [8831/8883] Replayed Mf.DP.Profile.StandardGaussianCentralTaylor
warning: Mf/DP/Profile/StandardGaussianCentralTaylor.lean:89:4: Unused tactic linter: `norm_num at ⊢` does nothing

Note: This linter can be disabled with `set_option linter.unusedTactic false`
warning: Mf/DP/Profile/StandardGaussianCentralTaylor.lean:152:27: Variable name `hx` is not explicitly referenced.

Hint: The binding can be removed (if unused) or named `_` (if used implicitly). Alternatively, prefix the name with `_` to silence this warning:
  [apply] _hx

Note: This linter can be disabled with `set_option linter.unusedVariables false`
⚠ [8832/8883] Replayed Mf.DP.Profile.RationalStandardGaussianHybridCDFInterval
warning: Mf/DP/Profile/RationalStandardGaussianHybridCDFInterval.lean:83:13: Variable name `normalizerPrecision` is not explicitly referenced.

Hint: The binding can be removed (if unused) or named `_` (if used implicitly). Alternatively, prefix the name with `_` to silence this warning:
  [apply] _normalizerPrecision

Note: This linter can be disabled with `set_option linter.unusedVariables false`
warning: Mf/DP/Profile/RationalStandardGaussianHybridCDFInterval.lean:164:47: This simp argument is unused:
  hden

Hint: Omit it from the simp argument list.
  [apply] simp [millsDenomQ, millsCfDenomFrom, ih]

Note: This linter can be disabled with `set_option linter.unusedSimpArgs false`
warning: Mf/DP/Profile/RationalStandardGaussianHybridCDFInterval.lean:172:13: Variable name `normalizerPrecision` is not explicitly referenced.

Hint: The binding can be removed (if unused) or named `_` (if used implicitly). Alternatively, prefix the name with `_` to silence this warning:
  [apply] _normalizerPrecision

Note: This linter can be disabled with `set_option linter.unusedVariables false`
⚠ [8833/8883] Replayed Mf.DP.Profile.RationalSqrtInterval
warning: Mf/DP/Profile/RationalSqrtInterval.lean:1:0: 'Mathlib.Data.Rat.NatSqrt.Real' has been deprecated: please replace this import by

import Mathlib.Analysis.Rat.NatSqrt.Real
warning: Mf/DP/Profile/RationalSqrtInterval.lean:81:4: Unused tactic linter: `norm_num only [Nat.cast_ofNat] at hle ⊢` does nothing

Note: This linter can be disabled with `set_option linter.unusedTactic false`
⚠ [8835/8883] Replayed Mf.DP.PoissonFixedEpochRectangleAtomicIntervals
warning: Mf/DP/PoissonFixedEpochRectangleAtomicIntervals.lean:399:45: Used `tac1 <;> tac2` where `(tac1; tac2)` would suffice

Note: This linter can be disabled with `set_option linter.unnecessarySeqFocus false`
warning: Mf/DP/PoissonFixedEpochRectangleAtomicIntervals.lean:487:45: Used `tac1 <;> tac2` where `(tac1; tac2)` would suffice

Note: This linter can be disabled with `set_option linter.unnecessarySeqFocus false`
warning: Mf/DP/PoissonFixedEpochRectangleAtomicIntervals.lean:685:65: Used `tac1 <;> tac2` where `(tac1; tac2)` would suffice

Note: This linter can be disabled with `set_option linter.unnecessarySeqFocus false`
⚠ [8838/8883] Replayed Mf.DP.PoissonFixedEpochRectangleHybridConcreteCellAdapter
warning: Mf/DP/PoissonFixedEpochRectangleHybridConcreteCellAdapter.lean:127:14: This simp argument is unused:
  referenceProductMassInterval

Hint: Omit it from the simp argument list.
  [apply] simp [CellCertificate.hybridReferenceMassInterval]

Note: This linter can be disabled with `set_option linter.unusedSimpArgs false`
warning: Mf/DP/PoissonFixedEpochRectangleHybridConcreteCellAdapter.lean:129:14: This simp argument is unused:
  referenceProductMassInterval

Hint: Omit it from the simp argument list.
  [apply] simp [CellCertificate.hybridReferenceMassInterval]

Note: This linter can be disabled with `set_option linter.unusedSimpArgs false`
warning: Mf/DP/PoissonFixedEpochRectangleHybridConcreteCellAdapter.lean:145:14: This simp argument is unused:
  sourceProductMassInterval

Hint: Omit it from the simp argument list.
  [apply] simp [CellCertificate.hybridSourceMassInterval]

Note: This linter can be disabled with `set_option linter.unusedSimpArgs false`
warning: Mf/DP/PoissonFixedEpochRectangleHybridConcreteCellAdapter.lean:147:14: This simp argument is unused:
  sourceProductMassInterval

Hint: Omit it from the simp argument list.
  [apply] simp [CellCertificate.hybridSourceMassInterval]

Note: This linter can be disabled with `set_option linter.unusedSimpArgs false`
warning: Mf/DP/PoissonFixedEpochRectangleHybridConcreteCellAdapter.lean:214:4: `simp [rectangle, finTwoIocRectangle,
      MeasurableEquiv.finTwoArrow_apply] at hinitial` is a flexible tactic modifying `hinitial`. Try `simp?` and use the suggested `simp only [...]`. Alternatively, use `suffices` to explicitly state the simplified form.

Note: This linter can be disabled with `set_option linter.flexible false`
info: Mf/DP/PoissonFixedEpochRectangleHybridConcreteCellAdapter.lean:216:4: `exact ⟨hinitial.1.1.le, hinitial.1.2, hinitial.2.1.le, hinitial.2.2⟩`
uses `hinitial`, which was modified by the flexible tactic `simp` on line 214!
warning: Mf/DP/PoissonFixedEpochRectangleHybridConcreteCellAdapter.lean:330:100: This line exceeds the 100 character limit, please shorten it!

Note: This linter can be disabled with `set_option linter.style.longLine false`
warning: Mf/DP/PoissonFixedEpochRectangleHybridConcreteCellAdapter.lean:338:100: This line exceeds the 100 character limit, please shorten it!

Note: This linter can be disabled with `set_option linter.style.longLine false`
warning: Mf/DP/PoissonFixedEpochRectangleHybridConcreteCellAdapter.lean:412:100: This line exceeds the 100 character limit, please shorten it!

Note: This linter can be disabled with `set_option linter.style.longLine false`
warning: Mf/DP/PoissonFixedEpochRectangleHybridConcreteCellAdapter.lean:420:100: This line exceeds the 100 character limit, please shorten it!

Note: This linter can be disabled with `set_option linter.style.longLine false`
warning: Mf/DP/PoissonFixedEpochRectangleHybridConcreteCellAdapter.lean:472:100: This line exceeds the 100 character limit, please shorten it!

Note: This linter can be disabled with `set_option linter.style.longLine false`
⚠ [8839/8883] Replayed Mf.DP.PoissonFixedEpochRectangleHybridConcreteCells
warning: Mf/DP/PoissonFixedEpochRectangleHybridConcreteCells.lean:17:0: Unscoped option maxHeartbeats is not allowed:
Please scope this to individual declarations, as in
```
set_option maxHeartbeats in
-- comment explaining why this is necessary
example : ... := ...
```

Note: This linter can be disabled with `set_option linter.style.setOption false`
⚠ [8840/8883] Replayed Mf.DP.PoissonFixedEpochRectangleHybridConcreteRoundedCells.ForwardRow0
warning: Mf/DP/PoissonFixedEpochRectangleHybridConcreteRoundedCells/ForwardRow0.lean:15:0: Unscoped option maxHeartbeats is not allowed:
Please scope this to individual declarations, as in
```
set_option maxHeartbeats in
-- comment explaining why this is necessary
example : ... := ...
```

Note: This linter can be disabled with `set_option linter.style.setOption false`
⚠ [8841/8883] Replayed Mf.DP.PoissonFixedEpochRectangleHybridConcreteRoundedCells.ForwardRow1
warning: Mf/DP/PoissonFixedEpochRectangleHybridConcreteRoundedCells/ForwardRow1.lean:15:0: Unscoped option maxHeartbeats is not allowed:
Please scope this to individual declarations, as in
```
set_option maxHeartbeats in
-- comment explaining why this is necessary
example : ... := ...
```

Note: This linter can be disabled with `set_option linter.style.setOption false`
⚠ [8842/8883] Replayed Mf.DP.PoissonFixedEpochRectangleHybridConcreteRoundedCells.ForwardRow2
warning: Mf/DP/PoissonFixedEpochRectangleHybridConcreteRoundedCells/ForwardRow2.lean:15:0: Unscoped option maxHeartbeats is not allowed:
Please scope this to individual declarations, as in
```
set_option maxHeartbeats in
-- comment explaining why this is necessary
example : ... := ...
```

Note: This linter can be disabled with `set_option linter.style.setOption false`
⚠ [8843/8883] Replayed Mf.DP.PoissonFixedEpochRectangleHybridConcreteRoundedCells.ForwardRow3
warning: Mf/DP/PoissonFixedEpochRectangleHybridConcreteRoundedCells/ForwardRow3.lean:15:0: Unscoped option maxHeartbeats is not allowed:
Please scope this to individual declarations, as in
```
set_option maxHeartbeats in
-- comment explaining why this is necessary
example : ... := ...
```

Note: This linter can be disabled with `set_option linter.style.setOption false`
⚠ [8844/8883] Replayed Mf.DP.PoissonFixedEpochRectangleHybridConcreteRoundedCells.ForwardRow4
warning: Mf/DP/PoissonFixedEpochRectangleHybridConcreteRoundedCells/ForwardRow4.lean:15:0: Unscoped option maxHeartbeats is not allowed:
Please scope this to individual declarations, as in
```
set_option maxHeartbeats in
-- comment explaining why this is necessary
example : ... := ...
```

Note: This linter can be disabled with `set_option linter.style.setOption false`
⚠ [8845/8883] Replayed Mf.DP.PoissonFixedEpochRectangleHybridConcreteRoundedCells.ForwardRow5
warning: Mf/DP/PoissonFixedEpochRectangleHybridConcreteRoundedCells/ForwardRow5.lean:15:0: Unscoped option maxHeartbeats is not allowed:
Please scope this to individual declarations, as in
```
set_option maxHeartbeats in
-- comment explaining why this is necessary
example : ... := ...
```

Note: This linter can be disabled with `set_option linter.style.setOption false`
⚠ [8846/8883] Replayed Mf.DP.PoissonFixedEpochRectangleHybridConcreteRoundedCells.ForwardRow6
warning: Mf/DP/PoissonFixedEpochRectangleHybridConcreteRoundedCells/ForwardRow6.lean:15:0: Unscoped option maxHeartbeats is not allowed:
Please scope this to individual declarations, as in
```
set_option maxHeartbeats in
-- comment explaining why this is necessary
example : ... := ...
```

Note: This linter can be disabled with `set_option linter.style.setOption false`
⚠ [8847/8883] Replayed Mf.DP.PoissonFixedEpochRectangleHybridConcreteRoundedCells.ForwardRow7
warning: Mf/DP/PoissonFixedEpochRectangleHybridConcreteRoundedCells/ForwardRow7.lean:15:0: Unscoped option maxHeartbeats is not allowed:
Please scope this to individual declarations, as in
```
set_option maxHeartbeats in
-- comment explaining why this is necessary
example : ... := ...
```

Note: This linter can be disabled with `set_option linter.style.setOption false`
⚠ [8848/8883] Replayed Mf.DP.PoissonFixedEpochRectangleHybridConcreteRoundedCells.ForwardRow8
warning: Mf/DP/PoissonFixedEpochRectangleHybridConcreteRoundedCells/ForwardRow8.lean:15:0: Unscoped option maxHeartbeats is not allowed:
Please scope this to individual declarations, as in
```
set_option maxHeartbeats in
-- comment explaining why this is necessary
example : ... := ...
```

Note: This linter can be disabled with `set_option linter.style.setOption false`
⚠ [8849/8883] Replayed Mf.DP.PoissonFixedEpochRectangleHybridConcreteRoundedCells.ForwardRow9
warning: Mf/DP/PoissonFixedEpochRectangleHybridConcreteRoundedCells/ForwardRow9.lean:15:0: Unscoped option maxHeartbeats is not allowed:
Please scope this to individual declarations, as in
```
set_option maxHeartbeats in
-- comment explaining why this is necessary
example : ... := ...
```

Note: This linter can be disabled with `set_option linter.style.setOption false`
⚠ [8850/8883] Replayed Mf.DP.PoissonFixedEpochRectangleHybridConcreteRoundedCells.ReverseRow0
warning: Mf/DP/PoissonFixedEpochRectangleHybridConcreteRoundedCells/ReverseRow0.lean:15:0: Unscoped option maxHeartbeats is not allowed:
Please scope this to individual declarations, as in
```
set_option maxHeartbeats in
-- comment explaining why this is necessary
example : ... := ...
```

Note: This linter can be disabled with `set_option linter.style.setOption false`
⚠ [8851/8883] Replayed Mf.DP.PoissonFixedEpochRectangleHybridConcreteRoundedCells.ReverseRow1
warning: Mf/DP/PoissonFixedEpochRectangleHybridConcreteRoundedCells/ReverseRow1.lean:15:0: Unscoped option maxHeartbeats is not allowed:
Please scope this to individual declarations, as in
```
set_option maxHeartbeats in
-- comment explaining why this is necessary
example : ... := ...
```

Note: This linter can be disabled with `set_option linter.style.setOption false`
⚠ [8852/8883] Replayed Mf.DP.PoissonFixedEpochRectangleHybridConcreteRoundedCells.ReverseRow2
warning: Mf/DP/PoissonFixedEpochRectangleHybridConcreteRoundedCells/ReverseRow2.lean:15:0: Unscoped option maxHeartbeats is not allowed:
Please scope this to individual declarations, as in
```
set_option maxHeartbeats in
-- comment explaining why this is necessary
example : ... := ...
```

Note: This linter can be disabled with `set_option linter.style.setOption false`
⚠ [8853/8883] Replayed Mf.DP.PoissonFixedEpochRectangleHybridConcreteRoundedCells.ReverseRow3
warning: Mf/DP/PoissonFixedEpochRectangleHybridConcreteRoundedCells/ReverseRow3.lean:15:0: Unscoped option maxHeartbeats is not allowed:
Please scope this to individual declarations, as in
```
set_option maxHeartbeats in
-- comment explaining why this is necessary
example : ... := ...
```

Note: This linter can be disabled with `set_option linter.style.setOption false`
⚠ [8854/8883] Replayed Mf.DP.PoissonFixedEpochRectangleHybridConcreteRoundedCells.ReverseRow4
warning: Mf/DP/PoissonFixedEpochRectangleHybridConcreteRoundedCells/ReverseRow4.lean:15:0: Unscoped option maxHeartbeats is not allowed:
Please scope this to individual declarations, as in
```
set_option maxHeartbeats in
-- comment explaining why this is necessary
example : ... := ...
```

Note: This linter can be disabled with `set_option linter.style.setOption false`
⚠ [8855/8883] Replayed Mf.DP.PoissonFixedEpochRectangleHybridConcreteRoundedCells.ReverseRow5
warning: Mf/DP/PoissonFixedEpochRectangleHybridConcreteRoundedCells/ReverseRow5.lean:15:0: Unscoped option maxHeartbeats is not allowed:
Please scope this to individual declarations, as in
```
set_option maxHeartbeats in
-- comment explaining why this is necessary
example : ... := ...
```

Note: This linter can be disabled with `set_option linter.style.setOption false`
⚠ [8856/8883] Replayed Mf.DP.PoissonFixedEpochRectangleHybridConcreteRoundedCells.ReverseRow6
warning: Mf/DP/PoissonFixedEpochRectangleHybridConcreteRoundedCells/ReverseRow6.lean:15:0: Unscoped option maxHeartbeats is not allowed:
Please scope this to individual declarations, as in
```
set_option maxHeartbeats in
-- comment explaining why this is necessary
example : ... := ...
```

Note: This linter can be disabled with `set_option linter.style.setOption false`
⚠ [8857/8883] Replayed Mf.DP.PoissonFixedEpochRectangleHybridConcreteRoundedCells.ReverseRow7
warning: Mf/DP/PoissonFixedEpochRectangleHybridConcreteRoundedCells/ReverseRow7.lean:15:0: Unscoped option maxHeartbeats is not allowed:
Please scope this to individual declarations, as in
```
set_option maxHeartbeats in
-- comment explaining why this is necessary
example : ... := ...
```

Note: This linter can be disabled with `set_option linter.style.setOption false`
⚠ [8858/8883] Replayed Mf.DP.PoissonFixedEpochRectangleHybridConcreteRoundedCells.ReverseRow8
warning: Mf/DP/PoissonFixedEpochRectangleHybridConcreteRoundedCells/ReverseRow8.lean:15:0: Unscoped option maxHeartbeats is not allowed:
Please scope this to individual declarations, as in
```
set_option maxHeartbeats in
-- comment explaining why this is necessary
example : ... := ...
```

Note: This linter can be disabled with `set_option linter.style.setOption false`
⚠ [8859/8883] Replayed Mf.DP.PoissonFixedEpochRectangleHybridConcreteRoundedCells.ReverseRow9
warning: Mf/DP/PoissonFixedEpochRectangleHybridConcreteRoundedCells/ReverseRow9.lean:15:0: Unscoped option maxHeartbeats is not allowed:
Please scope this to individual declarations, as in
```
set_option maxHeartbeats in
-- comment explaining why this is necessary
example : ... := ...
```

Note: This linter can be disabled with `set_option linter.style.setOption false`
⚠ [8861/8883] Replayed Mf.DP.PoissonFixedEpochRectangleHybridConcreteRoundedMasses
warning: Mf/DP/PoissonFixedEpochRectangleHybridConcreteRoundedMasses.lean:15:0: Unscoped option maxHeartbeats is not allowed:
Please scope this to individual declarations, as in
```
set_option maxHeartbeats in
-- comment explaining why this is necessary
example : ... := ...
```

Note: This linter can be disabled with `set_option linter.style.setOption false`
⚠ [8862/8883] Replayed Mf.DP.PoissonFixedEpochRectangleHybridConcreteAggregate
warning: Mf/DP/PoissonFixedEpochRectangleHybridConcreteAggregate.lean:16:0: Unscoped option maxHeartbeats is not allowed:
Please scope this to individual declarations, as in
```
set_option maxHeartbeats in
-- comment explaining why this is necessary
example : ... := ...
```

Note: This linter can be disabled with `set_option linter.style.setOption false`
⚠ [8863/8883] Replayed Mf.DP.PoissonFixedEpochFullBatchCandidateBracket
warning: Mf/DP/PoissonFixedEpochFullBatchCandidateBracket.lean:146:0: Please, add a comment explaining the need for modifying the maxHeartbeat limit, as in
set_option maxHeartbeats 2000000 in
-- reason for change
...

Note: This linter can be disabled with `set_option linter.style.maxHeartbeats false`
⚠ [8864/8883] Replayed Mf.DP.PoissonFixedEpochFullBatchFourTwentyFifthsBracket
warning: Mf/DP/PoissonFixedEpochFullBatchFourTwentyFifthsBracket.lean:45:39: Used `tac1 <;> tac2` where `(tac1; tac2)` would suffice

Note: This linter can be disabled with `set_option linter.unnecessarySeqFocus false`
warning: Mf/DP/PoissonFixedEpochFullBatchFourTwentyFifthsBracket.lean:52:39: Used `tac1 <;> tac2` where `(tac1; tac2)` would suffice

Note: This linter can be disabled with `set_option linter.unnecessarySeqFocus false`
warning: Mf/DP/PoissonFixedEpochFullBatchFourTwentyFifthsBracket.lean:54:0: Please, add a comment explaining the need for modifying the maxHeartbeat limit, as in
set_option maxHeartbeats 2000000 in
-- reason for change
...

Note: This linter can be disabled with `set_option linter.style.maxHeartbeats false`
warning: Mf/DP/PoissonFixedEpochFullBatchFourTwentyFifthsBracket.lean:105:29: Used `tac1 <;> tac2` where `(tac1; tac2)` would suffice

Note: This linter can be disabled with `set_option linter.unnecessarySeqFocus false`
⚠ [8866/8883] Replayed Mf.DP.PoissonFixedEpochStrictInteriorCounterexample
warning: Mf/DP/PoissonFixedEpochStrictInteriorCounterexample.lean:235:4: Used `tac1 <;> tac2` where `(tac1; tac2)` would suffice

Note: This linter can be disabled with `set_option linter.unnecessarySeqFocus false`
warning: Mf/DP/PoissonFixedEpochStrictInteriorCounterexample.lean:276:6: Used `tac1 <;> tac2` where `(tac1; tac2)` would suffice

Note: This linter can be disabled with `set_option linter.unnecessarySeqFocus false`
⚠ [8867/8883] Replayed Mf.DP.PoissonFixedEpochCounterexamples
warning: Mf/DP/PoissonFixedEpochCounterexamples.lean:76:83: Used `tac1 <;> tac2` where `(tac1; tac2)` would suffice

Note: This linter can be disabled with `set_option linter.unnecessarySeqFocus false`
⚠ [8868/8883] Replayed Mf.DP.FiniteProfileRestrictedSecondMomentUpperBound
warning: Mf/DP/FiniteProfileRestrictedSecondMomentUpperBound.lean:97:2: Try this: 
  letI̵

The goal is a proposition, so `let` is preferred over `letI`.
The difference between `let` and `letI` is that `letI` inlines the value.
But this is not relevant for proofs because of proof irrelevance.

Note: This linter can be disabled with `set_option linter.style.haveILetI false`
warning: Mf/DP/FiniteProfileRestrictedSecondMomentUpperBound.lean:182:2: Try this: 
  letI̵

The goal is a proposition, so `let` is preferred over `letI`.
The difference between `let` and `letI` is that `letI` inlines the value.
But this is not relevant for proofs because of proof irrelevance.

Note: This linter can be disabled with `set_option linter.style.haveILetI false`
⚠ [8869/8883] Replayed Mf.DP.SampledGaussianProductMaximumEvent
warning: Mf/DP/SampledGaussianProductMaximumEvent.lean:134:4: try 'simp' instead of 'simpa'

Note: This linter can be disabled with `set_option linter.unnecessarySimpa false`
warning: Mf/DP/SampledGaussianProductMaximumEvent.lean:136:8: This simp argument is unused:
  stdNormalCDFReal_eq_real_measure_Iic

Hint: Omit it from the simp argument list.
  [apply] simp

Note: This linter can be disabled with `set_option linter.unusedSimpArgs false`
warning: Mf/DP/SampledGaussianProductMaximumEvent.lean:112:2: The following tactic starts with 2 goals and ends with 2 goals, 1 of which is not operated on.
  dsimp [below]
Please focus on the current goal, for instance using `·` (typed as "\.").

Note: This linter can be disabled with `set_option linter.style.multiGoal false`
warning: Mf/DP/SampledGaussianProductMaximumEvent.lean:113:2: The following tactic starts with 2 goals and ends with 2 goals, 1 of which is not operated on.
  rw [Measure.pi_univ]
Please focus on the current goal, for instance using `·` (typed as "\.").

Note: This linter can be disabled with `set_option linter.style.multiGoal false`
warning: Mf/DP/SampledGaussianProductMaximumEvent.lean:114:2: The following tactic starts with 2 goals and ends with 2 goals, 1 of which is not operated on.
  simp only [measure_univ, Finset.prod_const_one]
Please focus on the current goal, for instance using `·` (typed as "\.").

Note: This linter can be disabled with `set_option linter.style.multiGoal false`
warning: Mf/DP/SampledGaussianProductMaximumEvent.lean:115:2: The following tactic starts with 2 goals and ends with 2 goals, 1 of which is not operated on.
  change
    1 -
        (Measure.pi (fun _ : Fin horizon => (standardGaussianProbabilityMeasure : Measure Real)))
          (Set.pi Set.univ (fun _ : Fin horizon => Set.Iic threshold)) =
      _
Please focus on the current goal, for instance using `·` (typed as "\.").

Note: This linter can be disabled with `set_option linter.style.multiGoal false`
warning: Mf/DP/SampledGaussianProductMaximumEvent.lean:119:2: The following tactic starts with 2 goals and ends with 2 goals, 1 of which is not operated on.
  rw [Measure.pi_pi]
Please focus on the current goal, for instance using `·` (typed as "\.").

Note: This linter can be disabled with `set_option linter.style.multiGoal false`
warning: Mf/DP/SampledGaussianProductMaximumEvent.lean:120:2: The following tactic starts with 2 goals and ends with 2 goals, 1 of which is not operated on.
  have hprob2 :
    (∏ _ : Fin horizon, (standardGaussianProbabilityMeasure : Measure Real) (Set.Iic threshold)) =
      ENNReal.ofReal (stdNormalCDFReal threshold) ^ horizon :=
    by
    have hstd :
      (standardGaussianProbabilityMeasure : Measure Real) (Set.Iic threshold) =
        ENNReal.ofReal (stdNormalCDFReal threshold) :=
      by
      change gaussianReal 0 1 (Set.Iic threshold) = _
      rw [show gaussianReal 0 1 (Set.Iic threshold) = stdNormalMeasure (Set.Iic threshold) by
          simpa using gaussianReal_unitVar_apply_Iic_eq_stdNormalMeasure_shift 0 threshold]
      rw [stdNormalCDFReal_eq_real_measure_Iic]
      exact (MeasureTheory.ofReal_measureReal (μ := stdNormalMeasure) (s := Set.Iic threshold) (by finiteness)).symm
    simpa [hstd]
Please focus on the current goal, for instance using `·` (typed as "\.").

Note: This linter can be disabled with `set_option linter.style.multiGoal false`
warning: Mf/DP/SampledGaussianProductMaximumEvent.lean:135:2: The following tactic starts with 2 goals and ends with 1 goal, 1 of which is not operated on.
  rw [hprob2]
Please focus on the current goal, for instance using `·` (typed as "\.").

Note: This linter can be disabled with `set_option linter.style.multiGoal false`
warning: Mf/DP/SampledGaussianProductMaximumEvent.lean:170:49: This simp argument is unused:
  ENNReal.coe_sub

Hint: Omit it from the simp argument list.
  [apply] simp only [smul_eq_mul, ENNReal.coe_nnreal_eq]

Note: This linter can be disabled with `set_option linter.unusedSimpArgs false`
⚠ [8870/8883] Replayed Mf.DP.SparseGaussianTruncatedLikelihoodMoments
warning: Mf/DP/SparseGaussianTruncatedLikelihoodMoments.lean:51:4: This simp argument is unused:
  Pi.add_apply

Hint: Omit it from the simp argument list.
  [apply] simp only [sparseGaussianLikelihoodRatio, gaussianShiftLikelihoodRatio, Pi.pow_apply]

Note: This linter can be disabled with `set_option linter.unusedSimpArgs false`
warning: Mf/DP/SparseGaussianTruncatedLikelihoodMoments.lean:51:18: This simp argument is unused:
  Pi.pow_apply

Hint: Omit it from the simp argument list.
  [apply] simp only [sparseGaussianLikelihoodRatio, gaussianShiftLikelihoodRatio, Pi.add_apply]

Note: This linter can be disabled with `set_option linter.unusedSimpArgs false`
warning: Mf/DP/SparseGaussianTruncatedLikelihoodMoments.lean:121:29: Variable name `hRate` is not explicitly referenced.

Hint: The binding can be removed (if unused) or named `_` (if used implicitly). Alternatively, prefix the name with `_` to silence this warning:
  [apply] _hRate

Note: This linter can be disabled with `set_option linter.unusedVariables false`
warning: Mf/DP/SparseGaussianTruncatedLikelihoodMoments.lean:147:22: This simp argument is unused:
  Measure.restrict_apply measurableSet_Iic

Hint: Omit it from the simp argument list.
  [apply] simp [Measure.real, hzero', stdNormalCDFReal_eq_real_measure_Iic]

Note: This linter can be disabled with `set_option linter.unusedSimpArgs false`
warning: Mf/DP/SparseGaussianTruncatedLikelihoodMoments.lean:152:29: Variable name `hRate` is not explicitly referenced.

Hint: The binding can be removed (if unused) or named `_` (if used implicitly). Alternatively, prefix the name with `_` to silence this warning:
  [apply] _hRate

Note: This linter can be disabled with `set_option linter.unusedVariables false`
warning: Mf/DP/SparseGaussianTruncatedLikelihoodMoments.lean:219:25: This simp argument is unused:
  Measure.restrict_apply measurableSet_Iic

Hint: Omit it from the simp argument list.
  [apply] simp [q, Measure.real, hzero', stdNormalCDFReal_eq_real_measure_Iic]

Note: This linter can be disabled with `set_option linter.unusedSimpArgs false`
warning: Mf/DP/SparseGaussianTruncatedLikelihoodMoments.lean:325:2: Try this: 
  letI̵

The goal is a proposition, so `let` is preferred over `letI`.
The difference between `let` and `letI` is that `letI` inlines the value.
But this is not relevant for proofs because of proof irrelevance.

Note: This linter can be disabled with `set_option linter.style.haveILetI false`
⚠ [8873/8883] Replayed Mf.DP.SparseGaussianProductMaximumEventLowerBound
warning: Mf/DP/SparseGaussianProductMaximumEventLowerBound.lean:22:45: Variable name `hRate` is not explicitly referenced.

Hint: The binding can be removed (if unused) or named `_` (if used implicitly). Alternatively, prefix the name with `_` to silence this warning:
  [apply] _hRate

Note: This linter can be disabled with `set_option linter.unusedVariables false`
warning: Mf/DP/SparseGaussianProductMaximumEventLowerBound.lean:32:45: Variable name `hRate` is not explicitly referenced.

Hint: The binding can be removed (if unused) or named `_` (if used implicitly). Alternatively, prefix the name with `_` to silence this warning:
  [apply] _hRate

Note: This linter can be disabled with `set_option linter.unusedVariables false`
✔ [8879/8883] Built Mf.DP.SampledGaussianFiniteBracketCertificateSchema (2.4s)
✔ [8880/8883] Built Mf.DP.SampledGaussianFiniteBracketIntervalReplay (2.5s)
⚠ [8881/8883] Built Mf.DP.SampledGaussianFiniteBracketCertificateReplay (3.2s)
warning: Mf/DP/SampledGaussianFiniteBracketCertificateReplay.lean:353:100: This line exceeds the 100 character limit, please shorten it!

Note: This linter can be disabled with `set_option linter.style.longLine false`
✔ [8882/8883] Built Mf.DP.PoissonFixedEpochLargeBatchOptimality (2.5s)
ℹ [8883/8883] Built Mf.DP.PoissonFixedEpochLargeBatchOptimalityAudit (2.3s)
info: Mf/DP/PoissonFixedEpochLargeBatchOptimalityAudit.lean:10:0: Mf.DP.PoissonFixedEpochPoint : Type
info: Mf/DP/PoissonFixedEpochLargeBatchOptimalityAudit.lean:11:0: Mf.DP.PoissonFixedEpochPoint.samplingRate (point : Mf.DP.PoissonFixedEpochPoint) : NNReal
info: Mf/DP/PoissonFixedEpochLargeBatchOptimalityAudit.lean:12:0: Mf.DP.PoissonFixedEpochPoint.fullBatch (epoch : ℕ) (epoch_pos : 0 < epoch) : Mf.DP.PoissonFixedEpochPoint
info: Mf/DP/PoissonFixedEpochLargeBatchOptimalityAudit.lean:13:0: Mf.DP.PoissonFixedEpochPoint.ofExtra (epoch : ℕ) (epoch_pos : 0 < epoch) (extra : ℕ) : Mf.DP.PoissonFixedEpochPoint
info: Mf/DP/PoissonFixedEpochLargeBatchOptimalityAudit.lean:14:0: Mf.DP.PoissonFixedEpochPoint.horizon_mul_samplingRate (point : Mf.DP.PoissonFixedEpochPoint) :
  ↑point.horizon * ↑point.samplingRate = ↑point.epoch
info: Mf/DP/PoissonFixedEpochLargeBatchOptimalityAudit.lean:15:0: Mf.DP.PoissonFixedEpochPoint.samplingRate_eq_one_iff (point : Mf.DP.PoissonFixedEpochPoint) :
  point.samplingRate = 1 ↔ point.horizon = point.epoch
info: Mf/DP/PoissonFixedEpochLargeBatchOptimalityAudit.lean:17:0: Mf.DP.poissonFixedEpochCalibratedStddev (point : Mf.DP.PoissonFixedEpochPoint) (sensitivity epsilon delta : ℝ) : NNReal
info: Mf/DP/PoissonFixedEpochLargeBatchOptimalityAudit.lean:18:0: Mf.DP.poissonFixedEpochPrivacyVarianceOfStddev (point : Mf.DP.PoissonFixedEpochPoint) (noiseStddev : ℝ) : ℝ
info: Mf/DP/PoissonFixedEpochLargeBatchOptimalityAudit.lean:19:0: Mf.DP.poissonFixedEpochSamplingVariance (point : Mf.DP.PoissonFixedEpochPoint) (energy : ℝ) : ℝ
info: Mf/DP/PoissonFixedEpochLargeBatchOptimalityAudit.lean:20:0: Mf.DP.poissonFixedEpochTotalAverageVariance (point : Mf.DP.PoissonFixedEpochPoint)
  (sensitivity epsilon delta energy : ℝ) : ℝ
info: Mf/DP/PoissonFixedEpochLargeBatchOptimalityAudit.lean:21:0: Mf.DP.poissonFixedEpochTotalAverageVariance_fullBatch_eq_base_sq (epoch : ℕ) (epoch_pos : 0 < epoch)
  (sensitivity epsilon delta energy : ℝ) (sensitivity_pos : 0 < sensitivity) (epsilon_nonneg : 0 ≤ epsilon)
  (delta_pos : 0 < delta) (delta_lt_one : delta < 1) :
  Mf.DP.poissonFixedEpochTotalAverageVariance (Mf.DP.PoissonFixedEpochPoint.fullBatch epoch epoch_pos) sensitivity
      epsilon delta energy =
    Mf.DP.fullBatchGaussianBaseStddev sensitivity epsilon delta sensitivity_pos epsilon_nonneg delta_pos delta_lt_one ^
      2
info: Mf/DP/PoissonFixedEpochLargeBatchOptimalityAudit.lean:23:0: Mf.DP.tendsto_poissonFixedEpochCalibratedStddev_smallRate_ratio_one (epoch : ℕ) (epoch_pos : 0 < epoch)
  (sensitivity epsilon delta : ℝ) (sensitivity_pos : 0 < sensitivity) (epsilon_nonneg : 0 ≤ epsilon)
  (delta_pos : 0 < delta) (delta_lt_boundary : delta < 1 - Real.exp (-↑epoch)) :
  Filter.Tendsto
    (fun extra ↦
      ↑(Mf.DP.poissonFixedEpochCalibratedStddev (Mf.DP.PoissonFixedEpochPoint.ofExtra epoch epoch_pos extra) sensitivity
              epsilon delta) *
          √(2 * Real.log (1 / ↑(Mf.DP.PoissonFixedEpochPoint.ofExtra epoch epoch_pos extra).samplingRate)) /
        sensitivity)
    Filter.atTop (nhds 1)
info: Mf/DP/PoissonFixedEpochLargeBatchOptimalityAudit.lean:24:0: Mf.DP.tendsto_poissonFixedEpochCalibratedStddev_zero (epoch : ℕ) (epoch_pos : 0 < epoch) (sensitivity epsilon delta : ℝ)
  (sensitivity_pos : 0 < sensitivity) (epsilon_nonneg : 0 ≤ epsilon) (delta_pos : 0 < delta)
  (delta_lt_boundary : delta < 1 - Real.exp (-↑epoch)) :
  Filter.Tendsto
    (fun extra ↦
      ↑(Mf.DP.poissonFixedEpochCalibratedStddev (Mf.DP.PoissonFixedEpochPoint.ofExtra epoch epoch_pos extra) sensitivity
          epsilon delta))
    Filter.atTop (nhds 0)
info: Mf/DP/PoissonFixedEpochLargeBatchOptimalityAudit.lean:25:0: Mf.DP.tendsto_poissonFixedEpochPrivacyVariance_atTop (epoch : ℕ) (epoch_pos : 0 < epoch) (sensitivity epsilon delta : ℝ)
  (sensitivity_pos : 0 < sensitivity) (epsilon_nonneg : 0 ≤ epsilon) (delta_pos : 0 < delta)
  (delta_lt_boundary : delta < 1 - Real.exp (-↑epoch)) :
  Filter.Tendsto
    (fun extra ↦
      Mf.DP.poissonFixedEpochPrivacyVarianceOfStddev (Mf.DP.PoissonFixedEpochPoint.ofExtra epoch epoch_pos extra)
        ↑(Mf.DP.poissonFixedEpochCalibratedStddev (Mf.DP.PoissonFixedEpochPoint.ofExtra epoch epoch_pos extra)
            sensitivity epsilon delta))
    Filter.atTop Filter.atTop
info: Mf/DP/PoissonFixedEpochLargeBatchOptimalityAudit.lean:26:0: Mf.DP.tendsto_poissonFixedEpochPrivacyVariance_div_leadingTerm_one (epoch : ℕ) (epoch_pos : 0 < epoch)
  (sensitivity epsilon delta : ℝ) (sensitivity_pos : 0 < sensitivity) (epsilon_nonneg : 0 ≤ epsilon)
  (delta_pos : 0 < delta) (delta_lt_boundary : delta < 1 - Real.exp (-↑epoch)) :
  Filter.Tendsto
    (fun extra ↦
      Mf.DP.poissonFixedEpochCalibratedPrivacyVariance (Mf.DP.PoissonFixedEpochPoint.ofExtra epoch epoch_pos extra)
          sensitivity epsilon delta /
        Mf.DP.fixedParticipationPrivacyVarianceLeadingTerm (↑epoch)
          (↑(Mf.DP.PoissonFixedEpochPoint.ofExtra epoch epoch_pos extra).samplingRate) sensitivity)
    Filter.atTop (nhds 1)
info: Mf/DP/PoissonFixedEpochLargeBatchOptimalityAudit.lean:27:0: Mf.DP.tendsto_poissonFixedEpochTotalAverageVariance_atTop (epoch : ℕ) (epoch_pos : 0 < epoch)
  (sensitivity epsilon delta energy : ℝ) (sensitivity_pos : 0 < sensitivity) (epsilon_nonneg : 0 ≤ epsilon)
  (delta_pos : 0 < delta) (delta_lt_boundary : delta < 1 - Real.exp (-↑epoch)) (energy_nonneg : 0 ≤ energy) :
  Filter.Tendsto
    (fun extra ↦
      Mf.DP.poissonFixedEpochTotalAverageVariance (Mf.DP.PoissonFixedEpochPoint.ofExtra epoch epoch_pos extra)
        sensitivity epsilon delta energy)
    Filter.atTop Filter.atTop
info: Mf/DP/PoissonFixedEpochLargeBatchOptimalityAudit.lean:28:0: Mf.DP.tendsto_poissonFixedEpochTotalAverageVariance_div_leadingTerm_one (epoch : ℕ) (epoch_pos : 0 < epoch)
  (sensitivity epsilon delta energy : ℝ) (sensitivity_pos : 0 < sensitivity) (epsilon_nonneg : 0 ≤ epsilon)
  (delta_pos : 0 < delta) (delta_lt_boundary : delta < 1 - Real.exp (-↑epoch)) :
  Filter.Tendsto
    (fun extra ↦
      Mf.DP.poissonFixedEpochTotalAverageVariance (Mf.DP.PoissonFixedEpochPoint.ofExtra epoch epoch_pos extra)
          sensitivity epsilon delta energy /
        Mf.DP.fixedParticipationPrivacyVarianceLeadingTerm (↑epoch)
          (↑(Mf.DP.PoissonFixedEpochPoint.ofExtra epoch epoch_pos extra).samplingRate) sensitivity)
    Filter.atTop (nhds 1)
info: Mf/DP/PoissonFixedEpochLargeBatchOptimalityAudit.lean:29:0: Mf.DP.eventually_poissonFixedEpoch_fullBatch_lt_totalAverageVariance (epoch : ℕ) (epoch_pos : 0 < epoch)
  (sensitivity epsilon delta energy : ℝ) (sensitivity_pos : 0 < sensitivity) (epsilon_nonneg : 0 ≤ epsilon)
  (delta_pos : 0 < delta) (delta_lt_boundary : delta < 1 - Real.exp (-↑epoch)) (energy_nonneg : 0 ≤ energy) :
  ∀ᶠ (extra : ℕ) in Filter.atTop,
    Mf.DP.poissonFixedEpochTotalAverageVariance (Mf.DP.PoissonFixedEpochPoint.fullBatch epoch epoch_pos) sensitivity
        epsilon delta energy <
      Mf.DP.poissonFixedEpochTotalAverageVariance (Mf.DP.PoissonFixedEpochPoint.ofExtra epoch epoch_pos extra)
        sensitivity epsilon delta energy
info: Mf/DP/PoissonFixedEpochLargeBatchOptimalityAudit.lean:30:0: Mf.DP.eventually_poissonFixedEpoch_fullBatch_lt_totalAverageVariance_uniform_energy (epoch : ℕ) (epoch_pos : 0 < epoch)
  (sensitivity epsilon delta : ℝ) (sensitivity_pos : 0 < sensitivity) (epsilon_nonneg : 0 ≤ epsilon)
  (delta_pos : 0 < delta) (delta_lt_boundary : delta < 1 - Real.exp (-↑epoch)) :
  ∀ᶠ (extra : ℕ) in Filter.atTop,
    ∀ (energy : ℝ),
      0 ≤ energy →
        Mf.DP.poissonFixedEpochTotalAverageVariance (Mf.DP.PoissonFixedEpochPoint.fullBatch epoch epoch_pos) sensitivity
            epsilon delta energy <
          Mf.DP.poissonFixedEpochTotalAverageVariance (Mf.DP.PoissonFixedEpochPoint.ofExtra epoch epoch_pos extra)
            sensitivity epsilon delta energy
info: Mf/DP/PoissonFixedEpochLargeBatchOptimalityAudit.lean:31:0: Mf.DP.eventually_poissonFixedEpochCalibratedEnergyThreshold_eq_zero (epoch : ℕ) (epoch_pos : 0 < epoch)
  (sensitivity epsilon delta : ℝ) (sensitivity_pos : 0 < sensitivity) (epsilon_nonneg : 0 ≤ epsilon)
  (delta_pos : 0 < delta) (delta_lt_boundary : delta < 1 - Real.exp (-↑epoch)) :
  ∀ᶠ (extra : ℕ) in Filter.atTop,
    Mf.DP.poissonFixedEpochCalibratedEnergyThreshold (Mf.DP.PoissonFixedEpochPoint.ofExtra epoch epoch_pos extra)
        sensitivity epsilon delta sensitivity_pos epsilon_nonneg delta_pos ⋯ =
      0
info: Mf/DP/PoissonFixedEpochLargeBatchOptimalityAudit.lean:33:0: Mf.DP.variance_sampledGaussianOutputSumReferenceLaw_fixedEpoch (point : Mf.DP.PoissonFixedEpochPoint)
  (runVariance : NNReal) :
  ProbabilityTheory.variance (fun sample ↦ sample)
      ↑(Mf.DP.sampledGaussianOutputSumReferenceLaw point.horizon
          (Mf.DP.poissonFixedEpochRawNoiseVariance point runVariance)) =
    ↑point.epoch ^ 2 * ↑runVariance
info: Mf/DP/PoissonFixedEpochLargeBatchOptimalityAudit.lean:34:0: Mf.DP.poissonFixedEpochActiveCountMean_eq_epoch (point : Mf.DP.PoissonFixedEpochPoint) :
  Mf.DP.poissonFixedEpochActiveCountMean point = ↑point.epoch
info: Mf/DP/PoissonFixedEpochLargeBatchOptimalityAudit.lean:35:0: Mf.DP.poissonFixedEpoch_fullBatch_activeCount_eq_epoch_of_prob_ne_zero (epoch : ℕ) (epoch_pos : 0 < epoch)
  (trace : Mf.DP.ParticipationTrace epoch)
  (hTrace : Mf.DP.poissonTraceProb (↑(Mf.DP.PoissonFixedEpochPoint.fullBatch epoch epoch_pos).samplingRate) trace ≠ 0) :
  Mf.DP.participationCount trace = epoch
info: Mf/DP/PoissonFixedEpochLargeBatchOptimalityAudit.lean:37:0: Mf.DP.poissonFixedEpochFullBatchRenyiPower_le (point : Mf.DP.PoissonFixedEpochPoint) (order : ℕ)
  (sensitivity runVariance : ℝ) (order_ge_two : 2 ≤ order) (runVariance_pos : 0 < runVariance) :
  Mf.DP.poissonFixedEpochFullBatchRenyiPower order sensitivity runVariance ≤
    Mf.DP.poissonFixedEpochForwardRenyiPower point order sensitivity runVariance
info: Mf/DP/PoissonFixedEpochLargeBatchOptimalityAudit.lean:38:0: Mf.DP.poissonFixedEpochFullBatchRenyiPower_lt (point : Mf.DP.PoissonFixedEpochPoint) (order : ℕ)
  (sensitivity runVariance : ℝ) (order_ge_two : 2 ≤ order) (sensitivity_pos : 0 < sensitivity)
  (runVariance_pos : 0 < runVariance) (horizon_gt_epoch : point.epoch < point.horizon) :
  Mf.DP.poissonFixedEpochFullBatchRenyiPower order sensitivity runVariance <
    Mf.DP.poissonFixedEpochForwardRenyiPower point order sensitivity runVariance
info: Mf/DP/PoissonFixedEpochLargeBatchOptimalityAudit.lean:39:0: Mf.DP.poissonFixedEpochFullBatchRenyiPower_two_le (point : Mf.DP.PoissonFixedEpochPoint) (sensitivity runVariance : ℝ)
  (runVariance_pos : 0 < runVariance) :
  Mf.DP.poissonFixedEpochFullBatchRenyiPower 2 sensitivity runVariance ≤
    Mf.DP.poissonFixedEpochForwardRenyiPower point 2 sensitivity runVariance
info: Mf/DP/PoissonFixedEpochLargeBatchOptimalityAudit.lean:40:0: Mf.DP.poissonFixedEpochFullBatchRenyiCost_le (point : Mf.DP.PoissonFixedEpochPoint) (order : ℕ)
  (sensitivity runVariance : ℝ) (order_ge_two : 2 ≤ order) (runVariance_pos : 0 < runVariance) :
  Mf.DP.poissonFixedEpochFullBatchRenyiCost order sensitivity runVariance ≤
    Mf.DP.poissonFixedEpochForwardRenyiCost point order sensitivity runVariance
info: Mf/DP/PoissonFixedEpochLargeBatchOptimalityAudit.lean:41:0: Mf.DP.poissonFixedEpochFullBatchRenyiCost_lt (point : Mf.DP.PoissonFixedEpochPoint) (order : ℕ)
  (sensitivity runVariance : ℝ) (order_ge_two : 2 ≤ order) (sensitivity_pos : 0 < sensitivity)
  (runVariance_pos : 0 < runVariance) (horizon_gt_epoch : point.epoch < point.horizon) :
  Mf.DP.poissonFixedEpochFullBatchRenyiCost order sensitivity runVariance <
    Mf.DP.poissonFixedEpochForwardRenyiCost point order sensitivity runVariance
info: Mf/DP/PoissonFixedEpochLargeBatchOptimalityAudit.lean:42:0: Mf.DP.poissonFixedEpochFullBatchRenyiCost_le_budget_of_point (point : Mf.DP.PoissonFixedEpochPoint) (order : ℕ)
  (sensitivity runVariance budget : ℝ) (order_ge_two : 2 ≤ order) (runVariance_pos : 0 < runVariance)
  (hBudget : Mf.DP.poissonFixedEpochForwardRenyiCost point order sensitivity runVariance ≤ budget) :
  Mf.DP.poissonFixedEpochFullBatchRenyiCost order sensitivity runVariance ≤ budget
info: Mf/DP/PoissonFixedEpochLargeBatchOptimalityAudit.lean:43:0: Mf.DP.poissonFixedEpochForwardRenyiPower_fullBatch (epoch : ℕ) (epoch_pos : 0 < epoch) (order : ℕ)
  (sensitivity runVariance : ℝ) (runVariance_pos : 0 < runVariance) :
  Mf.DP.poissonFixedEpochForwardRenyiPower (Mf.DP.PoissonFixedEpochPoint.fullBatch epoch epoch_pos) order sensitivity
      runVariance =
    Mf.DP.poissonFixedEpochFullBatchRenyiPower order sensitivity runVariance
info: Mf/DP/PoissonFixedEpochLargeBatchOptimalityAudit.lean:45:0: Mf.DP.poissonFixedEpochEnergyThreshold (point : Mf.DP.PoissonFixedEpochPoint)
  (pointPrivacyVariance fullBatchPrivacyVariance : ℝ) : ℝ
info: Mf/DP/PoissonFixedEpochLargeBatchOptimalityAudit.lean:46:0: Mf.DP.fullBatchPrivacyVariance_le_sampling_add_of_energyThreshold (point : Mf.DP.PoissonFixedEpochPoint)
  (pointPrivacyVariance fullBatchPrivacyVariance energy : ℝ) (horizon_gt_epoch : point.epoch < point.horizon)
  (hEnergy : Mf.DP.poissonFixedEpochEnergyThreshold point pointPrivacyVariance fullBatchPrivacyVariance ≤ energy) :
  fullBatchPrivacyVariance ≤ Mf.DP.poissonFixedEpochSamplingVariance point energy + pointPrivacyVariance
info: Mf/DP/PoissonFixedEpochLargeBatchOptimalityAudit.lean:47:0: Mf.DP.fullBatchPrivacyVariance_le_sampling_add_iff_energyThreshold (point : Mf.DP.PoissonFixedEpochPoint)
  (pointPrivacyVariance fullBatchPrivacyVariance energy : ℝ) (horizon_gt_epoch : point.epoch < point.horizon)
  (energy_nonneg : 0 ≤ energy) :
  fullBatchPrivacyVariance ≤ Mf.DP.poissonFixedEpochSamplingVariance point energy + pointPrivacyVariance ↔
    Mf.DP.poissonFixedEpochEnergyThreshold point pointPrivacyVariance fullBatchPrivacyVariance ≤ energy
info: Mf/DP/PoissonFixedEpochLargeBatchOptimalityAudit.lean:48:0: Mf.DP.poissonFixedEpoch_fullBatch_totalVariance_le_of_energyThreshold (point : Mf.DP.PoissonFixedEpochPoint)
  (sensitivity epsilon delta energy : ℝ) (sensitivity_pos : 0 < sensitivity) (epsilon_nonneg : 0 ≤ epsilon)
  (delta_pos : 0 < delta) (delta_lt_one : delta < 1) (horizon_gt_epoch : point.epoch < point.horizon)
  (hEnergy :
    Mf.DP.poissonFixedEpochCalibratedEnergyThreshold point sensitivity epsilon delta sensitivity_pos epsilon_nonneg
        delta_pos delta_lt_one ≤
      energy) :
  Mf.DP.poissonFixedEpochTotalAverageVariance (Mf.DP.PoissonFixedEpochPoint.fullBatch point.epoch ⋯) sensitivity epsilon
      delta energy ≤
    Mf.DP.poissonFixedEpochTotalAverageVariance point sensitivity epsilon delta energy
info: Mf/DP/PoissonFixedEpochLargeBatchOptimalityAudit.lean:49:0: Mf.DP.poissonFixedEpoch_fullBatch_totalVariance_le_iff_energyThreshold (point : Mf.DP.PoissonFixedEpochPoint)
  (sensitivity epsilon delta energy : ℝ) (sensitivity_pos : 0 < sensitivity) (epsilon_nonneg : 0 ≤ epsilon)
  (delta_pos : 0 < delta) (delta_lt_one : delta < 1) (horizon_gt_epoch : point.epoch < point.horizon)
  (energy_nonneg : 0 ≤ energy) :
  Mf.DP.poissonFixedEpochTotalAverageVariance (Mf.DP.PoissonFixedEpochPoint.fullBatch point.epoch ⋯) sensitivity epsilon
        delta energy ≤
      Mf.DP.poissonFixedEpochTotalAverageVariance point sensitivity epsilon delta energy ↔
    Mf.DP.poissonFixedEpochCalibratedEnergyThreshold point sensitivity epsilon delta sensitivity_pos epsilon_nonneg
        delta_pos delta_lt_one ≤
      energy
info: Mf/DP/PoissonFixedEpochLargeBatchOptimalityAudit.lean:50:0: Mf.DP.fullBatchPrivacyVariance_le_sampling_add_of_certified_lower (point : Mf.DP.PoissonFixedEpochPoint)
  (certifiedLower pointPrivacyVariance fullBatchPrivacyVariance energy : ℝ)
  (horizon_gt_epoch : point.epoch < point.horizon) (hCertified : certifiedLower ≤ pointPrivacyVariance)
  (hEnergy : Mf.DP.poissonFixedEpochEnergyThreshold point certifiedLower fullBatchPrivacyVariance ≤ energy) :
  fullBatchPrivacyVariance ≤ Mf.DP.poissonFixedEpochSamplingVariance point energy + pointPrivacyVariance
info: Mf/DP/PoissonFixedEpochLargeBatchOptimalityAudit.lean:51:0: Mf.DP.poissonFixedEpoch_totalVariance_lt_fullBatch_of_certified_upper (point : Mf.DP.PoissonFixedEpochPoint)
  (sensitivity epsilon delta energy certifiedUpper : ℝ) (sensitivity_pos : 0 < sensitivity)
  (epsilon_nonneg : 0 ≤ epsilon) (delta_pos : 0 < delta) (delta_lt_one : delta < 1)
  (hCertified : Mf.DP.poissonFixedEpochCalibratedPrivacyVariance point sensitivity epsilon delta ≤ certifiedUpper)
  (hStrict :
    Mf.DP.poissonFixedEpochSamplingVariance point energy + certifiedUpper <
      Mf.DP.fullBatchGaussianBaseStddev sensitivity epsilon delta sensitivity_pos epsilon_nonneg delta_pos
          delta_lt_one ^
        2) :
  Mf.DP.poissonFixedEpochTotalAverageVariance point sensitivity epsilon delta energy <
    Mf.DP.poissonFixedEpochTotalAverageVariance (Mf.DP.PoissonFixedEpochPoint.fullBatch point.epoch ⋯) sensitivity
      epsilon delta energy
info: Mf/DP/PoissonFixedEpochLargeBatchOptimalityAudit.lean:52:0: Mf.DP.poissonFixedEpoch_totalVariance_interval_of_calibratedStddev_interval (point : Mf.DP.PoissonFixedEpochPoint)
  (sensitivity epsilon delta energy : ℝ) (lowerCandidate upperCandidate : NNReal)
  (hLower : lowerCandidate ≤ Mf.DP.poissonFixedEpochCalibratedStddev point sensitivity epsilon delta)
  (hUpper : Mf.DP.poissonFixedEpochCalibratedStddev point sensitivity epsilon delta ≤ upperCandidate) :
  Mf.DP.poissonFixedEpochTotalAverageVarianceOfStddev point energy ↑lowerCandidate ≤
      Mf.DP.poissonFixedEpochTotalAverageVariance point sensitivity epsilon delta energy ∧
    Mf.DP.poissonFixedEpochTotalAverageVariance point sensitivity epsilon delta energy ≤
      Mf.DP.poissonFixedEpochTotalAverageVarianceOfStddev point energy ↑upperCandidate
info: Mf/DP/PoissonFixedEpochLargeBatchOptimalityAudit.lean:54:0: Mf.DP.sampledGaussian_calibration_interval_of_replayed_finiteBracket_certificate
  (certificate : Mf.DP.SampledGaussianFiniteBracketCertificate)
  (squareRoots : Mf.DP.SampledGaussianFiniteBracketSquareRootReplayEvidence certificate)
  (hLower : certificate.domain.delta < (Mf.DP.sampledGaussianFiniteBracketLowerWitnessEvidence certificate).lower)
  (hUpper :
    (Mf.DP.sampledGaussianFiniteBracketBinaryUpperEvidence certificate squareRoots).upper ≤ certificate.domain.delta) :
  certificate.domain.lowerCandidate ≤
      Mf.DP.sampledGaussianCalibratedStddev certificate.domain.horizon certificate.domain.samplingRate ⋯
        certificate.domain.sensitivity certificate.domain.epsilon certificate.domain.delta ∧
    Mf.DP.sampledGaussianCalibratedStddev certificate.domain.horizon certificate.domain.samplingRate ⋯
        certificate.domain.sensitivity certificate.domain.epsilon certificate.domain.delta ≤
      certificate.domain.upperCandidate
info: Mf/DP/PoissonFixedEpochLargeBatchOptimalityAudit.lean:55:0: Mf.DP.poissonFixedEpoch_one_delta_four_fifths_zeroNoise_separation :
  Mf.DP.sampledGaussianProductProfileStddev 2 (1 / 2) ⋯ 1 0 0 ≤ ENNReal.ofReal (4 / 5) ∧
    ¬Mf.DP.sampledGaussianProductProfileStddev 1 1 ⋯ 1 0 0 ≤ ENNReal.ofReal (4 / 5)
info: Mf/DP/PoissonFixedEpochLargeBatchOptimalityAudit.lean:56:0: Mf.DP.poissonFixedEpoch_one_two_calibratedStddev_eq_zero :
  Mf.DP.poissonFixedEpochCalibratedStddev (Mf.DP.PoissonFixedEpochPoint.ofExtra 1 ⋯ 1) 1 0 (4 / 5) = 0
info: Mf/DP/PoissonFixedEpochLargeBatchOptimalityAudit.lean:57:0: Mf.DP.poissonFixedEpoch_one_two_totalVariance_lt_fullBatch_of_energy_lt (energy : ℝ) (_energy_nonneg : 0 ≤ energy)
  (energy_lt : energy < 2 * Mf.DP.fullBatchGaussianBaseStddev 1 0 (4 / 5) ⋯ ⋯ ⋯ ⋯ ^ 2) :
  Mf.DP.poissonFixedEpochTotalAverageVariance (Mf.DP.PoissonFixedEpochPoint.ofExtra 1 ⋯ 1) 1 0 (4 / 5) energy <
    Mf.DP.poissonFixedEpochTotalAverageVariance (Mf.DP.PoissonFixedEpochPoint.fullBatch 1 ⋯) 1 0 (4 / 5) energy
info: Mf/DP/PoissonFixedEpochLargeBatchOptimalityAudit.lean:59:0: 'Mf.DP.PoissonFixedEpochPoint.horizon_mul_samplingRate' depends on axioms: [propext, Classical.choice, Quot.sound]
info: Mf/DP/PoissonFixedEpochLargeBatchOptimalityAudit.lean:60:0: 'Mf.DP.PoissonFixedEpochPoint.samplingRate_eq_one_iff' depends on axioms: [propext, Classical.choice, Quot.sound]
info: Mf/DP/PoissonFixedEpochLargeBatchOptimalityAudit.lean:61:0: 'Mf.DP.poissonFixedEpochTotalAverageVariance_fullBatch_eq_base_sq' depends on axioms: [propext,
 Classical.choice,
 Quot.sound]
info: Mf/DP/PoissonFixedEpochLargeBatchOptimalityAudit.lean:62:0: 'Mf.DP.tendsto_poissonFixedEpochCalibratedStddev_smallRate_ratio_one' depends on axioms: [propext,
 Classical.choice,
 Quot.sound]
info: Mf/DP/PoissonFixedEpochLargeBatchOptimalityAudit.lean:63:0: 'Mf.DP.tendsto_poissonFixedEpochCalibratedStddev_zero' depends on axioms: [propext, Classical.choice, Quot.sound]
info: Mf/DP/PoissonFixedEpochLargeBatchOptimalityAudit.lean:64:0: 'Mf.DP.tendsto_poissonFixedEpochPrivacyVariance_atTop' depends on axioms: [propext, Classical.choice, Quot.sound]
info: Mf/DP/PoissonFixedEpochLargeBatchOptimalityAudit.lean:65:0: 'Mf.DP.tendsto_poissonFixedEpochPrivacyVariance_div_leadingTerm_one' depends on axioms: [propext,
 Classical.choice,
 Quot.sound]
info: Mf/DP/PoissonFixedEpochLargeBatchOptimalityAudit.lean:66:0: 'Mf.DP.tendsto_poissonFixedEpochTotalAverageVariance_atTop' depends on axioms: [propext, Classical.choice, Quot.sound]
info: Mf/DP/PoissonFixedEpochLargeBatchOptimalityAudit.lean:67:0: 'Mf.DP.tendsto_poissonFixedEpochTotalAverageVariance_div_leadingTerm_one' depends on axioms: [propext,
 Classical.choice,
 Quot.sound]
info: Mf/DP/PoissonFixedEpochLargeBatchOptimalityAudit.lean:68:0: 'Mf.DP.eventually_poissonFixedEpoch_fullBatch_lt_totalAverageVariance' depends on axioms: [propext,
 Classical.choice,
 Quot.sound]
info: Mf/DP/PoissonFixedEpochLargeBatchOptimalityAudit.lean:69:0: 'Mf.DP.eventually_poissonFixedEpoch_fullBatch_lt_totalAverageVariance_uniform_energy' depends on axioms: [propext,
 Classical.choice,
 Quot.sound]
info: Mf/DP/PoissonFixedEpochLargeBatchOptimalityAudit.lean:70:0: 'Mf.DP.eventually_poissonFixedEpochCalibratedEnergyThreshold_eq_zero' depends on axioms: [propext,
 Classical.choice,
 Quot.sound]
info: Mf/DP/PoissonFixedEpochLargeBatchOptimalityAudit.lean:71:0: 'Mf.DP.variance_sampledGaussianOutputSumReferenceLaw_fixedEpoch' depends on axioms: [propext,
 Classical.choice,
 Quot.sound]
info: Mf/DP/PoissonFixedEpochLargeBatchOptimalityAudit.lean:72:0: 'Mf.DP.poissonFixedEpochActiveCountMean_eq_epoch' depends on axioms: [propext, Classical.choice, Quot.sound]
info: Mf/DP/PoissonFixedEpochLargeBatchOptimalityAudit.lean:73:0: 'Mf.DP.poissonFixedEpoch_fullBatch_activeCount_eq_epoch_of_prob_ne_zero' depends on axioms: [propext,
 Classical.choice,
 Quot.sound]
info: Mf/DP/PoissonFixedEpochLargeBatchOptimalityAudit.lean:74:0: 'Mf.DP.poissonFixedEpochFullBatchRenyiPower_le' depends on axioms: [propext, Classical.choice, Quot.sound]
info: Mf/DP/PoissonFixedEpochLargeBatchOptimalityAudit.lean:75:0: 'Mf.DP.poissonFixedEpochFullBatchRenyiPower_lt' depends on axioms: [propext, Classical.choice, Quot.sound]
info: Mf/DP/PoissonFixedEpochLargeBatchOptimalityAudit.lean:76:0: 'Mf.DP.poissonFixedEpochFullBatchRenyiPower_two_le' depends on axioms: [propext, Classical.choice, Quot.sound]
info: Mf/DP/PoissonFixedEpochLargeBatchOptimalityAudit.lean:77:0: 'Mf.DP.poissonFixedEpochFullBatchRenyiCost_le' depends on axioms: [propext, Classical.choice, Quot.sound]
info: Mf/DP/PoissonFixedEpochLargeBatchOptimalityAudit.lean:78:0: 'Mf.DP.poissonFixedEpochFullBatchRenyiCost_lt' depends on axioms: [propext, Classical.choice, Quot.sound]
info: Mf/DP/PoissonFixedEpochLargeBatchOptimalityAudit.lean:79:0: 'Mf.DP.poissonFixedEpochFullBatchRenyiCost_le_budget_of_point' depends on axioms: [propext,
 Classical.choice,
 Quot.sound]
info: Mf/DP/PoissonFixedEpochLargeBatchOptimalityAudit.lean:80:0: 'Mf.DP.poissonFixedEpochForwardRenyiPower_fullBatch' depends on axioms: [propext, Classical.choice, Quot.sound]
info: Mf/DP/PoissonFixedEpochLargeBatchOptimalityAudit.lean:81:0: 'Mf.DP.fullBatchPrivacyVariance_le_sampling_add_of_energyThreshold' depends on axioms: [propext,
 Classical.choice,
 Quot.sound]
info: Mf/DP/PoissonFixedEpochLargeBatchOptimalityAudit.lean:82:0: 'Mf.DP.fullBatchPrivacyVariance_le_sampling_add_iff_energyThreshold' depends on axioms: [propext,
 Classical.choice,
 Quot.sound]
info: Mf/DP/PoissonFixedEpochLargeBatchOptimalityAudit.lean:83:0: 'Mf.DP.poissonFixedEpoch_fullBatch_totalVariance_le_of_energyThreshold' depends on axioms: [propext,
 Classical.choice,
 Quot.sound]
info: Mf/DP/PoissonFixedEpochLargeBatchOptimalityAudit.lean:84:0: 'Mf.DP.poissonFixedEpoch_fullBatch_totalVariance_le_iff_energyThreshold' depends on axioms: [propext,
 Classical.choice,
 Quot.sound]
info: Mf/DP/PoissonFixedEpochLargeBatchOptimalityAudit.lean:85:0: 'Mf.DP.fullBatchPrivacyVariance_le_sampling_add_of_certified_lower' depends on axioms: [propext,
 Classical.choice,
 Quot.sound]
info: Mf/DP/PoissonFixedEpochLargeBatchOptimalityAudit.lean:86:0: 'Mf.DP.poissonFixedEpoch_totalVariance_lt_fullBatch_of_certified_upper' depends on axioms: [propext,
 Classical.choice,
 Quot.sound]
info: Mf/DP/PoissonFixedEpochLargeBatchOptimalityAudit.lean:87:0: 'Mf.DP.poissonFixedEpoch_totalVariance_interval_of_calibratedStddev_interval' depends on axioms: [propext,
 Classical.choice,
 Quot.sound]
info: Mf/DP/PoissonFixedEpochLargeBatchOptimalityAudit.lean:88:0: 'Mf.DP.sampledGaussian_calibration_interval_of_replayed_finiteBracket_certificate' depends on axioms: [propext,
 Classical.choice,
 Quot.sound]
info: Mf/DP/PoissonFixedEpochLargeBatchOptimalityAudit.lean:89:0: 'Mf.DP.poissonFixedEpoch_one_delta_four_fifths_zeroNoise_separation' depends on axioms: [propext,
 Classical.choice,
 Quot.sound]
info: Mf/DP/PoissonFixedEpochLargeBatchOptimalityAudit.lean:90:0: 'Mf.DP.poissonFixedEpoch_one_two_calibratedStddev_eq_zero' depends on axioms: [propext, Classical.choice, Quot.sound]
info: Mf/DP/PoissonFixedEpochLargeBatchOptimalityAudit.lean:91:0: 'Mf.DP.poissonFixedEpoch_one_two_totalVariance_lt_fullBatch_of_energy_lt' depends on axioms: [propext,
 Classical.choice,
 Quot.sound]
info: Mf/DP/PoissonFixedEpochLargeBatchOptimalityAudit.lean:93:0: Mf.DP.tendsto_poissonFixedEpochCalibratedStddev_offset (epoch : ℕ) (epoch_pos : 0 < epoch)
  (sensitivity epsilon delta : ℝ) (sensitivity_pos : 0 < sensitivity) (epsilon_nonneg : 0 ≤ epsilon)
  (delta_pos : 0 < delta) (delta_lt_boundary : delta < 1 - Real.exp (-↑epoch)) :
  Filter.Tendsto
    (fun extra ↦
      sensitivity /
          ↑(Mf.DP.poissonFixedEpochCalibratedStddev (Mf.DP.PoissonFixedEpochPoint.ofExtra epoch epoch_pos extra)
              sensitivity epsilon delta) -
        √(2 * Real.log ↑(epoch + extra)))
    Filter.atTop (nhds (Mf.DP.standardNormalQuantile (-Real.log (1 - delta) / ↑epoch)))
info: Mf/DP/PoissonFixedEpochLargeBatchOptimalityAudit.lean:94:0: 'Mf.DP.tendsto_poissonFixedEpochCalibratedStddev_offset' depends on axioms: [propext, Classical.choice, Quot.sound]
Build completed successfully (8883 jobs).
